corpus_order,paper_id,inspire_id,year,title,authors,document_type,arxiv_ids,dois,report_numbers,inspire_url,pilot_included,pilot_order,pilot_series,full_text_status,local_pdf_path,local_pdf_relative_path,local_pdf_filename,local_pdf_bytes,local_pdf_pages,sha256,source_manifest_sha256,hash_verification,pdf_source,pdf_source_url,alternate_local_artifact_count,alternate_local_artifact_paths,multiple_arxiv_artifacts,duplicate_record_of,record_flags,retrieval_errors
1,inspire:115597,115597,1976,Delta I = 1/2 Rule in the Weinberg-Salam Model,"Gates, S.J.",article,,10.1103/PhysRevD.14.3227,,https://inspirehep.net/literature/115597,false,,,metadata_only,,,,,,,,,,,0,,false,,,APS publisher: HTTP 403 | DOI content negotiation: HTTP 403
2,inspire:108473,108473,1976,Gauging a Pseudosymmetry,"Gates, S.James, Jr.",article,,10.1103/PhysRevD.14.1357,MIT-CTP-528,https://inspirehep.net/literature/108473,false,,,metadata_only,,,,,,,,,,,0,,false,,,APS publisher: HTTP 403 | DOI content negotiation: HTTP 403
3,inspire:111455,111455,1976,Spinor Yang-Mills Superfields,"Gates, S. James, Jr.",article,,10.1103/PhysRevD.16.1727,MIT-CTP-583,https://inspirehep.net/literature/111455,false,,,metadata_only,,,,,,,,,,,0,,false,,,APS publisher: HTTP 403 | DOI content negotiation: HTTP 403
4,inspire:119079,119079,1977,A Note on the Geometry of Global Supersymmetry,"Gates, S. James, Jr.",article,,,MIT-CTP-604,https://inspirehep.net/literature/119079,false,,,metadata_only,,,,,,,,,,,0,,false,,,
5,inspire:119503,119503,1977,On the Geometry of Superspace,"Gates, S. James, Jr.",article,,,MIT-CTP-621,https://inspirehep.net/literature/119503,false,,,metadata_only,,,,,,,,,,,0,,false,,,
6,inspire:121291,121291,1977,On the Geometry of Superspace and Local Supersymmetry. 1.,"Gates, S.James, Jr.",article,,10.1103/PhysRevD.17.3188,MIT-CTP-663,https://inspirehep.net/literature/121291,false,,,metadata_only,,,,,,,,,,,0,,false,,,APS publisher: HTTP 403 | DOI content negotiation: HTTP 403
7,inspire:119080,119080,1977,Supersymmetry and Yang-Mills Invariance in (1+1)-Dimensions,"Gates, S.James, Jr.",article,,,MIT-CTP-605,https://inspirehep.net/literature/119080,false,,,metadata_only,,,,,,,,,,,0,,false,,,
8,inspire:129105,129105,1978,A NOTE ON THE GEOMETRY OF LOCAL SUPERSYMMETRY,"Gates, S.James, Jr.",article,,,HUTP-78/A001,https://inspirehep.net/literature/129105,false,,,metadata_only,,,,,,,,,,,0,,false,,,
9,inspire:129790,129790,1978,Local Supersymmetry in Superspace,"Gates, S.James, Jr. | Shapiro, Joel A.",article,,10.1103/PhysRevD.18.2768,MIT-CTP-709,https://inspirehep.net/literature/129790,false,,,metadata_only,,,,,,,,,,,0,,false,,,APS publisher: HTTP 403 | DOI content negotiation: HTTP 403
10,inspire:130840,130840,1978,ON THE GEOMETRY OF SUPERSPACE AND LOCAL SUPERSYMMETRY. 2.,"Gates, S.James, Jr.",article,,,HUTP-78/A028,https://inspirehep.net/literature/130840,false,,,metadata_only,,,,,,,,,,,0,,false,,,
11,inspire:6893,6893,1978,Superfield Supergravity,"Siegel, Warren | Gates, S.James, Jr.",article,,10.1016/0550-3213(79)90416-4,HUTP-78/A019,https://inspirehep.net/literature/6893,false,,,metadata_only,,,,,,,,,,,0,,false,,,DOI content negotiation: not PDF (text/html;charset=UTF-8)
12,inspire:143334,143334,1979,'SUPERCONFORMAL' SYMMETRY BREAKDOWN AS A GUIDE TO SUPERGRAVITY CONSTRAINTS,"Gates, S.James, Jr.",conference paper,,,HUTP-79-A069,https://inspirehep.net/literature/143334,false,,,metadata_only,,,,,,,,,,,0,,false,,,
13,inspire:141844,141844,1979,"(3/2, 1) Superfield of O(2) Supergravity","Gates, S.James, Jr. | Siegel, W.",article,,10.1016/0550-3213(80)90522-2,HUTP-79/A049,https://inspirehep.net/literature/141844,false,,,metadata_only,,,,,,,,,,,0,,false,,,DOI content negotiation: not PDF (text/html;charset=UTF-8)
14,inspire:140433,140433,1979,A Comment on Superspace Bianchi Identities and Six-dimensional Space-time,"Gates, S.James, Jr.",article,,10.1016/0370-2693(79)90285-5,HUTP-79/A016,https://inspirehep.net/literature/140433,false,,,metadata_only,,,,,,,,,,,0,,false,,,DOI content negotiation: not PDF (text/html;charset=UTF-8)
15,inspire:8700,8700,1979,Algebraic Origins of Superspace Constraints in Supergravity,"Gates, S.James, Jr. | Stelle, K.S. | West, Peter C.",article,,10.1016/0550-3213(80)90037-1,ICTP/79-80/8,https://inspirehep.net/literature/8700,false,,,metadata_only,,,,,,,,,,,0,,false,,,DOI content negotiation: not PDF (text/html;charset=UTF-8)
16,inspire:141077,141077,1979,Superconformal Transformations and Six-dimensional Space-time,"Gates, S.James, Jr.",article,,10.1016/0550-3213(80)90432-0,HUTP-79/A030,https://inspirehep.net/literature/141077,false,,,metadata_only,,,,,,,,,,,0,,false,,,DOI content negotiation: not PDF (text/html;charset=UTF-8)
17,inspire:140015,140015,1979,Superspace Bianchi Identities and the Supercovariant Derivative,"Brown, M. | Gates, S.James, Jr.",article,,10.1016/0003-4916(79)90210-0,HUTP-79/A002,https://inspirehep.net/literature/140015,false,,,metadata_only,,,,,,,,,,,0,,false,,,DOI content negotiation: not PDF (text/html;charset=UTF-8)
18,inspire:143311,143311,1979,Superspace Geometry and N=1 Nonminimal Supergravity,"Brown, M. | Gates, S.James, Jr.",article,,10.1016/0550-3213(80)90043-7,MIT-CTP-811,https://inspirehep.net/literature/143311,false,,,metadata_only,,,,,,,,,,,0,,false,,,DOI content negotiation: not PDF (text/html;charset=UTF-8)
19,inspire:141382,141382,1979,Understanding Constraints in Superspace Formulations of Supergravity,"Gates, S.James, Jr. | Siegel, W.",article,,10.1016/0550-3213(80)90414-9,HUTP-79/A034,https://inspirehep.net/literature/141382,false,,,metadata_only,,,,,,,,,,,0,,false,,,DOI content negotiation: not PDF (text/html;charset=UTF-8)
20,inspire:153598,153598,1980,Another Solution for N=2 Superspace Bianchi Identities,"Gates, S.James, Jr.",article,,10.1016/0370-2693(80)90773-X,HUTP-80/A042,https://inspirehep.net/literature/153598,false,,,metadata_only,,,,,,,,,,,0,,false,,,DOI content negotiation: not PDF (text/html;charset=UTF-8)
21,inspire:9990,9990,1980,SUPER P FORM GAUGE SUPERFIELDS,"Gates, S.James, Jr.",article,,10.1016/0550-3213(81)90225-X,CALT-68-801,https://inspirehep.net/literature/9990,false,,,metadata_only,,,,,,,,,,,0,,false,,,DOI content negotiation: not PDF (text/html;charset=UTF-8)
22,inspire:152626,152626,1980,"Supercovariant Derivatives, Super Weyl Groups, and N=2 Supergravity","Gates, S.James, Jr.",article,,10.1016/0550-3213(80)90459-9,HUTP-80/A011,https://inspirehep.net/literature/152626,false,,,metadata_only,,,,,,,,,,,0,,false,,,DOI content negotiation: not PDF (text/html;charset=UTF-8)
23,inspire:8943,8943,1980,The Constraints for N=2 Superspace From Extended Supergravity in Ordinary Space,"Castellani, L. | van Nieuwenhuizen, P. | Gates, S.J., Jr.",article,,10.1103/PhysRevD.22.2364,ITP-SB-80-09,https://inspirehep.net/literature/8943,false,,,metadata_only,,,,,,,,,,,0,,false,,,APS publisher: HTTP 403 | DOI content negotiation: HTTP 403
24,inspire:9654,9654,1980,Toward an Unextended Superfield Formulation of N=2 Supergravity,"Gates, S.James, Jr.",conference paper,,,HUTP-80/A055,https://inspirehep.net/literature/9654,false,,,metadata_only,,,,,,,,,,,0,,false,,,
25,inspire:9991,9991,1980,VARIANT SUPERFIELD REPRESENTATIONS,"Gates, S.James, Jr. | Siegel, W.",article,,10.1016/0550-3213(81)90281-9,CALT-68-804,https://inspirehep.net/literature/9991,false,,,metadata_only,,,,,,,,,,,0,,false,,,DOI content negotiation: not PDF (text/html;charset=UTF-8)
26,inspire:168955,168955,1981,AUXILIARY FIELD ANOMALIES,"Gates, S.J., Jr. | Grisaru, Marcus T. | Siegel, W.",article,,10.1016/0550-3213(82)90027-X,CALT-68-879,https://inspirehep.net/literature/168955,false,,,metadata_only,,,,,,,,,,,0,,false,,,DOI content negotiation: not PDF (text/html;charset=UTF-8)
27,inspire:166323,166323,1981,LINEARIZED N=2 SUPERFIELD SUPERGRAVITY,"Gates, S.James, Jr. | Siegel, W.",article,,10.1016/0550-3213(82)90047-5,CALT-68-844,https://inspirehep.net/literature/166323,false,,,metadata_only,,,,,,,,,,,0,,false,,,DOI content negotiation: not PDF (text/html;charset=UTF-8)
28,inspire:164904,164904,1981,SUPERPROJECTORS,"Siegel, W. | Gates, S.J., Jr.",article,,10.1016/0550-3213(81)90382-5,Print-81-0284 (CAL TECH) | CALT-68-838,https://inspirehep.net/literature/164904,false,,,metadata_only,,,,,,,,,,,0,,false,,,DOI content negotiation: not PDF (text/html;charset=UTF-8)
29,inspire:168448,168448,1981,Solution to Constraints for n=0 Supergravity,"Gates, S.J., Jr. | Rocek, M. | Siegel, W.",article,,10.1016/0550-3213(82)90548-X,CALT-68-868,https://inspirehep.net/literature/168448,false,,,metadata_only,,,,,,,,,,,0,,false,,,DOI content negotiation: not PDF (text/html;charset=UTF-8)
30,inspire:12561,12561,1982,Consequences of Conformally Covariant Constraints for N > 4 Superspace,"Gates, S.J., Jr. | Grimm, R.",article,,10.1016/0370-2693(83)90558-0,PRINT-82-0696 (MIT),https://inspirehep.net/literature/12561,false,,,metadata_only,,,,,,,,,,,0,,false,,,DOI content negotiation: not PDF (text/html;charset=UTF-8)
31,inspire:12589,12589,1982,GAUGED AND UNGAUGED N=4 SUPERGRAVITIES IN SUPERSPACE,"Gates, S.James, Jr. | Zwiebach, Barton",article,,,CALT-68-943,https://inspirehep.net/literature/12589,false,,,metadata_only,,,,,,,,,,,0,,false,,,
32,inspire:182350,182350,1982,Gauged N=4 Supergravity Theory With a New Scalar Potential,"Gates, S.James, Jr. | Zwiebach, Barton",article,,10.1016/0370-2693(83)90422-7,CALT-68-969,https://inspirehep.net/literature/182350,false,,,metadata_only,,,,,,,,,,,0,,false,,,DOI content negotiation: not PDF (text/html;charset=UTF-8)
33,inspire:11709,11709,1982,On-shell and Conformal N=4 Supergravity in Superspace,"Gates, S.James, Jr.",article,,10.1016/0550-3213(83)90229-8,CALT-68-887,https://inspirehep.net/literature/11709,false,,,metadata_only,,,,,,,,,,,0,,false,,,DOI content negotiation: not PDF (text/html;charset=UTF-8)
34,inspire:191558,191558,1983,N=1 Superspace Components of Extended Supergravity,"Gates, S.J., Jr. | Karlhede, A. | Lindstrom, U. | Rocek, M.",article,,10.1088/0264-9381/1/3/002,Print-83-0710 (STOCKHOLM),https://inspirehep.net/literature/191558,false,,,metadata_only,,,,,,,,,,,0,,false,,,IOP publisher: not PDF (text/html;charset=UTF-8) | DOI content negotiation: not PDF (text/html;charset=UTF-8)
35,inspire:190269,190269,1983,Searching for All N=4 Supergravities With Global SO(4),"Gates, S.James, Jr. | Zwiebach, Barton",article,,10.1016/0550-3213(84)90468-1,CALT-68-1003,https://inspirehep.net/literature/190269,false,,,metadata_only,,,,,,,,,,,0,,false,,,DOI content negotiation: not PDF (text/html;charset=UTF-8)
36,inspire:194744,194744,1983,Superspace Formulation of New Nonlinear Sigma Models,"Gates, S.James, Jr.",article,,10.1016/0550-3213(84)90456-5,IC/83/81,https://inspirehep.net/literature/194744,false,,,metadata_only,,,,,,,,,,,0,,false,,,DOI content negotiation: not PDF (text/html;charset=UTF-8)
37,hep-th/0108200,195126,1983,Superspace Or One Thousand and One Lessons in Supersymmetry,"Gates, S.J. | Grisaru, Marcus T. | Rocek, M. | Siegel, W.",book,hep-th/0108200,,YITP-SB-01-53,https://inspirehep.net/literature/195126,false,,,verified_local_pdf,/Users/brandon/Documents/S_James_Gates_Publications/pdfs/1983_hep-th_0108200_Superspace_Or_One_Thousand_and_One_Lessons_in_Supersymmetry.pdf,pdfs/1983_hep-th_0108200_Superspace_Or_One_Thousand_and_One_Lessons_in_Supersymmetry.pdf,1983_hep-th_0108200_Superspace_Or_One_Thousand_and_One_Lessons_in_Supersymmetry.pdf,3182047,568,3669da125d970d5db9f247b580da3e89f76a9363235910e7f94509eff097ea99,3669da125d970d5db9f247b580da3e89f76a9363235910e7f94509eff097ea99,matched,arXiv,https://arxiv.org/pdf/hep-th/0108200,0,,false,,,
38,inspire:207930,207930,1984,"A Preon Model With Family Replication From a D=6, N=2 Supergravity Theory","Nishino, Hitoshi | Pati, Jogesh C. | Gates, S.James, Jr.",article,,10.1016/0370-2693(85)90410-1,MDDP-PP-85-125,https://inspirehep.net/literature/207930,false,,,metadata_only,,,,,,,,,,,0,,false,,,DOI content negotiation: not PDF (text/html;charset=UTF-8)
39,inspire:14653,14653,1984,N=1 Superspace Geometry of Extended Supergravity,"Gates, S.J., Jr. | Karlhede, A. | Lindstrom, U. | Rocek, M.",article,,10.1016/0550-3213(84)90026-9,ITP-SB-83-54,https://inspirehep.net/literature/14653,false,,,metadata_only,,,,,,,,,,,0,,false,,,DOI content negotiation: not PDF (text/html;charset=UTF-8)
40,inspire:204580,204580,1984,NONMINIMAL N=1 SUPERGRAVITY AND BROKEN GLOBAL SUPERSYMMETRY,"Deo, B.B. | Gates, S.James, Jr.",article,,10.1016/0370-2693(85)90833-0,IC-84-67,https://inspirehep.net/literature/204580,false,,,metadata_only,,,,,,,,,,,0,,false,,,DOI content negotiation: not PDF (text/html;charset=UTF-8)
41,inspire:15327,15327,1984,SUPERSYMMETRIC MATTER GRAVITINO MULTIPLETS,"Gates, S.James, Jr. | Kostelecky, V.Alan",article,,10.1016/0550-3213(84)90612-6,LA-UR-84-1568,https://inspirehep.net/literature/15327,false,,,metadata_only,,,,,,,,,,,0,,false,,,DOI content negotiation: not PDF (text/html;charset=UTF-8)
42,inspire:204714,204714,1984,Supergravity in d=9 and Its Coupling to Noncompact sigma Model,"Gates, S.J., Jr. | Nishino, H. | Sezgin, E.",article,,10.1088/0264-9381/3/1/005,IC-84-105,https://inspirehep.net/literature/204714,false,,,metadata_only,,,,,,,,,,,0,,false,,,IOP publisher: not PDF (text/html;charset=UTF-8) | DOI content negotiation: not PDF (text/html; charset=UTF-8)
43,inspire:202439,202439,1984,"The Spin (3/2, 1) Multiplet and Superspace Geometry","Gates, S.J., Jr. | Grimm, R.",article,,10.1007/BF01551806,LAPP-TH-114,https://inspirehep.net/literature/202439,false,,,metadata_only,,,,,,,,,,,0,,false,,,Springer publisher: not PDF (text/html; charset=utf-8) | Crossref full text: not PDF (text/html; charset=utf-8) | DOI content negotiation: not PDF (text/html; charset=utf-8)
44,inspire:15441,15441,1984,Twisted Multiplets and New Supersymmetric Nonlinear Sigma Models,"Gates, S.J., Jr. | Hull, C.M. | Rocek, M.",article,,10.1016/0550-3213(84)90592-3,ITP-SB-84-53,https://inspirehep.net/literature/15441,false,,,metadata_only,,,,,,,,,,,0,,false,,,DOI content negotiation: not PDF (text/html;charset=UTF-8)
45,inspire:16304,16304,1985,A COMMENT ON THE ELECTROWEAK INTERACTIONS IN GAUGED HIDDEN SYMMETRY NONLINEAR sigma MODELS,"Gates, S.James, Jr. | Stremnitzer, H.",article,,10.1088/0305-4616/13/1/004,MdDP-PP-85-145,https://inspirehep.net/literature/16304,false,,,metadata_only,,,,,,,,,,,0,,false,,,IOP publisher: not PDF (text/html; charset=UTF-8) | DOI content negotiation: not PDF (text/html; charset=UTF-8)
46,inspire:220186,220186,1985,COMMENTS ON NONMINIMAL N=1 SCALAR MULTIPLETS,"Deo, B.B. | Gates, S.J.",article,,10.1016/0550-3213(85)90216-0,,https://inspirehep.net/literature/220186,false,,,metadata_only,,,,,,,,,,,0,,false,,,DOI content negotiation: not PDF (text/html;charset=UTF-8)
47,inspire:217518,217518,1985,"D=2 Superfield Supergravity, Local (Supersymmetry)**2 and Nonlinear sigma Models","Gates, S.James, Jr. | Nishino, H.",conference paper,,10.1088/0264-9381/3/3/013,VPI-HEP-85/1,https://inspirehep.net/literature/217518,false,,,metadata_only,,,,,,,,,,,0,,false,,,IOP publisher: not PDF (text/html; charset=UTF-8) | DOI content negotiation: not PDF (text/html; charset=UTF-8)
48,inspire:221678,221678,1985,Dual Versions of Higher Dimensional Supergravities and Anomaly Cancellations in Lower Dimensions,"Nishino, Hitoshi | Gates, S.James, Jr.",article,,10.1016/0550-3213(86)90258-0,Print-86-0194 (MARYLAND),https://inspirehep.net/literature/221678,false,,,metadata_only,,,,,,,,,,,0,,false,,,DOI content negotiation: not PDF (text/html;charset=UTF-8)
49,inspire:220000,220000,1985,"Manifestly Supersymmetric O ( alpha^ prime) Superstring Corrections in New D=10, N=1 Supergravity Yang-Mills Theory","Gates, S.J., Jr. | Nishino, H.",article,,10.1016/0370-2693(86)91229-3,Print-86-0075 (MARYLAND) | MdDP-PP-86-120,https://inspirehep.net/literature/220000,false,,,metadata_only,,,,,,,,,,,0,,false,,,DOI content negotiation: not PDF (text/html;charset=UTF-8)
50,inspire:218729,218729,1985,"NONPOLYNOMIALITY, PREPOTENTIALS AND SUPERSPACE GEOMETRY","Gates, S.J.",conference paper,,,,https://inspirehep.net/literature/218729,false,,,metadata_only,,,,,,,,,,,0,,false,,,
51,inspire:16413,16413,1985,"New D=10, N=1 Supergravity Coupled to Yang-Mills Supermultiplet and Anomaly Cancellations","Gates, S.James, Jr. | Nishino, Hitoshi",article,,10.1016/0370-2693(85)91537-0,MDDP-PP-85-146,https://inspirehep.net/literature/16413,false,,,metadata_only,,,,,,,,,,,0,,false,,,DOI content negotiation: not PDF (text/html;charset=UTF-8)
52,inspire:212837,212837,1985,Supersymmetry and Geometry in D< 4 Nonlinear sigma Models,"Atkinson, Gary | Chattopadhyay, Utpal | Gates, S.James, Jr.",article,,10.1016/0003-4916(86)90037-0,MDDP-PP-85-128,https://inspirehep.net/literature/212837,false,,,metadata_only,,,,,,,,,,,0,,false,,,DOI content negotiation: not PDF (text/html;charset=UTF-8)
53,inspire:217045,217045,1985,THE GAUGE PRINCIPLE VERSUS THE EQUIVALENCE PRINCIPLE,"Gates, S.J.",conference paper,,,,https://inspirehep.net/literature/217045,false,,,metadata_only,,,,,,,,,,,0,,false,,,
54,inspire:20684,20684,1986,"(1,0) SUPERGRAPHITY","Gates, S.J., Jr. | Grisaru, Marcus T. | Mezincescu, L. | Townsend, P.K.",article,,10.1016/0550-3213(87)90428-7,UTTG-20-86 | BRX-TH-205,https://inspirehep.net/literature/20684,false,,,metadata_only,,,,,,,,,,,0,,false,,,DOI content negotiation: not PDF (text/html;charset=UTF-8)
55,inspire:235678,235678,1986,Calabi-yau Manifold Compactification in Heterotic String and N=1 Supersymmetry in Four-dimensions,"Nishino, Hitoshi | Gates, S.James, Jr.",article,,10.1016/0370-2693(87)91267-6,BRX-TH-217,https://inspirehep.net/literature/235678,false,,,metadata_only,,,,,,,,,,,0,,false,,,DOI content negotiation: not PDF (text/html;charset=UTF-8)
56,inspire:235791,235791,1986,"D = 10, N=2a Supergravity in Superspace","Carr, James L. | Gates, S.James, Jr. | Oerter, Robert N.",article,,10.1016/0370-2693(87)91271-8,UMDEPP-87-107,https://inspirehep.net/literature/235791,false,,,metadata_only,,,,,,,,,,,0,,false,,,DOI content negotiation: not PDF (text/html;charset=UTF-8)
57,inspire:18547,18547,1986,"Euler Characteristics in New D=10, N=1 Superspace Supergravity","Nishino, H. | Gates, S.James, Jr.",article,,10.1016/0550-3213(87)90675-4,MdDP-PP-86-176,https://inspirehep.net/literature/18547,false,,,metadata_only,,,,,,,,,,,0,,false,,,DOI content negotiation: not PDF (text/html;charset=UTF-8)
58,inspire:238147,238147,1986,MANIFESTLY SUPERSYMMETRIC GAUGE FIXING IN D = 2 SUPERGRAVITY THEORIES,"Brooks, Roger | Gates, S.James, Jr.",article,,10.1088/0264-9381/5/2/015,MIT-CTP-1438,https://inspirehep.net/literature/238147,false,,,metadata_only,,,,,,,,,,,0,,false,,,IOP publisher: not PDF (text/html; charset=UTF-8) | DOI content negotiation: not PDF (text/html; charset=UTF-8)
59,inspire:227310,227310,1986,Manifestly Supersymmetric Extensions of (Curvature)**2 Terms in Six-dimensional N=2 Supergravity,"Nishino, H. | Gates, S.J., Jr.",article,,10.1016/0370-2693(86)90407-7,MdDP-PP-86-137,https://inspirehep.net/literature/227310,false,,,metadata_only,,,,,,,,,,,0,,false,,,DOI content negotiation: not PDF (text/html;charset=UTF-8)
60,inspire:237390,237390,1986,"Matter Coupled to D=2 Simple Unidexterous Supergravity, Local (Supersymmetry)**2 and Strings","Brooks, R. | Muhammad, F. | Gates, S.J.",article,,10.1088/0264-9381/3/5/005,,https://inspirehep.net/literature/237390,false,,,metadata_only,,,,,,,,,,,0,,false,,,IOP publisher: not PDF (text/html; charset=UTF-8) | DOI content negotiation: not PDF (text/html; charset=UTF-8)
61,inspire:242031,242031,1986,NEW PROPERTIES OF UNIDEXTEROUS SUPERSYMMETRIC THEORIES,"Gates, S.J.",conference paper,,,,https://inspirehep.net/literature/242031,false,,,metadata_only,,,,,,,,,,,0,,false,,,
62,inspire:17753,17753,1986,"New D=10, N=1 Superspace Supergravity and Local Symmetries of Superstrings","Gates, S.James, Jr. | Nishino, Hitoshi",article,,10.1016/0370-2693(86)91228-1,PRINT-86-0010 (MARYLAND),https://inspirehep.net/literature/17753,false,,,metadata_only,,,,,,,,,,,0,,false,,,DOI content negotiation: not PDF (text/html;charset=UTF-8)
63,inspire:235790,235790,1986,"On D = 10, N=1 Supersymmetry, Superspace Geometry and Superstring Effects. 2.","Gates, S.James, Jr. | Nishino, H.",article,,10.1016/0550-3213(87)90471-8,UMDEPP-87-108,https://inspirehep.net/literature/235790,false,,,metadata_only,,,,,,,,,,,0,,false,,,DOI content negotiation: not PDF (text/html;charset=UTF-8)
64,inspire:230969,230969,1986,"On D=10, N=1 Supersymmetry, Superspace Geometry and Superstring Effects","Gates, S.James, Jr. | Vashakidze, Sh.",article,,10.1016/0550-3213(87)90470-6,MDDP-PP-86-177,https://inspirehep.net/literature/230969,false,,,metadata_only,,,,,,,,,,,0,,false,,,DOI content negotiation: not PDF (text/html;charset=UTF-8)
65,inspire:18959,18959,1986,SUPERSPACE SPINNING STRING SPECTRES,"Brooks, Roger | Gates, S.James, Jr.",article,,10.1016/0550-3213(87)90123-4,"Print-86-1090 (MIT,LNS) | MIT-CTP-1391",https://inspirehep.net/literature/18959,false,,,metadata_only,,,,,,,,,,,0,,false,,,DOI content negotiation: not PDF (text/html;charset=UTF-8)
66,inspire:235592,235592,1986,UNIDEXTEROUS D = 2 SUPERSYMMETRY IN SUPERSPACE. 2. QUANTIZATION,"Brooks, Roger | Gates, S.James, Jr.",article,,10.1016/0370-2693(87)90570-3,MIT-CTP-1401,https://inspirehep.net/literature/235592,false,,,metadata_only,,,,,,,,,,,0,,false,,,DOI content negotiation: not PDF (text/html;charset=UTF-8)
67,inspire:232038,232038,1986,Unidexterous D=2 Supersymmetry in Superspace,"Brooks, R. | Muhammad, F. | Gates, S.J.",article,,10.1016/0550-3213(86)90261-0,,https://inspirehep.net/literature/232038,false,,,metadata_only,,,,,,,,,,,0,,false,,,DOI content negotiation: not PDF (text/html;charset=UTF-8)
68,inspire:243451,243451,1986,Using superspace techniques to construct effective actions for massless string states,"Gates, S.J.",conference paper,,,,https://inspirehep.net/literature/243451,false,,,metadata_only,,,,,,,,,,,0,,false,,,
69,inspire:248012,248012,1987,Extended D=2 Supergravity Theories and Their Lower Superspace Realizations,"Brooks, Roger | Muhammad, Fuad | Gates, S.James, Jr.",article,,10.1088/0264-9381/5/5/012,MIT-CTP-1486,https://inspirehep.net/literature/248012,false,,,metadata_only,,,,,,,,,,,0,,false,,,IOP publisher: not PDF (text/html; charset=UTF-8) | DOI content negotiation: not PDF (text/html; charset=UTF-8)
70,inspire:251286,251286,1987,"Leftons, Rightons, Nonlinear sigma Models, and Superstrings","Gates, S.James, Jr. | Siegel, W.",article,,10.1016/0370-2693(88)90709-5,UMDEPP-88-113,https://inspirehep.net/literature/251286,false,,,metadata_only,,,,,,,,,,,0,,false,,,DOI content negotiation: not PDF (text/html;charset=UTF-8)
71,inspire:250105,250105,1987,MORE FOUR-DIMENSIONAL (SUPER)STRING THEORIES?,"Gates, S.James, Jr.",conference paper,,,Print-87-0789 (MARYLAND),https://inspirehep.net/literature/250105,false,,,metadata_only,,,,,,,,,,,0,,false,,,
72,inspire:247173,247173,1987,NSR BRST,"Brooks, Roger | Gates, S.James, Jr.",article,,10.1016/0550-3213(88)90674-8,MIT-CTP-1485,https://inspirehep.net/literature/247173,false,,,metadata_only,,,,,,,,,,,0,,false,,,DOI content negotiation: not PDF (text/html;charset=UTF-8)
73,inspire:250201,250201,1987,OFF-SHELL BRST INVARIANT SUPERJACOBIANS,"Gates, S.James, Jr.",conference paper,,,Print-87-0807 (MARYLAND),https://inspirehep.net/literature/250201,false,,,metadata_only,,,,,,,,,,,0,,false,,,
74,inspire:255986,255986,1987,"SUPERSTRINGS, COSMOLOGY, COMPOSITE STRUCTURES. PROCEEDINGS, INTERNATIONAL WORKSHOP, COLLEGE PARK, USA, MARCH 11-18, 1987","Gates, S.J. | Mohapatra, R.N.",proceedings,,,,https://inspirehep.net/literature/255986,false,,,metadata_only,,,,,,,,,,,0,,false,,,
75,inspire:248272,248272,1987,UNIDEXTEROUS SUPERCONFORMAL THEORIES,"Gates, S.James, Jr.",conference paper,,,Print-87-0699 (MARYLAND),https://inspirehep.net/literature/248272,false,,,metadata_only,,,,,,,,,,,0,,false,,,
76,inspire:244796,244796,1987,Unidexterous Superspace: The Flax of (Super)strings,"Gates, S.James, Jr. | Brooks, Roger | Muhammad, Fuad",article,,10.1016/0370-2693(87)90765-9,UMDEPP-87-122 | MIT-CTP-1456,https://inspirehep.net/literature/244796,false,,,metadata_only,,,,,,,,,,,0,,false,,,DOI content negotiation: not PDF (text/html;charset=UTF-8)
77,inspire:24554,24554,1988,"Auxiliary Fields for d=2, N=4 Supergravity","Gates, S.J., Jr. | Hassoun, Y. | van Nieuwenhuizen, P.",article,,10.1016/0550-3213(89)90071-0,ITP-SB-88-43 | UMDEPP-89-46,https://inspirehep.net/literature/24554,false,,,metadata_only,,,,,,,,,,,0,,false,,,DOI content negotiation: not PDF (text/html;charset=UTF-8)
78,inspire:261658,261658,1988,"D=10, N=1 Superspace Supergravity and the Lorentz Chern-simons Form","Bellucci, S. | Gates, S.James, Jr.",article,,10.1016/0370-2693(88)90647-8,UMDEPP-88-182 | UCD-88-5,https://inspirehep.net/literature/261658,false,,,metadata_only,,,,,,,,,,,0,,false,,,DOI content negotiation: not PDF (text/html;charset=UTF-8)
79,inspire:264801,264801,1988,Equivalence of Four-dimensional (Supersymmetry)**2 Particle Models,"Gates, S.James, Jr. | Majumdar, Parthasarathi",article,,10.1142/S0217732389000411,UMDEPP-89-48,https://inspirehep.net/literature/264801,false,,,metadata_only,,,,,,,,,,,0,,false,,,World Scientific publisher: HTTP 403 | DOI content negotiation: HTTP 403
80,inspire:266600,266600,1988,"Finiteness of D=4, N=1 Green-schwarz Heterotic sigma Models","Gates, S.James, Jr. | Majumdar, Parthasarathi | Oerter, Robert N. | van de Ven, Anton E.",article,,10.1016/0550-3213(89)90079-5,UMDEPP-89-66,https://inspirehep.net/literature/266600,false,,,metadata_only,,,,,,,,,,,0,,false,,,DOI content negotiation: not PDF (text/html;charset=UTF-8)
81,inspire:267627,267627,1988,Lefton - Righton Formulation of Massless Thirring Models,"Depireux, Didier A. | Gates, S.James, Jr. | Park, Q-Han",article,,10.1016/0370-2693(89)91462-7,UMDEPP-89-82,https://inspirehep.net/literature/267627,false,,,metadata_only,,,,,,,,,,,0,,false,,,DOI content negotiation: not PDF (text/html;charset=UTF-8)
82,inspire:273316,273316,1988,Prepotentials: A Beltrami parametrization of superRiemann surfaces,"Gates, S.J.",conference paper,,,,https://inspirehep.net/literature/273316,false,,,metadata_only,,,,,,,,,,,0,,false,,,
83,inspire:263912,263912,1988,SIMPLIFIED SU(2) SPINNING STRING SUPERSPACE SUPERGRAVITY,"Gates, S.James, Jr. | Lu, Liang | Oerter, Robert N.",article,,10.1016/0370-2693(89)90470-X,UMDEPP-89-28,https://inspirehep.net/literature/263912,false,,,metadata_only,,,,,,,,,,,0,,false,,,DOI content negotiation: not PDF (text/html;charset=UTF-8)
84,inspire:262426,262426,1988,"Superspace Geometry From D=4, N=1 Heterotic Superstrings","Gates, S.James, Jr. | Majumdar, Parthasarathi | Oerter, Robert N. | van de Ven, Anton E.",article,,10.1016/0370-2693(88)90446-7,UMDEPP-88-209,https://inspirehep.net/literature/262426,false,,,metadata_only,,,,,,,,,,,0,,false,,,DOI content negotiation: not PDF (text/html;charset=UTF-8)
85,inspire:265527,265527,1988,"Unidexterous Supergravity, Beltrami Parametrization and BRST Quantization","Gates, S.James, Jr. | Gieres, Francois",article,,10.1016/0550-3213(89)90253-8,UMDEPP-89-52 | BUTP-88/23-BERN,https://inspirehep.net/literature/265527,false,,,metadata_only,,,,,,,,,,,0,,false,,,DOI content negotiation: not PDF (text/html;charset=UTF-8)
86,inspire:283237,283237,1989,"(1,0) Thirring Models and the Coupling of Spin 0 Fields to the Heterotic String","Bellucci, S. | Depireux, D.A. | Gates, S.James, Jr.",article,,10.1016/0370-2693(89)90560-1,LNF-89-061-PT | UMDEPP-89-123,https://inspirehep.net/literature/283237,false,,,metadata_only,,,,,,,,,,,0,,false,,,DOI content negotiation: not PDF (text/html;charset=UTF-8)
87,inspire:278529,278529,1989,"ALGEBRA OF THE LOCAL SYMMETRIES FOR THE D = 4, N=1 GREEN-SCHWARZ SUPERSTRING","Depireux, Didier A. | Gates, S.J., Jr. | Vashakidze, Sh.",article,,,UMDEPP-89-171,https://inspirehep.net/literature/278529,false,,,metadata_only,,,,,,,,,,,0,,false,,,
88,inspire:284288,284288,1989,Calabi-Yau Heterotic Strings and Unidexterous sigma Models,"Gates, S.James, Jr. | Hubsch, Tristan",article,,10.1016/0550-3213(90)90588-5,UTTG-41-89 | UMDEPP-90-092,https://inspirehep.net/literature/284288,false,,,metadata_only,,,,,,,,,,,0,,false,,,DOI content negotiation: not PDF (text/html;charset=UTF-8)
89,inspire:285942,285942,1989,"Does D = 4, N=8 supergravity really know about heterotic strings?","Gates, S.James, Jr. | Nishino, Hitoshi",article,,10.1088/0264-9381/8/5/006,UMDEPP-90-066 | IFP-366-UNC,https://inspirehep.net/literature/285942,false,,,metadata_only,,,,,,,,,,,0,,false,,,IOP publisher: not PDF (text/html; charset=UTF-8) | DOI content negotiation: not PDF (text/html; charset=UTF-8)
90,inspire:277546,277546,1989,"GAUGE TWO FORM IN D = 4, N=4 SUPERGEOMETRY WITH SU(4) SUPERSYMMETRY","Gates, S.James, Jr. | Durachta, J.W.",article,,10.1142/S0217732389002264,UMDEPP-89-120,https://inspirehep.net/literature/277546,false,,,metadata_only,,,,,,,,,,,0,,false,,,World Scientific publisher: HTTP 403 | DOI content negotiation: HTTP 403
91,inspire:284916,284916,1989,Improved Supergeometries for Type II Green-schwarz Nonlinear sigma Model,"Bellucci, S. | Gates, S.James, Jr. | Radak, B. | Vashakidze, Sh.",article,,10.1142/S0217732389002240,LNF-89-049-PT,https://inspirehep.net/literature/284916,false,,,metadata_only,,,,,,,,,,,0,,false,,,World Scientific publisher: HTTP 403 | DOI content negotiation: HTTP 403
92,inspire:277729,277729,1989,Lorentz Covariant Quantization of the Heterotic Superstring,"Gates, S.J., Jr. | Grisaru, Marcus T. | Lindstrom, U. | Rocek, M. | Siegel, W. | van Nieuwenhuizen, P. | van de Ven, A.E.",article,,10.1016/0370-2693(89)91007-1,ITP-SB-89-32,https://inspirehep.net/literature/277729,false,,,metadata_only,,,,,,,,,,,0,,false,,,DOI content negotiation: not PDF (text/html;charset=UTF-8)
93,inspire:290173,290173,1989,Progress toward covariant formulation of all D = 4 GS type sigma model actions,"Gates, S.J.",conference paper,,,,https://inspirehep.net/literature/290173,false,,,metadata_only,,,,,,,,,,,0,,false,,,
94,inspire:279199,279199,1989,Quantum Supersymmetry and the Supergeometry of Four-dimensional Superstrings,"Gates, S.J., Jr. | Howe, Paul S. | Hull, C.M.",article,,10.1016/0370-2693(89)91282-3,CERN-TH/5401/89 | UMDEPP-89-121,https://inspirehep.net/literature/279199,false,,,metadata_only,,,,,,,,,,,0,,false,,,DOI content negotiation: not PDF (text/html;charset=UTF-8)
95,inspire:290028,290028,1989,"Strings '88. Proceedings, Workshop, College Park, USA, May 24-28, 1988","Gates, S.J. | Preitschopf, C.R. | Siegel, W.",proceedings,,,,https://inspirehep.net/literature/290028,false,,,metadata_only,,,,,,,,,,,0,,false,,,
96,inspire:289488,289488,1989,"Strings, superstrings and two-dimensional Lagrangian field theory","Gates, S.J.",article,,,,https://inspirehep.net/literature/289488,false,,,metadata_only,,,,,,,,,,,0,,false,,,
97,inspire:278660,278660,1989,TOWARDS COVARIANTLY QUANTIZED D = 10 TYPE II GREEN-SCHWARZ sigma MODELS,"Depireux, Didier A. | Gates, S.James, Jr. | Majumdar, Parthasarathi | Radak, B. | Vashakidze, Sh.",article,,10.1016/0550-3213(90)90687-9,UMDEPP-89-169,https://inspirehep.net/literature/278660,false,,,metadata_only,,,,,,,,,,,0,,false,,,DOI content negotiation: not PDF (text/html;charset=UTF-8)
98,inspire:290802,290802,1989,"Toward a complete theory of massless effective actions for D = 4, N=1 superstrings","Gates, S.J.",conference paper,,,,https://inspirehep.net/literature/290802,false,,,metadata_only,,,,,,,,,,,0,,false,,,
99,inspire:277291,277291,1989,Unidexterous Locally Supersymmetric Actions for Calabi-yau Compactifications,"Gates, S.James, Jr. | Hubsch, Tristan",article,,10.1016/0370-2693(89)90295-5,UTTG-09-89 | UMDEPP-89-122,https://inspirehep.net/literature/277291,false,,,metadata_only,,,,,,,,,,,0,,false,,,DOI content negotiation: not PDF (text/html;charset=UTF-8)
100,inspire:277349,277349,1989,"Violation of Lorentz Invariance in Type II Green-schwarz Superstrings in Curved D=10, N=2 Superspace","Gates, S.James, Jr. | Majumdar, Parthasarathi | Radak, B. | Vashakidze, Sh.",article,,10.1016/0370-2693(89)91188-X,UMDEPP-89-155,https://inspirehep.net/literature/277349,false,,,metadata_only,,,,,,,,,,,0,,false,,,DOI content negotiation: not PDF (text/html;charset=UTF-8)
101,inspire:282771,282771,1989,"Yes, Leftons for Heterotic Superstrings!","Depireux, D.A. | Gates, S.James, Jr. | Radak, B.",article,,10.1016/0370-2693(90)90375-G,UMDEPP-90-036,https://inspirehep.net/literature/282771,false,,,metadata_only,,,,,,,,,,,0,,false,,,DOI content negotiation: not PDF (text/html;charset=UTF-8)
102,inspire:27090,27090,1990,"Consistent and Universal Inclusion of the Lorentz Chern-Simons Form in D=10, N=1 Supergravity Theories","Bellucci, Stefano | Depireux, Didier A. | Gates, S.James, Jr.",article,,10.1016/0370-2693(90)91741-S,LNF-89-085-PT | UMDEPP-90-076,https://inspirehep.net/literature/27090,false,,,metadata_only,,,,,,,,,,,0,,false,,,DOI content negotiation: not PDF (text/html;charset=UTF-8)
103,inspire:302115,302115,1990,"Realization of space-time conformal symmetry in D = 10, N=1 superspace","Gates, S.James, Jr. | Nishino, Hitoshi",article,,10.1016/0370-2693(91)90737-B,UMDEPP-91-141,https://inspirehep.net/literature/302115,false,,,metadata_only,,,,,,,,,,,0,,false,,,DOI content negotiation: not PDF (text/html;charset=UTF-8)
104,inspire:304832,304832,1990,Unconstrained BRST superfield theories,"Dur, E. | Gates, S.J.",article,,10.1016/0550-3213(90)90583-Y,,https://inspirehep.net/literature/304832,false,,,metadata_only,,,,,,,,,,,0,,false,,,DOI content negotiation: not PDF (text/html;charset=UTF-8)
105,inspire:307983,307983,1990,Unconstrained BRST: A New prototype for covariant string field theory?,"Gates, S.J.",conference paper,,,,https://inspirehep.net/literature/307983,false,,,metadata_only,,,,,,,,,,,0,,false,,,
106,inspire:319046,319046,1991,Chern-Simons theories with supersymmetries in three-dimensions,"Nishino, Hitoshi | Gates, S.James, Jr.",article,,10.1142/S0217751X93001363,UMDEPP-92-060,https://inspirehep.net/literature/319046,false,,,metadata_only,,,,,,,,,,,0,,false,,,World Scientific publisher: HTTP 403 | DOI content negotiation: HTTP 403
107,inspire:314337,314337,1991,"Lagrangian chiral coset construction of heterotic string theories in (1,0) superspace","Gates, S.James, Jr. | Ketov, S.V. | Kuzenko, S.M. | Solovev, O.A.",article,,10.1016/0550-3213(91)90562-C,UMDEPP-91-193,https://inspirehep.net/literature/314337,false,,,metadata_only,,,,,,,,,,,0,,false,,,DOI content negotiation: not PDF (text/html;charset=UTF-8)
108,inspire:315514,315514,1991,"More about the (2,0) supersymmetric WZNW model in (2,0) superspace","Gates, S.James, Jr. | Ketov, Sergay V.",article,,10.1016/0370-2693(91)90100-5,UMDEPP-91-231,https://inspirehep.net/literature/315514,false,,,metadata_only,,,,,,,,,,,0,,false,,,DOI content negotiation: not PDF (text/html;charset=UTF-8)
109,inspire:313879,313879,1991,"On the logical foundations of remarks on the supersymmetrization of the Lorentz Chern-Simons form in D = 10, N=1 supergravity theories","Gates, S.James, Jr.",article,,,UMDEPP-91-187,https://inspirehep.net/literature/313879,false,,,metadata_only,,,,,,,,,,,0,,false,,,
110,inspire:321872,321872,1991,Remarks on the N=2 supersymmetric Chern-Simons theories,"Gates, S.James, Jr. | Nishino, Hitoshi",article,,10.1016/0370-2693(92)90277-B,UMDEPP-92-127,https://inspirehep.net/literature/321872,false,,,metadata_only,,,,,,,,,,,0,,false,,,DOI content negotiation: not PDF (text/html;charset=UTF-8)
111,inspire:315122,315122,1991,The 1st ILK superparticle in 2nd order Lagrangian and backgrounds,"Gates, S.James, Jr. | Nishino, Hitoshi | Oerter, Robert N.",article,,10.1016/0370-2693(91)90054-T,UMDEPP-91-194,https://inspirehep.net/literature/315122,false,,,metadata_only,,,,,,,,,,,0,,false,,,DOI content negotiation: not PDF (text/html;charset=UTF-8)
112,hep-th/9203078,333605,1992,Extended supersymmetry and selfduality in (2+2)-dimensions,"Gates, S.James, Jr. | Nishino, Hitoshi | Ketov, Sergei V.",article,hep-th/9203078,10.1016/0370-2693(92)91076-L,UMDEPP-92-187,https://inspirehep.net/literature/333605,false,,,metadata_only,,,,,,,,,,,0,,false,,,arXiv: HTTP 404 | arXiv export: HTTP 404 | DOI content negotiation: not PDF (text/html;charset=UTF-8)
113,hep-th/9203081,333606,1992,Majorana-Weyl spinors and selfdual gauge fields in (2+2)-dimensions,"Ketov, Sergei V. | Nishino, Hitoshi | Gates, S.James, Jr.",article,hep-th/9203081,10.1016/0370-2693(93)90228-A,UMDEPP-92-163,https://inspirehep.net/literature/333606,false,,,metadata_only,,,,,,,,,,,0,,false,,,arXiv: HTTP 404 | arXiv export: HTTP 404 | DOI content negotiation: not PDF (text/html;charset=UTF-8)
114,inspire:333626,333626,1992,"N = (2,0) superstring as the underlying theory of selfdual Yang-Mills theory","Nishino, Hitoshi | Gates, S. James, Jr.",article,,10.1142/S0217732392004006,UMDEPP-92-137,https://inspirehep.net/literature/333626,false,,,metadata_only,,,,,,,,,,,0,,false,,,World Scientific publisher: HTTP 403 | DOI content negotiation: HTTP 403
115,inspire:344753,344753,1992,On universality of the SU(2) bosonized Thirring model,"Gates, S.J. | Solovev, O.A.",article,,10.1016/0370-2693(92)91531-D,,https://inspirehep.net/literature/344753,false,,,metadata_only,,,,,,,,,,,0,,false,,,DOI content negotiation: not PDF (text/html;charset=UTF-8)
116,hep-th/9207042,336206,1992,Selfdual supersymmetry and supergravity in Atiyah-Ward space-time,"Ketov, Sergei V. | Nishino, Hitoshi | Gates, S.James, Jr.",article,hep-th/9207042,10.1016/0550-3213(93)90242-H,UMDEPP-92-211 | UMDEPP-92-211-(JUNE-1992),https://inspirehep.net/literature/336206,false,,,verified_local_pdf,/Users/brandon/Documents/S_James_Gates_Publications/pdfs/1992_hep-th_9207042_Selfdual_supersymmetry_and_supergravity_in_Atiyah_Ward_space_time.pdf,pdfs/1992_hep-th_9207042_Selfdual_supersymmetry_and_supergravity_in_Atiyah_Ward_space_time.pdf,1992_hep-th_9207042_Selfdual_supersymmetry_and_supergravity_in_Atiyah_Ward_space_time.pdf,494298,61,eac8b9e51fc6de12bd70025fc731d292e4b3f4cdd31d595dcf78c5e86e9e22f7,eac8b9e51fc6de12bd70025fc731d292e4b3f4cdd31d595dcf78c5e86e9e22f7,matched,arXiv,https://arxiv.org/pdf/hep-th/9207042,0,,false,,,
117,hep-th/9203080,333607,1992,Supersymmetric selfdual Yang-Mills and supergravity as background of Green-Schwarz superstring,"Nishino, Hitoshi | Gates, S.James, Jr. | Ketov, Sergei V.",article,hep-th/9203080,10.1016/0370-2693(93)90229-B,UMDEPP-92-171,https://inspirehep.net/literature/333607,false,,,metadata_only,,,,,,,,,,,0,,false,,,arXiv: HTTP 404 | arXiv export: HTTP 404 | DOI content negotiation: not PDF (text/html;charset=UTF-8)
118,hep-th/9210163,340003,1992,Supersymmetric soluble systems embedded in supersymmetric selfdual Yang-Mills theory,"Gates, S.James, Jr. | Nishino, Hitoshi",article,hep-th/9210163,10.1016/0370-2693(93)90256-H,UMDEPP-93-51,https://inspirehep.net/literature/340003,false,,,metadata_only,,,,,,,,,,,0,,false,,,arXiv: HTTP 404 | arXiv export: HTTP 404 | DOI content negotiation: not PDF (text/html;charset=UTF-8)
119,inspire:339673,339673,1992,Toward a (supersymmetry)**2 particle model of the First Ilk,"Gates, S.J. | Majumdar, P.",article,,10.1016/0370-2693(92)91927-2,,https://inspirehep.net/literature/339673,false,,,metadata_only,,,,,,,,,,,0,,false,,,DOI content negotiation: not PDF (text/html;charset=UTF-8)
120,inspire:366353,366353,1993,Fermionic Thirring theories as minimal model actions,"Gates, S.J. | Solovev, O.A.",article,,10.1016/0370-2693(93)91504-G,,https://inspirehep.net/literature/366353,false,,,metadata_only,,,,,,,,,,,0,,false,,,DOI content negotiation: not PDF (text/html;charset=UTF-8)
121,hep-th/9407147,375053,1994,Extended supersymmetry and superBF gauge theories,"Brooks, Roger | Gates, S.James, Jr.",article,hep-th/9407147,10.1016/0550-3213(94)90600-9,MIT-CTP-2339 | UMDEPP-95-07,https://inspirehep.net/literature/375053,false,,,verified_local_pdf,/Users/brandon/Documents/S_James_Gates_Publications/pdfs/1994_hep-th_9407147_Extended_supersymmetry_and_superBF_gauge_theories.pdf,pdfs/1994_hep-th_9407147_Extended_supersymmetry_and_superBF_gauge_theories.pdf,1994_hep-th_9407147_Extended_supersymmetry_and_superBF_gauge_theories.pdf,238364,28,c96bd634c5823260933dee8f712482b0706909e99144ab5548de0c8a50fe5a55,c96bd634c5823260933dee8f712482b0706909e99144ab5548de0c8a50fe5a55,matched,arXiv,https://arxiv.org/pdf/hep-th/9407147,0,,false,,,
122,hep-th/9411091,379816,1994,"Manifest (4,0) supersymmetry, sigma models and the ADHM instanton construction","Gates, S.James, Jr. | Rana, Lubna",article,hep-th/9411091,10.1016/0370-2693(94)01653-T,UMDEPP-95-060,https://inspirehep.net/literature/379816,false,,,verified_local_pdf,/Users/brandon/Documents/S_James_Gates_Publications/pdfs/1994_hep-th_9411091_Manifest_4_0_supersymmetry_sigma_models_and_the_ADHM_instanton_construction.pdf,pdfs/1994_hep-th_9411091_Manifest_4_0_supersymmetry_sigma_models_and_the_ADHM_instanton_construction.pdf,1994_hep-th_9411091_Manifest_4_0_supersymmetry_sigma_models_and_the_ADHM_instanton_construction.pdf,130128,13,b1ae4ebfbbbf2170b4fe58078942eb5e8ab818c4f83541ef0949d0e6dce7a813,b1ae4ebfbbbf2170b4fe58078942eb5e8ab818c4f83541ef0949d0e6dce7a813,matched,arXiv,https://arxiv.org/pdf/hep-th/9411091,0,,false,,,
123,hep-th/9405017,384487,1994,Superspace supervortices,"Gates, S.J. | Solovev, O.A.",article,hep-th/9405017,10.1016/0370-2693(94)90637-8,,https://inspirehep.net/literature/384487,false,,,metadata_only,,,,,,,,,,,0,,false,,,arXiv: HTTP 404 | arXiv export: HTTP 404 | DOI content negotiation: not PDF (text/html;charset=UTF-8)
124,hep-th/9410150,378790,1994,"Ultramultiplets: A New representation of rigid 2-d, N=8 supersymmetry","Gates, S.James, Jr. | Rana, L.",article,hep-th/9410150,10.1016/0370-2693(94)01365-J,UMDEPP-95-49,https://inspirehep.net/literature/378790,false,,,verified_local_pdf,/Users/brandon/Documents/S_James_Gates_Publications/pdfs/1994_hep-th_9410150_Ultramultiplets_A_New_representation_of_rigid_2_d_N_8_supersymmetry.pdf,pdfs/1994_hep-th_9410150_Ultramultiplets_A_New_representation_of_rigid_2_d_N_8_supersymmetry.pdf,1994_hep-th_9410150_Ultramultiplets_A_New_representation_of_rigid_2_d_N_8_supersymmetry.pdf,124656,12,0390a9d3309a0f7c14f665fe9674c0a30cf1eedcff2dc53c8d6548f25a9d0be8,0390a9d3309a0f7c14f665fe9674c0a30cf1eedcff2dc53c8d6548f25a9d0be8,matched,arXiv,https://arxiv.org/pdf/hep-th/9410150,0,,false,,,
125,hep-th/9412222,381836,1994,Vector multiplets and the phases of N=2 theories in 2-D: Through the looking glass,"Gates, S.James, Jr.",article,hep-th/9412222,10.1016/0370-2693(95)00469-2,UMDEPP-95-75 | UMDEPP-95-75-REVISED,https://inspirehep.net/literature/381836,false,,,verified_local_pdf,/Users/brandon/Documents/S_James_Gates_Publications/pdfs/1994_hep-th_9412222_Vector_multiplets_and_the_phases_of_N_2_theories_in_2_D_Through_the_looking_glass.pdf,pdfs/1994_hep-th_9412222_Vector_multiplets_and_the_phases_of_N_2_theories_in_2_D_Through_the_looking_glass.pdf,1994_hep-th_9412222_Vector_multiplets_and_the_phases_of_N_2_theories_in_2_D_Through_the_looking_glass.pdf,120440,11,c565aea3eebfc2956a508162ea69b5b5ef5f9f4ad451aa1aef73065c66275d18,c565aea3eebfc2956a508162ea69b5b5ef5f9f4ad451aa1aef73065c66275d18,matched,arXiv,https://arxiv.org/pdf/hep-th/9412222,0,,false,,,
126,hep-th/9410149,378788,1994,Why are there so many N=4 superstrings?,"Gates, S.James, Jr.",article,hep-th/9410149,10.1016/0370-2693(94)91339-0,UMDEPP-95-06,https://inspirehep.net/literature/378788,false,,,verified_local_pdf,/Users/brandon/Documents/S_James_Gates_Publications/pdfs/1994_hep-th_9410149_Why_are_there_so_many_N_4_superstrings.pdf,pdfs/1994_hep-th_9410149_Why_are_there_so_many_N_4_superstrings.pdf,1994_hep-th_9410149_Why_are_there_so_many_N_4_superstrings.pdf,128245,12,442d3b47edc0ec44296aba87fba13110d3db22e358dec43729a307000538075d,442d3b47edc0ec44296aba87fba13110d3db22e358dec43729a307000538075d,matched,arXiv,https://arxiv.org/pdf/hep-th/9410149,0,,false,,,
127,hep-th/9504077,394241,1995,"2-D (4,4) hypermultiplets","Gates, S.James, Jr. | Ketov, Sergei V.",article,hep-th/9504077,10.1016/S0370-2693(97)01504-9,ITP-UH-15-95 | UMDEPP-95-116 | DESY-95-082,https://inspirehep.net/literature/394241,false,,,verified_local_pdf,/Users/brandon/Documents/S_James_Gates_Publications/pdfs/1995_hep-th_9504077_2_D_4_4_hypermultiplets.pdf,pdfs/1995_hep-th_9504077_2_D_4_4_hypermultiplets.pdf,1995_hep-th_9504077_2_D_4_4_hypermultiplets.pdf,159851,13,4aac5eb0fcaff25c3946679c6944ebc74570e2e5009cf97550e5de1d2786d98c,4aac5eb0fcaff25c3946679c6944ebc74570e2e5009cf97550e5de1d2786d98c,matched,arXiv,https://arxiv.org/pdf/hep-th/9504077,0,,false,,,
128,hep-th/9510152,401091,1995,A Proposal for alephO extended supersymmetry in integrable systems,"Gates, S.James, Jr. | Rana, Lubna",article,hep-th/9510152,10.1016/0370-2693(95)01557-4,UMDEPP-96-39,https://inspirehep.net/literature/401091,false,,,verified_local_pdf,/Users/brandon/Documents/S_James_Gates_Publications/pdfs/1995_hep-th_9510152_A_Proposal_for_alephO_extended_supersymmetry_in_integrable_systems.pdf,pdfs/1995_hep-th_9510152_A_Proposal_for_alephO_extended_supersymmetry_in_integrable_systems.pdf,1995_hep-th_9510152_A_Proposal_for_alephO_extended_supersymmetry_in_integrable_systems.pdf,148164,14,28416a4c7c97828f7589085ecadf237a7d2363efccffee0fca4e47e5348425a3,28416a4c7c97828f7589085ecadf237a7d2363efccffee0fca4e47e5348425a3,matched,arXiv,https://arxiv.org/pdf/hep-th/9510152,0,,false,,,
129,hep-th/9509021,399058,1995,"A Study of general 2-D, N=2 matter coupled to supergravity in superspace","Gates, S.J., Jr. | Grisaru, Marcus T. | Wehlau, M.E.",article,hep-th/9509021,10.1016/0550-3213(95)00648-6,BRX-TH-379 | UMDEPP-96-21,https://inspirehep.net/literature/399058,false,,,verified_local_pdf,/Users/brandon/Documents/S_James_Gates_Publications/pdfs/1995_hep-th_9509021_A_Study_of_general_2_D_N_2_matter_coupled_to_supergravity_in_superspace.pdf,pdfs/1995_hep-th_9509021_A_Study_of_general_2_D_N_2_matter_coupled_to_supergravity_in_superspace.pdf,1995_hep-th_9509021_A_Study_of_general_2_D_N_2_matter_coupled_to_supergravity_in_superspace.pdf,328906,41,8cd2f3a8d91691767ce6e3d2abd59bb9df8c9bb6ee9ec08a69af492757590261,8cd2f3a8d91691767ce6e3d2abd59bb9df8c9bb6ee9ec08a69af492757590261,matched,arXiv,https://arxiv.org/pdf/hep-th/9509021,0,,false,,,
130,hep-th/9504025,394041,1995,A Theory of spinning particles for large N extended supersymmetry,"Gates, S.James | Rana, L.",article,hep-th/9504025,10.1016/0370-2693(95)00474-Y,UMDEPP-95-113,https://inspirehep.net/literature/394041,false,,,verified_local_pdf,/Users/brandon/Documents/S_James_Gates_Publications/pdfs/1995_hep-th_9504025_A_Theory_of_spinning_particles_for_large_N_extended_supersymmetry.pdf,pdfs/1995_hep-th_9504025_A_Theory_of_spinning_particles_for_large_N_extended_supersymmetry.pdf,1995_hep-th_9504025_A_Theory_of_spinning_particles_for_large_N_extended_supersymmetry.pdf,115937,11,021f0191e70048fdeeba7a38233f50116707767e73c4e35f6de55a056ecfff31,021f0191e70048fdeeba7a38233f50116707767e73c4e35f6de55a056ecfff31,matched,arXiv,https://arxiv.org/pdf/hep-th/9504025,0,,false,,,
131,hep-th/9510151,401068,1995,A Theory of spinning particles for large n extended supersymmetry. 2.,"Gates, S.James, Jr. | Rana, Lubna",article,hep-th/9510151,10.1016/0370-2693(95)01542-6,UMDEPP-96-38,https://inspirehep.net/literature/401068,false,,,verified_local_pdf,/Users/brandon/Documents/S_James_Gates_Publications/pdfs/1995_hep-th_9510151_A_Theory_of_spinning_particles_for_large_n_extended_supersymmetry_2.pdf,pdfs/1995_hep-th_9510151_A_Theory_of_spinning_particles_for_large_n_extended_supersymmetry_2.pdf,1995_hep-th_9510151_A_Theory_of_spinning_particles_for_large_n_extended_supersymmetry_2.pdf,139489,13,eab5b2e2b6661a64aab9f757d60edcf4ea42ac5f4d9dd63132c266a5ebba6d0f,eab5b2e2b6661a64aab9f757d60edcf4ea42ac5f4d9dd63132c266a5ebba6d0f,matched,arXiv,https://arxiv.org/pdf/hep-th/9510151,0,,false,,,
132,hep-th/9503237,393920,1995,A Truly crazy idea about type IIB supergravity and heterotic sigma models,"Gates, S.James, Jr. | Rodgers, V.G.J.",article,hep-th/9503237,10.1016/0370-2693(95)00947-J,UMDEPP-95-76 | UMDEPP 95-76,https://inspirehep.net/literature/393920,false,,,verified_local_pdf,/Users/brandon/Documents/S_James_Gates_Publications/pdfs/1995_hep-th_9503237_A_Truly_crazy_idea_about_type_IIB_supergravity_and_heterotic_sigma_models.pdf,pdfs/1995_hep-th_9503237_A_Truly_crazy_idea_about_type_IIB_supergravity_and_heterotic_sigma_models.pdf,1995_hep-th_9503237_A_Truly_crazy_idea_about_type_IIB_supergravity_and_heterotic_sigma_models.pdf,123929,9,b0080b286aed311a480399ff52a22c6f74bad7b460d91dc0947818f4b269dbb4,b0080b286aed311a480399ff52a22c6f74bad7b460d91dc0947818f4b269dbb4,matched,arXiv,https://arxiv.org/pdf/hep-th/9503237,0,,false,,duplicate_doi_alias_removed,
133,hep-th/9501140,392495,1995,No N=4 strings on wolf spaces,"Gates, S.James, Jr. | Ketov, Sergei V.",article,hep-th/9501140,10.1103/PhysRevD.52.2278,ITP-UH-01-95 | UMDEPP-95-90 | DESY-95-018,https://inspirehep.net/literature/392495,false,,,verified_local_pdf,/Users/brandon/Documents/S_James_Gates_Publications/pdfs/1995_hep-th_9501140_No_N_4_strings_on_wolf_spaces.pdf,pdfs/1995_hep-th_9501140_No_N_4_strings_on_wolf_spaces.pdf,1995_hep-th_9501140_No_N_4_strings_on_wolf_spaces.pdf,295755,31,6aa5c5d8c05148dc8c5a905974face409d387a542e5a4068e43bebdc23216628,6aa5c5d8c05148dc8c5a905974face409d387a542e5a4068e43bebdc23216628,matched,arXiv,https://arxiv.org/pdf/hep-th/9501140,0,,false,,,
134,hep-th/9606107,406415,1995,"On aspects and implications of the new covariant 4-D, N=1 Green-Schwarz sigma model action","Gates, S.James, Jr.",article,hep-th/9606107,10.1016/S0370-2693(96)01393-7,UMDEPP-96-46,https://inspirehep.net/literature/406415,false,,,verified_local_pdf,/Users/brandon/Documents/S_James_Gates_Publications/pdfs/1995_hep-th_9606107_On_aspects_and_implications_of_the_new_covariant_4_D_N_1_Green_Schwarz_sigma_model_action.pdf,pdfs/1995_hep-th_9606107_On_aspects_and_implications_of_the_new_covariant_4_D_N_1_Green_Schwarz_sigma_model_action.pdf,1995_hep-th_9606107_On_aspects_and_implications_of_the_new_covariant_4_D_N_1_Green_Schwarz_sigma_model_action.pdf,169733,15,b67dad8a3b147eb493c9c3ddc8aab5bd435b8fa4bc34ac66f93090ddfb9a3796,b67dad8a3b147eb493c9c3ddc8aab5bd435b8fa4bc34ac66f93090ddfb9a3796,matched,arXiv,https://arxiv.org/pdf/hep-th/9606107,0,,false,,,
135,hep-th/9505034,394825,1995,On continuous conformal deformation of the SL(2)-4 / U(1) coset,"Gates, S.James, Jr. | Solovev, Oleg A.",article,hep-th/9505034,10.1016/0370-2693(95)00671-7,QMW-PH-95-9A | UMDEPP-95-130,https://inspirehep.net/literature/394825,false,,,verified_local_pdf,/Users/brandon/Documents/S_James_Gates_Publications/pdfs/1995_hep-th_9505034_On_continuous_conformal_deformation_of_the_SL_2_4_U_1_coset.pdf,pdfs/1995_hep-th_9505034_On_continuous_conformal_deformation_of_the_SL_2_4_U_1_coset.pdf,1995_hep-th_9505034_On_continuous_conformal_deformation_of_the_SL_2_4_U_1_coset.pdf,99740,10,4f2382f2184d0f4872fc5b2b897e6b6909b69cfc63ac5eba73e0ad2b37676400,4f2382f2184d0f4872fc5b2b897e6b6909b69cfc63ac5eba73e0ad2b37676400,matched,arXiv,https://arxiv.org/pdf/hep-th/9505034,0,,false,,,
136,hep-th/9508153,398755,1995,"Why auxiliary fields matter: The Strange case of the 4-D, N=1 supersymmetric QCD effective action","Gates, S.James, Jr.",article,hep-th/9508153,10.1016/0370-2693(95)01309-1,UMDEPP-96-19,https://inspirehep.net/literature/398755,false,,,verified_local_pdf,/Users/brandon/Documents/S_James_Gates_Publications/pdfs/1995_hep-th_9508153_Why_auxiliary_fields_matter_The_Strange_case_of_the_4_D_N_1_supersymmetric_QCD_effective_a.pdf,pdfs/1995_hep-th_9508153_Why_auxiliary_fields_matter_The_Strange_case_of_the_4_D_N_1_supersymmetric_QCD_effective_a.pdf,1995_hep-th_9508153_Why_auxiliary_fields_matter_The_Strange_case_of_the_4_D_N_1_supersymmetric_QCD_effective_a.pdf,158160,14,b1704c4d9d6d840378c3d69df26af3948ef05b21c0270d483a2f0498abcc7ab2,b1704c4d9d6d840378c3d69df26af3948ef05b21c0270d483a2f0498abcc7ab2,matched,arXiv,https://arxiv.org/pdf/hep-th/9508153,0,,false,,,
137,hep-th/9606108,419763,1996,"A Canticle on (4,0) supergravity scalar multiplet systems for a 'cognoscente'","Dhanawittayapol, R. | Gates, S.James, Jr. | Rana, Lubna",article,hep-th/9606108,10.1016/S0370-2693(96)01254-3,UMDEPP-96-110,https://inspirehep.net/literature/419763,false,,,verified_local_pdf,/Users/brandon/Documents/S_James_Gates_Publications/pdfs/1996_hep-th_9606108_A_Canticle_on_4_0_supergravity_scalar_multiplet_systems_for_a_cognoscente.pdf,pdfs/1996_hep-th_9606108_A_Canticle_on_4_0_supergravity_scalar_multiplet_systems_for_a_cognoscente.pdf,1996_hep-th_9606108_A_Canticle_on_4_0_supergravity_scalar_multiplet_systems_for_a_cognoscente.pdf,147488,14,0ce0f0bf3f8a83ca7368088930340aefb5853c2ff4fadb121836a3d833e41381,0ce0f0bf3f8a83ca7368088930340aefb5853c2ff4fadb121836a3d833e41381,matched,arXiv,https://arxiv.org/pdf/hep-th/9606108,0,,false,,,
138,inspire:433861,433861,1996,"A new proposed description of the 4D, N=1 supersymmetric effective action for scalar multiplets","Gates, S.J.",conference paper,,,,https://inspirehep.net/literature/433861,false,,,metadata_only,,,,,,,,,,,0,,false,,,
139,hep-th/9606090,419643,1996,Aleph0 extended supergravity and Chern-Simons theories,"Nishino, Hitoshi | Gates, S.James, Jr.",article,hep-th/9606090,10.1016/S0550-3213(96)00476-2,UMDEPP-96-109,https://inspirehep.net/literature/419643,false,,,verified_local_pdf,/Users/brandon/Documents/S_James_Gates_Publications/pdfs/1996_hep-th_9606090_Aleph0_extended_supergravity_and_Chern_Simons_theories.pdf,pdfs/1996_hep-th_9606090_Aleph0_extended_supergravity_and_Chern_Simons_theories.pdf,1996_hep-th_9606090_Aleph0_extended_supergravity_and_Chern_Simons_theories.pdf,178114,17,6ea086d8544f15bdadb9fbb36e6b72b48aa514b119eb5638b602c4b3eed6a09b,6ea086d8544f15bdadb9fbb36e6b72b48aa514b119eb5638b602c4b3eed6a09b,matched,arXiv,https://arxiv.org/pdf/hep-th/9606090,0,,false,,,
140,hep-th/9612196,427629,1996,N=1 supersymmetric extension of the QCD effective action,"Gates, S.James, Jr. | Grisaru, Marcus T. | Knutt-Wehlau, Marcia E. | Rocek, M. | Solovev, Oleg A.",article,hep-th/9612196,10.1016/S0370-2693(97)00069-5,UMDEPP-97-27 | BRX-TH-397 | WATPHYS-TH-96-14 | ITP-SB-96-74,https://inspirehep.net/literature/427629,false,,,verified_local_pdf,/Users/brandon/Documents/S_James_Gates_Publications/pdfs/1996_hep-th_9612196_N_1_supersymmetric_extension_of_the_QCD_effective_action.pdf,pdfs/1996_hep-th_9612196_N_1_supersymmetric_extension_of_the_QCD_effective_action.pdf,1996_hep-th_9612196_N_1_supersymmetric_extension_of_the_QCD_effective_action.pdf,161564,13,8b26eed175d0901a1c114fe75c26da4dc7b0b9cc265117d4979b6d1cc8706613,8b26eed175d0901a1c114fe75c26da4dc7b0b9cc265117d4979b6d1cc8706613,matched,arXiv,https://arxiv.org/pdf/hep-th/9612196,0,,false,,,
141,hep-th/9609141,423426,1996,N=2 supersymmetry of higher superspin massless theories,"Gates, S.James, Jr. | Kuzenko, Sergei M. | Sibiryakov, Alexander G.",article,hep-th/9609141,10.1016/S0370-2693(97)01037-X,UMDEPP-97-23 | TSU-QFT-13-96,https://inspirehep.net/literature/423426,false,,,verified_local_pdf,/Users/brandon/Documents/S_James_Gates_Publications/pdfs/1996_hep-th_9609141_N_2_supersymmetry_of_higher_superspin_massless_theories.pdf,pdfs/1996_hep-th_9609141_N_2_supersymmetry_of_higher_superspin_massless_theories.pdf,1996_hep-th_9609141_N_2_supersymmetry_of_higher_superspin_massless_theories.pdf,166563,14,c5533df44d1b6f4e051d8ad1ef0239f837b219a7993c6830d4395a5fd57dc722,c5533df44d1b6f4e051d8ad1ef0239f837b219a7993c6830d4395a5fd57dc722,matched,arXiv,https://arxiv.org/pdf/hep-th/9609141,0,,false,,,
142,hep-th/9602011,415718,1996,Toward an off-shell 11-d supergravity limit of m theory,"Nishino, Hitoshi | Gates, S.James, Jr.",article,hep-th/9602011,10.1016/S0370-2693(96)01193-8,UMDEPP-96-61,https://inspirehep.net/literature/415718,false,,,verified_local_pdf,/Users/brandon/Documents/S_James_Gates_Publications/pdfs/1996_hep-th_9602011_Toward_an_off_shell_11_d_supergravity_limit_of_m_theory.pdf,pdfs/1996_hep-th_9602011_Toward_an_off_shell_11_d_supergravity_limit_of_m_theory.pdf,1996_hep-th_9602011_Toward_an_off_shell_11_d_supergravity_limit_of_m_theory.pdf,140559,13,fd6ef3e71b18ee96d9f80ae2a71050e09b4469ebc297fb23305a294613745fd1,fd6ef3e71b18ee96d9f80ae2a71050e09b4469ebc297fb23305a294613745fd1,matched,arXiv,https://arxiv.org/pdf/hep-th/9602011,0,,false,,,
143,hep-th/9611193,426331,1996,Towards a unified theory of massless superfields of all superspins,"Gates, S.James, Jr. | Kuzenko, Sergei M. | Sibiryakov, Alexander G.",article,hep-th/9611193,10.1016/S0370-2693(97)00034-8,UMD-PP-97-28 | UMDEPP-97-28 | TSU-QFT-15-96,https://inspirehep.net/literature/426331,false,,,verified_local_pdf,/Users/brandon/Documents/S_James_Gates_Publications/pdfs/1996_hep-th_9611193_Towards_a_unified_theory_of_massless_superfields_of_all_superspins.pdf,pdfs/1996_hep-th_9611193_Towards_a_unified_theory_of_massless_superfields_of_all_superspins.pdf,1996_hep-th_9611193_Towards_a_unified_theory_of_massless_superfields_of_all_superspins.pdf,161513,13,966622f9317d772db1428f3321f5a92fd5b32b4498a7b5ea36b4921502aa8726,966622f9317d772db1428f3321f5a92fd5b32b4498a7b5ea36b4921502aa8726,matched,arXiv,https://arxiv.org/pdf/hep-th/9611193,0,,false,,,
144,hep-th/9602072,415955,1996,Tuning the RADIO to the off-shell 2-D Fayet hypermultiplet problem,"Gates, S.James, Jr. | Rana, Lubna",article,hep-th/9602072,,UMDEPP-96-64,https://inspirehep.net/literature/415955,false,,,verified_local_pdf,/Users/brandon/Documents/S_James_Gates_Publications/pdfs/1996_hep-th_9602072_Tuning_the_RADIO_to_the_off_shell_2_D_Fayet_hypermultiplet_problem.pdf,pdfs/1996_hep-th_9602072_Tuning_the_RADIO_to_the_off_shell_2_D_Fayet_hypermultiplet_problem.pdf,1996_hep-th_9602072_Tuning_the_RADIO_to_the_off_shell_2_D_Fayet_hypermultiplet_problem.pdf,145527,14,df0def6b6acc931ddd536ea8c01019a03d7460bfd6a740956db9b9f3fd7da503,df0def6b6acc931ddd536ea8c01019a03d7460bfd6a740956db9b9f3fd7da503,matched,arXiv,https://arxiv.org/pdf/hep-th/9602072,0,,false,,,
145,hep-th/9606109,419762,1996,"Why auxiliary fields matter: The strange case of the 4-D, N=1 supersymmetric QCD effective action. 2.","Gates, S.James, Jr.",article,hep-th/9606109,10.1016/S0550-3213(96)00621-9,UMDEPP-96-99,https://inspirehep.net/literature/419762,false,,,verified_local_pdf,/Users/brandon/Documents/S_James_Gates_Publications/pdfs/1996_hep-th_9606109_Why_auxiliary_fields_matter_The_strange_case_of_the_4_D_N_1_supersymmetric_QCD_effective_a.pdf,pdfs/1996_hep-th_9606109_Why_auxiliary_fields_matter_The_strange_case_of_the_4_D_N_1_supersymmetric_QCD_effective_a.pdf,1996_hep-th_9606109_Why_auxiliary_fields_matter_The_strange_case_of_the_4_D_N_1_supersymmetric_QCD_effective_a.pdf,374263,44,5f652397bbd5de29635753d85b6c74adda9f21e5405b2a10c7a002e60adfd143,5f652397bbd5de29635753d85b6c74adda9f21e5405b2a10c7a002e60adfd143,matched,arXiv,https://arxiv.org/pdf/hep-th/9606109,0,,false,,,
146,hep-th/9809064,455060,1997,"Basic canon in D = 4, N=1 superfield theory: Five primer lectures","Gates, S.James, Jr.",conference paper,hep-th/9809064,,,https://inspirehep.net/literature/455060,false,,,verified_local_pdf,/Users/brandon/Documents/S_James_Gates_Publications/pdfs/1997_hep-th_9809064_Basic_canon_in_D_4_N_1_superfield_theory_Five_primer_lectures.pdf,pdfs/1997_hep-th_9809064_Basic_canon_in_D_4_N_1_superfield_theory_Five_primer_lectures.pdf,1997_hep-th_9809064_Basic_canon_in_D_4_N_1_superfield_theory_Five_primer_lectures.pdf,741149,109,c3c3eea4de331d737317753f8f4f57fcf1e26b8632b0a79ebeeb3a19cf984cd6,c3c3eea4de331d737317753f8f4f57fcf1e26b8632b0a79ebeeb3a19cf984cd6,matched,arXiv,https://arxiv.org/pdf/hep-th/9809064,0,,false,,,
147,hep-th/9708143,447680,1997,"Can pions 'smell' 4-D, N=1 supersymmetry?","Gates, S. James, Jr.",conference paper,hep-th/9708143,,UMDEPP-98-12,https://inspirehep.net/literature/447680,false,,,verified_local_pdf,/Users/brandon/Documents/S_James_Gates_Publications/pdfs/1997_hep-th_9708143_Can_pions_smell_4_D_N_1_supersymmetry.pdf,pdfs/1997_hep-th_9708143_Can_pions_smell_4_D_N_1_supersymmetry.pdf,1997_hep-th_9708143_Can_pions_smell_4_D_N_1_supersymmetry.pdf,185034,18,28564850f9dcba26e9d3dfbc91214afd675a878768967848a63873c1e5c0deb3,28564850f9dcba26e9d3dfbc91214afd675a878768967848a63873c1e5c0deb3,matched,arXiv,https://arxiv.org/pdf/hep-th/9708143,0,,false,,,
148,hep-th/9711151,451300,1997,Component actions from curved superspace: Normal coordinates and ectoplasm,"Gates, S.James, Jr. | Grisaru, Marcus T. | Knutt-Wehlau, Marcia E. | Siegel, Warren",article,hep-th/9711151,10.1016/S0370-2693(97)01557-8,UMDEPP-98-47 | BRX-TH-421 | MCGILL-97-31 | ITP-SB-97-65,https://inspirehep.net/literature/451300,false,,,verified_local_pdf,/Users/brandon/Documents/S_James_Gates_Publications/pdfs/1997_hep-th_9711151_Component_actions_from_curved_superspace_Normal_coordinates_and_ectoplasm.pdf,pdfs/1997_hep-th_9711151_Component_actions_from_curved_superspace_Normal_coordinates_and_ectoplasm.pdf,1997_hep-th_9711151_Component_actions_from_curved_superspace_Normal_coordinates_and_ectoplasm.pdf,135067,11,803e0834058fa8f1878f1a8c9b4d38b75b53f57a4d277e5f8cddbbd404544595,803e0834058fa8f1878f1a8c9b4d38b75b53f57a4d277e5f8cddbbd404544595,matched,arXiv,https://arxiv.org/pdf/hep-th/9711151,0,,false,,,
149,hep-th/9709104,448416,1997,Ectoplasm has no topology: The Prelude,"Gates, S.James, Jr.",conference paper,hep-th/9709104,,UMDEPP-98-13,https://inspirehep.net/literature/448416,false,,,verified_local_pdf,/Users/brandon/Documents/S_James_Gates_Publications/pdfs/1997_hep-th_9709104_Ectoplasm_has_no_topology_The_Prelude.pdf,pdfs/1997_hep-th_9709104_Ectoplasm_has_no_topology_The_Prelude.pdf,1997_hep-th_9709104_Ectoplasm_has_no_topology_The_Prelude.pdf,141391,13,23c9a45cec307ce741e65ad8b00f1110168374628f9dddb812eec0f80372ae5d,23c9a45cec307ce741e65ad8b00f1110168374628f9dddb812eec0f80372ae5d,matched,arXiv,https://arxiv.org/pdf/hep-th/9709104,0,,false,,,
150,inspire:455748,455748,1997,"Progress toward a classical (SUSY)**2 4D, N=1 Green-Schwarz sigma model action","Gates, S.J.",conference paper,,,,https://inspirehep.net/literature/455748,false,,,metadata_only,,,,,,,,,,,0,,false,,,
151,hep-th/9704101,442136,1997,Type B / type O bosonic string sigma models,"Gates, S.James, Jr. | Rodgers, V.G.J.",article,hep-th/9704101,10.1016/S0370-2693(97)00620-5,,https://inspirehep.net/literature/442136,false,,,verified_local_pdf,/Users/brandon/Documents/S_James_Gates_Publications/pdfs/1997_hep-th_9704101_Type_B_type_O_bosonic_string_sigma_models.pdf,pdfs/1997_hep-th_9704101_Type_B_type_O_bosonic_string_sigma_models.pdf,1997_hep-th_9704101_Type_B_type_O_bosonic_string_sigma_models.pdf,160910,13,1970afc67abfe2ab056bbe7eee40fcf31fb4be6435e6d20a74e9557e528b936f,1970afc67abfe2ab056bbe7eee40fcf31fb4be6435e6d20a74e9557e528b936f,matched,arXiv,https://arxiv.org/pdf/hep-th/9704101,0,,false,,,
152,hep-th/9701024,439466,1997,What if Dirac pionini existed in a purely chiral superfield formulation?,"Gates, S.James, Jr. | Rana, Lubna",article,hep-th/9701024,10.1016/S0370-2693(98)01054-5,UMDEPP-97-74,https://inspirehep.net/literature/439466,false,,,verified_local_pdf,/Users/brandon/Documents/S_James_Gates_Publications/pdfs/1997_hep-th_9701024_What_if_Dirac_pionini_existed_in_a_purely_chiral_superfield_formulation.pdf,pdfs/1997_hep-th_9701024_What_if_Dirac_pionini_existed_in_a_purely_chiral_superfield_formulation.pdf,1997_hep-th_9701024_What_if_Dirac_pionini_existed_in_a_purely_chiral_superfield_formulation.pdf,157471,13,bab38ee16774f56cb76a97ccd82f4e7db9c8a37b3fae47b0c8f14ff7661d291c,bab38ee16774f56cb76a97ccd82f4e7db9c8a37b3fae47b0c8f14ff7661d291c,matched,arXiv,https://arxiv.org/pdf/hep-th/9701024,0,,false,,,
153,inspire:470040,470040,1998,"2D(4,4) hypermultiplets. II: Field theory origins of dualities","Gates, S.J. | Ketov, S.V.",article,,10.1016/S0370-2693(97)01505-0,,https://inspirehep.net/literature/470040,false,,,metadata_only,,,,,,,,,,,0,,false,,,DOI content negotiation: not PDF (text/html;charset=UTF-8)
154,hep-th/9809056,476012,1998,Ectoplasm has no topology,"Gates, S.James, Jr.",article,hep-th/9809056,10.1016/S0550-3213(98)00819-0,UMDEPP-98-06,https://inspirehep.net/literature/476012,false,,,verified_local_pdf,/Users/brandon/Documents/S_James_Gates_Publications/pdfs/1998_hep-th_9809056_Ectoplasm_has_no_topology.pdf,pdfs/1998_hep-th_9809056_Ectoplasm_has_no_topology.pdf,1998_hep-th_9809056_Ectoplasm_has_no_topology.pdf,354802,44,f84cc643685f2fa2fc508a1a6cf360dd67efe0d8822ec11a688659fc11baebbb,f84cc643685f2fa2fc508a1a6cf360dd67efe0d8822ec11a688659fc11baebbb,matched,arXiv,https://arxiv.org/pdf/hep-th/9809056,0,,false,,,
155,inspire:487862,487862,1998,N = 1 supersymmetry and the phenomenological pion physics effective action,"Gates, S.J.",conference paper,,10.1016/S0920-5632(97)00654-3,,https://inspirehep.net/literature/487862,false,,,metadata_only,,,,,,,,,,,0,,false,,,DOI content negotiation: not PDF (text/html;charset=UTF-8)
156,hep-th/9802139,467390,1998,Quantum cosmology in the models of 2-D and 4-D dilatonic supergravity with WZ matter,"Gates, S.James, Jr. | Kadoyoshi, Tomoko | Nojiri, Shin'ichi | Odintsov, Sergei D.",article,hep-th/9802139,10.1103/PhysRevD.58.084026,OCHA-PP-114 | NDA-FP-45,https://inspirehep.net/literature/467390,false,,,verified_local_pdf,/Users/brandon/Documents/S_James_Gates_Publications/pdfs/1998_hep-th_9802139_Quantum_cosmology_in_the_models_of_2_D_and_4_D_dilatonic_supergravity_with_WZ_matter.pdf,pdfs/1998_hep-th_9802139_Quantum_cosmology_in_the_models_of_2_D_and_4_D_dilatonic_supergravity_with_WZ_matter.pdf,1998_hep-th_9802139_Quantum_cosmology_in_the_models_of_2_D_and_4_D_dilatonic_supergravity_with_WZ_matter.pdf,329673,40,c8e05095aa229ecd1518f90b94e5760971499aff6ecb9f9aadf1461508b9cfea,c8e05095aa229ecd1518f90b94e5760971499aff6ecb9f9aadf1461508b9cfea,matched,arXiv,https://arxiv.org/pdf/hep-th/9802139,0,,false,,,
157,hep-th/9806038,471405,1998,Superspace geometrical representations of extended super Virasoro algebras,"Gates, S.James, Jr. | Rana, Lubna",article,hep-th/9806038,10.1016/S0370-2693(98)00937-X,UMDEPP-98-114,https://inspirehep.net/literature/471405,false,,,verified_local_pdf,/Users/brandon/Documents/S_James_Gates_Publications/pdfs/1998_hep-th_9806038_Superspace_geometrical_representations_of_extended_super_Virasoro_algebras.pdf,pdfs/1998_hep-th_9806038_Superspace_geometrical_representations_of_extended_super_Virasoro_algebras.pdf,1998_hep-th_9806038_Superspace_geometrical_representations_of_extended_super_Virasoro_algebras.pdf,137516,13,29ce5f82cec280d04611040853fa13103c1da98049445035b6a4f2f084b28e03,29ce5f82cec280d04611040853fa13103c1da98049445035b6a4f2f084b28e03,matched,arXiv,https://arxiv.org/pdf/hep-th/9806038,0,,false,,,
158,hep-th/9810137,478126,1998,The CNM hypermultiplet nexus,"Gates, S.James, Jr. | Kuzenko, Sergei M.",article,hep-th/9810137,10.1016/S0550-3213(98)00870-0,UMDEPP-98-133 | UNIV.-OF-MARYLAND-PHYSICS-DEPT.-UMDEPP-98-133,https://inspirehep.net/literature/478126,false,,,verified_local_pdf,/Users/brandon/Documents/S_James_Gates_Publications/pdfs/1998_hep-th_9810137_The_CNM_hypermultiplet_nexus.pdf,pdfs/1998_hep-th_9810137_The_CNM_hypermultiplet_nexus.pdf,1998_hep-th_9810137_The_CNM_hypermultiplet_nexus.pdf,226390,23,18c06b987654517aff6191bcd0e9a2fedfb331d5dfaeb441f9610776cef8ee70,18c06b987654517aff6191bcd0e9a2fedfb331d5dfaeb441f9610776cef8ee70,matched,arXiv,https://arxiv.org/pdf/hep-th/9810137,0,,false,,,
159,hep-th/9903013,496070,1999,"4-D, N=2 supersymmetric off-shell sigma models on the cotangent bundles of Kahler manifolds","Gates, S.James, Jr. | Kuzenko, Sergei M.",conference paper,hep-th/9903013,10.1002/(SICI)1521-3978(20001)48:1/3<115::AID-PROP115>3.0.CO;2-F | 10.1002/(SICI)1521-3978(20001)48:1/3<115::AID-PROP115>3.3.CO;2-6,UMDEPP-99-91 | UMDEPP-99-091,https://inspirehep.net/literature/496070,false,,,verified_local_pdf,/Users/brandon/Documents/S_James_Gates_Publications/pdfs/1999_hep-th_9903013_4_D_N_2_supersymmetric_off_shell_sigma_models_on_the_cotangent_bundles_of_Kahler_manifolds.pdf,pdfs/1999_hep-th_9903013_4_D_N_2_supersymmetric_off_shell_sigma_models_on_the_cotangent_bundles_of_Kahler_manifolds.pdf,1999_hep-th_9903013_4_D_N_2_supersymmetric_off_shell_sigma_models_on_the_cotangent_bundles_of_Kahler_manifolds.pdf,98596,6,557aac7924dbe249758a7c7ab7eccc908eadcb2ea1b259dd2d795c9c8a436a5d,557aac7924dbe249758a7c7ab7eccc908eadcb2ea1b259dd2d795c9c8a436a5d,matched,arXiv,https://arxiv.org/pdf/hep-th/9903013,0,,false,,,
160,hep-th/9902211,495995,1999,"CNM models, holomorphic functions and projective superspace C maps","Gates, S.James, Jr. | Hubsch, Tristan | Kuzenko, Sergei M.",article,hep-th/9902211,10.1016/S0550-3213(99)00370-3,UMDEPP-99-99,https://inspirehep.net/literature/495995,false,,,verified_local_pdf,/Users/brandon/Documents/S_James_Gates_Publications/pdfs/1999_hep-th_9902211_CNM_models_holomorphic_functions_and_projective_superspace_C_maps.pdf,pdfs/1999_hep-th_9902211_CNM_models_holomorphic_functions_and_projective_superspace_C_maps.pdf,1999_hep-th_9902211_CNM_models_holomorphic_functions_and_projective_superspace_C_maps.pdf,216339,19,25cd02bf4ab83e50af3956f383e8058804360a1bcc59853568cd2030e3c82f54,25cd02bf4ab83e50af3956f383e8058804360a1bcc59853568cd2030e3c82f54,matched,arXiv,https://arxiv.org/pdf/hep-th/9902211,0,,false,,,
161,hep-ph/9912362,511618,1999,Searching for supersymmetry in hadrons,"Gates, S.James, Jr. | Lebedev, Oleg",article,hep-ph/9912362,10.1016/S0370-2693(00)00172-6,UMDEPP-00-047 | UMDEPP-00-47 | UMDEPP 00-47 | VPI-IPPAP-99-12,https://inspirehep.net/literature/511618,false,,,verified_local_pdf,/Users/brandon/Documents/S_James_Gates_Publications/pdfs/1999_hep-ph_9912362_Searching_for_supersymmetry_in_hadrons.pdf,pdfs/1999_hep-ph_9912362_Searching_for_supersymmetry_in_hadrons.pdf,1999_hep-ph_9912362_Searching_for_supersymmetry_in_hadrons.pdf,147581,14,5ef22bcbcc79ba29dd7091960aa6d99f1fb5cdc2f3e27165a71ba613b5c20f1f,5ef22bcbcc79ba29dd7091960aa6d99f1fb5cdc2f3e27165a71ba613b5c20f1f,matched,arXiv,https://arxiv.org/pdf/hep-ph/9912362,0,,false,,duplicate_doi_alias_removed,
162,hep-th/9908136,505941,1999,The * Report,"Nishino, Hitoshi | Gates, S.James, Jr.",article,hep-th/9908136,10.1088/0264-9381/17/10/308,UMDEPP-00-005,https://inspirehep.net/literature/505941,false,,,verified_local_pdf,/Users/brandon/Documents/S_James_Gates_Publications/pdfs/1999_hep-th_9908136_The_Report.pdf,pdfs/1999_hep-th_9908136_The_Report.pdf,1999_hep-th_9908136_The_Report.pdf,154922,13,17b9a97bfefaeb7ea6bbed704771d2d9d70ecef8c8013df2505fc53911b533cd,17b9a97bfefaeb7ea6bbed704771d2d9d70ecef8c8013df2505fc53911b533cd,matched,arXiv,https://arxiv.org/pdf/hep-th/9908136,0,,false,,,
163,hep-th/0002045,523721,2000,"Holomorphy, minimal homotopy and the 4-D, N=1 supersymmetric Bardeen-Gross-Jackiw anomaly","Gates, S.James, Jr. | Grisaru, Marcus T. | Penati, Silvia",article,hep-th/0002045,10.1016/S0370-2693(00)00464-0,BICOCCA-FT-00-01 | BRX-TH-470 | MCGILL-00-05 | UMDEPP-00-049,https://inspirehep.net/literature/523721,false,,,verified_local_pdf,/Users/brandon/Documents/S_James_Gates_Publications/pdfs/2000_hep-th_0002045_Holomorphy_minimal_homotopy_and_the_4_D_N_1_supersymmetric_Bardeen_Gross_Jackiw_anomaly.pdf,pdfs/2000_hep-th_0002045_Holomorphy_minimal_homotopy_and_the_4_D_N_1_supersymmetric_Bardeen_Gross_Jackiw_anomaly.pdf,2000_hep-th_0002045_Holomorphy_minimal_homotopy_and_the_4_D_N_1_supersymmetric_Bardeen_Gross_Jackiw_anomaly.pdf,172933,17,7e4bf3f639b2723a3660536dce09c81d7ee8df3ff8884abad8d8a7d9a6a3dd2d,7e4bf3f639b2723a3660536dce09c81d7ee8df3ff8884abad8d8a7d9a6a3dd2d,matched,arXiv,https://arxiv.org/pdf/hep-th/0002045,0,,false,,,
164,hep-th/0004202,526708,2000,Irreducible decomposition of products of 10-D chiral sigma matrices,"Gates, S.James, Jr. | Radak, B. | Rodgers, V.G.J.",article,hep-th/0004202,10.1016/S0010-4655(00)00251-4,,https://inspirehep.net/literature/526708,false,,,verified_local_pdf,/Users/brandon/Documents/S_James_Gates_Publications/pdfs/2000_hep-th_0004202_Irreducible_decomposition_of_products_of_10_D_chiral_sigma_matrices.pdf,pdfs/2000_hep-th_0004202_Irreducible_decomposition_of_products_of_10_D_chiral_sigma_matrices.pdf,2000_hep-th_0004202_Irreducible_decomposition_of_products_of_10_D_chiral_sigma_matrices.pdf,190766,27,1efa68911d00fd65fc035bc4b658fad6b9f37326bcb19b4786f4f5551bd0fd8c,1efa68911d00fd65fc035bc4b658fad6b9f37326bcb19b4786f4f5551bd0fd8c,matched,arXiv,https://arxiv.org/pdf/hep-th/0004202,0,,false,,,
165,hep-th/0002010,523537,2000,Superspace geometrical realization of the N extended super Virasoro algebra and its dual,"Curto, C. | Gates, S.James, Jr. | Rodgers, V.G.J.",article,hep-th/0002010,10.1016/S0370-2693(00)00400-7,UMDEPP-00-049,https://inspirehep.net/literature/523537,false,,,verified_local_pdf,/Users/brandon/Documents/S_James_Gates_Publications/pdfs/2000_hep-th_0002010_Superspace_geometrical_realization_of_the_N_extended_super_Virasoro_algebra_and_its_dual.pdf,pdfs/2000_hep-th_0002010_Superspace_geometrical_realization_of_the_N_extended_super_Virasoro_algebra_and_its_dual.pdf,2000_hep-th_0002010_Superspace_geometrical_realization_of_the_N_extended_super_Virasoro_algebra_and_its_dual.pdf,182972,18,606af1abeea1615bb51669a612fc22eee28878edb091a2328ffd8069fc46e436,606af1abeea1615bb51669a612fc22eee28878edb091a2328ffd8069fc46e436,matched,arXiv,https://arxiv.org/pdf/hep-th/0002010,0,,false,,,
166,hep-th/0009192,534176,2000,Supersymmetric gauge anomaly with general homotopic paths,"Gates, S. James, Jr. | Grisaru, Marcus T. | Knutt, Marcia E. | Penati, Silvia | Suzuki, Hiroshi",article,hep-th/0009192,10.1016/S0550-3213(00)00676-3,BICOCCA-FT-00-13 | BRX-TH-479 | IU-MSTP-41 | MCGILL-00-28 | UMDEPP-01-098 | UMDEPP --01-098,https://inspirehep.net/literature/534176,false,,,verified_local_pdf,/Users/brandon/Documents/S_James_Gates_Publications/pdfs/2000_hep-th_0009192_Supersymmetric_gauge_anomaly_with_general_homotopic_paths.pdf,pdfs/2000_hep-th_0009192_Supersymmetric_gauge_anomaly_with_general_homotopic_paths.pdf,2000_hep-th_0009192_Supersymmetric_gauge_anomaly_with_general_homotopic_paths.pdf,313704,37,c23f67ba3163c6f34bdad2baf5a00231d3ce5c714841cf896f76924255b6f9db,c23f67ba3163c6f34bdad2baf5a00231d3ce5c714841cf896f76924255b6f9db,matched,arXiv,https://arxiv.org/pdf/hep-th/0009192,0,,false,,,
167,hep-ph/0012301,539116,2000,"The Superspace WZNW action for 4-D, N=1 supersymmetric QCD","Gates, S.James, Jr. | Grisaru, Marcus T. | Knutt, Marcia E. | Penati, Silvia",article,hep-ph/0012301,10.1016/S0370-2693(01)00210-6,BICOCCA-FT-00-26 | BRX-TH-485 | MCGILL-00-34 | UMDEPP-00-144 | UNIV.-OF-MD-PREPRINT-UMDEPP-00--144,https://inspirehep.net/literature/539116,false,,,verified_local_pdf,/Users/brandon/Documents/S_James_Gates_Publications/pdfs/2000_hep-ph_0012301_The_Superspace_WZNW_action_for_4_D_N_1_supersymmetric_QCD.pdf,pdfs/2000_hep-ph_0012301_The_Superspace_WZNW_action_for_4_D_N_1_supersymmetric_QCD.pdf,2000_hep-ph_0012301_The_Superspace_WZNW_action_for_4_D_N_1_supersymmetric_QCD.pdf,110077,7,3891c3f9dcd1233e751d2e8e0a27651da60b0858eb3fc939bf83c2f38fd69f0b,3891c3f9dcd1233e751d2e8e0a27651da60b0858eb3fc939bf83c2f38fd69f0b,matched,arXiv,https://arxiv.org/pdf/hep-ph/0012301,0,,false,,,
168,hep-th/0005120,527220,2000,Two two-dimensional supergravity theories from Calabi-Yau four folds,"Gates, S.James, Jr. | Gukov, Sergei | Witten, Edward",article,hep-th/0005120,10.1016/S0550-3213(00)00374-6,CALT-68-2258 | CITUSC-00-005 | PUPT-1904 | UMDEPP-00-046,https://inspirehep.net/literature/527220,false,,,verified_local_pdf,/Users/brandon/Documents/S_James_Gates_Publications/pdfs/2000_hep-th_0005120_Two_two_dimensional_supergravity_theories_from_Calabi_Yau_four_folds.pdf,pdfs/2000_hep-th_0005120_Two_two_dimensional_supergravity_theories_from_Calabi_Yau_four_folds.pdf,2000_hep-th_0005120_Two_two_dimensional_supergravity_theories_from_Calabi_Yau_four_folds.pdf,412700,47,ebf263a85e3fe72cc56c0a5c1daf2627d8ea03403f89cf1aa13e458df8adf026,ebf263a85e3fe72cc56c0a5c1daf2627d8ea03403f89cf1aa13e458df8adf026,matched,arXiv,https://arxiv.org/pdf/hep-th/0005120,0,,false,,,
169,hep-th/0008206,532505,2000,"Will the real 4-D, N=1 SG limit of superstring / M theory please stand up?","Gates, S.James, Jr. | Nishino, Hitoshi",article,hep-th/0008206,10.1016/S0370-2693(00)01073-X,UMDEPP-00-086,https://inspirehep.net/literature/532505,false,,,verified_local_pdf,/Users/brandon/Documents/S_James_Gates_Publications/pdfs/2000_hep-th_0008206_Will_the_real_4_D_N_1_SG_limit_of_superstring_M_theory_please_stand_up.pdf,pdfs/2000_hep-th_0008206_Will_the_real_4_D_N_1_SG_limit_of_superstring_M_theory_please_stand_up.pdf,2000_hep-th_0008206_Will_the_real_4_D_N_1_SG_limit_of_superstring_M_theory_please_stand_up.pdf,159065,12,5bc52d676222d3a7d23eab052a731e7119467c9da2b83c815024fa3b92e58bfe,5bc52d676222d3a7d23eab052a731e7119467c9da2b83c815024fa3b92e58bfe,matched,arXiv,https://arxiv.org/pdf/hep-th/0008206,0,,false,,,
170,hep-th/0104223,555874,2001,"4-D, N=1 Born-Infeld supergravity","Gates, S.James, Jr. | Ketov, Sergei V.",article,hep-th/0104223,10.1088/0264-9381/18/17/310,UMDEPP-01-051 | KL-TH-01-03,https://inspirehep.net/literature/555874,false,,,verified_local_pdf,/Users/brandon/Documents/S_James_Gates_Publications/pdfs/2001_hep-th_0104223_4_D_N_1_Born_Infeld_supergravity.pdf,pdfs/2001_hep-th_0104223_4_D_N_1_Born_Infeld_supergravity.pdf,2001_hep-th_0104223_4_D_N_1_Born_Infeld_supergravity.pdf,161697,15,7dbd88b101af93db8f519399615fa832ee005ccd5281a8762b3eef78b3163bd3,7dbd88b101af93db8f519399615fa832ee005ccd5281a8762b3eef78b3163bd3,matched,arXiv,https://arxiv.org/pdf/hep-th/0104223,0,,false,,,
171,hep-th/0101037,551915,2001,Deliberations on 11-D superspace for the M-theory effective action,"Gates, S. James, Jr. | Nishino, Hitoshi",article,hep-th/0101037,10.1016/S0370-2693(01)00487-7,UMDEPP-00-32 | UMDEPP-00-032,https://inspirehep.net/literature/551915,false,,,verified_local_pdf,/Users/brandon/Documents/S_James_Gates_Publications/pdfs/2001_hep-th_0101037_Deliberations_on_11_D_superspace_for_the_M_theory_effective_action.pdf,pdfs/2001_hep-th_0101037_Deliberations_on_11_D_superspace_for_the_M_theory_effective_action.pdf,2001_hep-th_0101037_Deliberations_on_11_D_superspace_for_the_M_theory_effective_action.pdf,208281,16,3d40a1b32fa4491dee56b3e99802172d2c5039b2de198b987ce121a1bbb15cc3,3d40a1b32fa4491dee56b3e99802172d2c5039b2de198b987ce121a1bbb15cc3,matched,arXiv,https://arxiv.org/pdf/hep-th/0101037,0,,false,,,
172,hep-th/0106150,558607,2001,Superconformal symmetry in 11-D superspace and the M theory effective action,"Gates, S.James, Jr.",article,hep-th/0106150,10.1016/S0550-3213(01)00421-7,UMDEPP-01-058,https://inspirehep.net/literature/558607,false,,,verified_local_pdf,/Users/brandon/Documents/S_James_Gates_Publications/pdfs/2001_hep-th_0106150_Superconformal_symmetry_in_11_D_superspace_and_the_M_theory_effective_action.pdf,pdfs/2001_hep-th_0106150_Superconformal_symmetry_in_11_D_superspace_and_the_M_theory_effective_action.pdf,2001_hep-th_0106150_Superconformal_symmetry_in_11_D_superspace_and_the_M_theory_effective_action.pdf,237725,26,3980c4ac194839d08277c3aae38aca3900573f26790b639e3447c08a09f54910,3980c4ac194839d08277c3aae38aca3900573f26790b639e3447c08a09f54910,matched,arXiv,https://arxiv.org/pdf/hep-th/0106150,0,,false,,,
173,hep-th/0105161,556791,2001,Supergravitons interacting with the superVirasoro group,"Gates, S.James, Jr. | Rodgers, V.G.J.",article,hep-th/0105161,10.1016/S0370-2693(01)00701-8,UMDEPP-01-000,https://inspirehep.net/literature/556791,false,,,verified_local_pdf,/Users/brandon/Documents/S_James_Gates_Publications/pdfs/2001_hep-th_0105161_Supergravitons_interacting_with_the_superVirasoro_group.pdf,pdfs/2001_hep-th_0105161_Supergravitons_interacting_with_the_superVirasoro_group.pdf,2001_hep-th_0105161_Supergravitons_interacting_with_the_superVirasoro_group.pdf,145369,12,951986edede66ef063a64c7c0940470adb8150f301324cdc8ba04317320641b0,951986edede66ef063a64c7c0940470adb8150f301324cdc8ba04317320641b0,matched,arXiv,https://arxiv.org/pdf/hep-th/0105161,0,,false,,,
174,inspire:1489482,1489482,2001,Superstrings: Why Einstein Would Love Spaghetti in Fundamental Physics,"Gates, S. James",conference paper,,10.1142/9789812810175_0021,,https://inspirehep.net/literature/1489482,false,,,metadata_only,,,,,,,,,,,0,,false,,,World Scientific publisher: HTTP 403 | DOI content negotiation: HTTP 403
175,hep-th/0107155,560325,2001,Teleparallel superspace in eleven-dimensions coupled to supermembranes,"Gates, S. James, Jr. | Nishino, Hitoshi | Rajpoot, Subhash",article,hep-th/0107155,10.1103/PhysRevD.65.024013,CSULB-PA-01-2,https://inspirehep.net/literature/560325,false,,,verified_local_pdf,/Users/brandon/Documents/S_James_Gates_Publications/pdfs/2001_hep-th_0107155_Teleparallel_superspace_in_eleven_dimensions_coupled_to_supermembranes.pdf,pdfs/2001_hep-th_0107155_Teleparallel_superspace_in_eleven_dimensions_coupled_to_supermembranes.pdf,2001_hep-th_0107155_Teleparallel_superspace_in_eleven_dimensions_coupled_to_supermembranes.pdf,151066,14,71ccd43c2dea3df8fb9708c016595463cca2674bccad1872c955fc2c8647f25e,71ccd43c2dea3df8fb9708c016595463cca2674bccad1872c955fc2c8647f25e,matched,arXiv,https://arxiv.org/pdf/hep-th/0107155,0,,false,,,
176,hep-th/0109109,562720,2001,The Fundamental supersymmetry challenge remains,"Gates, S.James, Jr. | Linch, William Divine, III | Phillips, J. | Rana, L.",article,hep-th/0109109,,UMDEPP-02-009,https://inspirehep.net/literature/562720,false,,,verified_local_pdf,/Users/brandon/Documents/S_James_Gates_Publications/pdfs/2001_hep-th_0109109_The_Fundamental_supersymmetry_challenge_remains.pdf,pdfs/2001_hep-th_0109109_The_Fundamental_supersymmetry_challenge_remains.pdf,2001_hep-th_0109109_The_Fundamental_supersymmetry_challenge_remains.pdf,123490,13,3e0672558774aff8e26118564214645dbeb7175b9c7863732c3d86c65e0cb2d9,3e0672558774aff8e26118564214645dbeb7175b9c7863732c3d86c65e0cb2d9,matched,arXiv,https://arxiv.org/pdf/hep-th/0109109,0,,false,,,
177,hep-th/0201094,581765,2002,Chiral supergravitons interacting with a 0 brane N extended NSR superVirasoro group,"Boveia, Antonio | Larson, Bjorg A. | Rodgers, V.G.J. | Gates, S.James, Jr. | Linch, William Divine, III | Phillips, J.A. | Kimberly, Dagny M.",article,hep-th/0201094,10.1016/S0370-2693(02)01256-X,UMDEPP-02-028 | UIOWA-02-001 | CALT-68-2367,https://inspirehep.net/literature/581765,false,,,verified_local_pdf,/Users/brandon/Documents/S_James_Gates_Publications/pdfs/2002_hep-th_0201094_Chiral_supergravitons_interacting_with_a_0_brane_N_extended_NSR_superVirasoro_group.pdf,pdfs/2002_hep-th_0201094_Chiral_supergravitons_interacting_with_a_0_brane_N_extended_NSR_superVirasoro_group.pdf,2002_hep-th_0201094_Chiral_supergravitons_interacting_with_a_0_brane_N_extended_NSR_superVirasoro_group.pdf,173320,16,1ca793efbc3556882854acfc78403c35b0b6db7cf82380f3e3b162be17519e6a,1ca793efbc3556882854acfc78403c35b0b6db7cf82380f3e3b162be17519e6a,matched,arXiv,https://arxiv.org/pdf/hep-th/0201094,0,,false,,,
178,hep-th/0207243,591424,2002,Dynamical superfield theory of free massive superspin-1 multiplet,"Buchbinder, I.L. | Gates, S.James, Jr. | Linch, William Divine, III | Phillips, J.",article,hep-th/0207243,10.1016/S0370-2693(02)02860-5,UMDEPP-03-003,https://inspirehep.net/literature/591424,false,,,verified_local_pdf,/Users/brandon/Documents/S_James_Gates_Publications/pdfs/2002_hep-th_0207243_Dynamical_superfield_theory_of_free_massive_superspin_1_multiplet.pdf,pdfs/2002_hep-th_0207243_Dynamical_superfield_theory_of_free_massive_superspin_1_multiplet.pdf,2002_hep-th_0207243_Dynamical_superfield_theory_of_free_massive_superspin_1_multiplet.pdf,153580,13,4e422c1bd4e56fce81a1c348b58eebeece9a2bb4471e0951770abc5aca6b4f5a,4e422c1bd4e56fce81a1c348b58eebeece9a2bb4471e0951770abc5aca6b4f5a,matched,arXiv,https://arxiv.org/pdf/hep-th/0207243,0,,false,,,
179,hep-th/0202112,583078,2002,Is stringy supersymmetry quintessentially challenged?,"Gates, S. James, Jr.",conference paper,hep-th/0202112,,STIAS-02-001 | UMDEPP-02-030 | CALT-68-2366,https://inspirehep.net/literature/583078,false,,,verified_local_pdf,/Users/brandon/Documents/S_James_Gates_Publications/pdfs/2002_hep-th_0202112_Is_stringy_supersymmetry_quintessentially_challenged.pdf,pdfs/2002_hep-th_0202112_Is_stringy_supersymmetry_quintessentially_challenged.pdf,2002_hep-th_0202112_Is_stringy_supersymmetry_quintessentially_challenged.pdf,326756,35,3555a5eab540a54ff1dac401b75168b049b4c17a5427c54aa8c97cc7e628f9f5,3555a5eab540a54ff1dac401b75168b049b4c17a5427c54aa8c97cc7e628f9f5,matched,arXiv,https://arxiv.org/pdf/hep-th/0202112,0,,false,,,
180,hep-th/0208105,592994,2002,Minimal superspace vector fields for 5-D minimal supersymmetry,"Gates, S. James, Jr. | Rana, Lubna",article,hep-th/0208105,10.1023/A:1021201715112,UMDEPP-02-56 | CALT-68-2389,https://inspirehep.net/literature/592994,false,,,verified_local_pdf,/Users/brandon/Documents/S_James_Gates_Publications/pdfs/2002_hep-th_0208105_Minimal_superspace_vector_fields_for_5_D_minimal_supersymmetry.pdf,pdfs/2002_hep-th_0208105_Minimal_superspace_vector_fields_for_5_D_minimal_supersymmetry.pdf,2002_hep-th_0208105_Minimal_superspace_vector_fields_for_5_D_minimal_supersymmetry.pdf,111058,10,3047b1cace5bb4a8cee8db3bf7370a432ac11c64287ed01d334b0dd1780f21ca,3047b1cace5bb4a8cee8db3bf7370a432ac11c64287ed01d334b0dd1780f21ca,matched,arXiv,https://arxiv.org/pdf/hep-th/0208105,0,,false,,,
181,hep-th/0201096,581767,2002,"New 4-D, N=1 superfield theory: Model of free massive superspin 3/2 multiplet","Buchbinder, I.L. | Gates, S.James, Jr. | Linch, William Divine, III | Phillips, J.",article,hep-th/0201096,10.1016/S0370-2693(02)01772-0,UMDEPP-02-031 | CALT-68-2368,https://inspirehep.net/literature/581767,false,,,verified_local_pdf,/Users/brandon/Documents/S_James_Gates_Publications/pdfs/2002_hep-th_0201096_New_4_D_N_1_superfield_theory_Model_of_free_massive_superspin_3_2_multiplet.pdf,pdfs/2002_hep-th_0201096_New_4_D_N_1_superfield_theory_Model_of_free_massive_superspin_3_2_multiplet.pdf,2002_hep-th_0201096_New_4_D_N_1_superfield_theory_Model_of_free_massive_superspin_3_2_multiplet.pdf,161133,14,04b042f56af71bca17cb1458bf0d94bd555b876cdfdfc98d434ba7076e53af3c,04b042f56af71bca17cb1458bf0d94bd555b876cdfdfc98d434ba7076e53af3c,matched,arXiv,https://arxiv.org/pdf/hep-th/0201096,0,,false,,,
182,hep-th/0211021,601268,2002,Short Distance Expansion from the Dual Representation of Infinite Dimensional Lie Algebras,"Gates, S.James, Jr. | Linch, William Divine, III | Phillips, J. | Rodgers, V.G.J.",article,hep-th/0211021,10.1007/s00220-004-1048-0,UMDEPP-03-025,https://inspirehep.net/literature/601268,false,,,verified_local_pdf,/Users/brandon/Documents/S_James_Gates_Publications/pdfs/2002_hep-th_0211021_Short_Distance_Expansion_from_the_Dual_Representation_of_Infinite_Dimensional_Lie_Algebras.pdf,pdfs/2002_hep-th_0211021_Short_Distance_Expansion_from_the_Dual_Representation_of_Infinite_Dimensional_Lie_Algebras.pdf,2002_hep-th_0211021_Short_Distance_Expansion_from_the_Dual_Representation_of_Infinite_Dimensional_Lie_Algebras.pdf,277504,21,bcbd6fec4d869ef9edaadb07b3d0b33d510039aaaab20d6b0fdd8973a8e39999,bcbd6fec4d869ef9edaadb07b3d0b33d510039aaaab20d6b0fdd8973a8e39999,matched,arXiv,https://arxiv.org/pdf/hep-th/0211021,0,,false,,,
183,hep-th/0211034,601439,2002,When superspace is not enough,"Gates, S.James, Jr. | Linch, William Divine, III | Phillips, J.",article,hep-th/0211034,,UMDEPP-02-054 | CALT-68-2387,https://inspirehep.net/literature/601439,false,,,verified_local_pdf,/Users/brandon/Documents/S_James_Gates_Publications/pdfs/2002_hep-th_0211034_When_superspace_is_not_enough.pdf,pdfs/2002_hep-th_0211034_When_superspace_is_not_enough.pdf,2002_hep-th_0211034_When_superspace_is_not_enough.pdf,356785,45,1c356b7ef6001a2f4943856dc53a2eb30bbaa500fecb8b98c33ee126cfbc87c6,1c356b7ef6001a2f4943856dc53a2eb30bbaa500fecb8b98c33ee126cfbc87c6,matched,arXiv,https://arxiv.org/pdf/hep-th/0211034,0,,false,,,
184,hep-th/0311153,633544,2003,"Field strengths of linearized 5-D, N=1 superfield supergravity on a three-brane","Gates, S.James, Jr. | Linch, William Divine, III | Phillips, J.",article,hep-th/0311153,10.1088/1126-6708/2005/02/036,UMDEPP-04-009 | UFIFT-HEP-03-31,https://inspirehep.net/literature/633544,false,,,verified_local_pdf,/Users/brandon/Documents/S_James_Gates_Publications/pdfs/2003_hep-th_0311153_Field_strengths_of_linearized_5_D_N_1_superfield_supergravity_on_a_three_brane.pdf,pdfs/2003_hep-th_0311153_Field_strengths_of_linearized_5_D_N_1_superfield_supergravity_on_a_three_brane.pdf,2003_hep-th_0311153_Field_strengths_of_linearized_5_D_N_1_superfield_supergravity_on_a_three_brane.pdf,217986,18,41a38dfdda7e9b82c0c065d914cdc8a1ab941b70736533f8ee03d0192e9a7ae6,41a38dfdda7e9b82c0c065d914cdc8a1ab941b70736533f8ee03d0192e9a7ae6,matched,arXiv,https://arxiv.org/pdf/hep-th/0311153,0,,false,,,
185,hep-th/0312040,634664,2003,"M theory on spin(7) manifolds, fluxes and 3-D, N=1 supergravity","Becker, Melanie | Constantin, Dragos | Gates, S.James, Jr. | Linch, William Divine, III | Merrell, Willie | Phillips, J.",article,hep-th/0312040,10.1016/j.nuclphysb.2004.01.013,UMD-PP-03-071,https://inspirehep.net/literature/634664,false,,,verified_local_pdf,/Users/brandon/Documents/S_James_Gates_Publications/pdfs/2003_hep-th_0312040_M_theory_on_spin_7_manifolds_fluxes_and_3_D_N_1_supergravity.pdf,pdfs/2003_hep-th_0312040_M_theory_on_spin_7_manifolds_fluxes_and_3_D_N_1_supergravity.pdf,2003_hep-th_0312040_M_theory_on_spin_7_manifolds_fluxes_and_3_D_N_1_supergravity.pdf,379219,37,82e9b3254347d8fe09d8124620ea67c5336a9951589b68516b19a89188575d8a,82e9b3254347d8fe09d8124620ea67c5336a9951589b68516b19a89188575d8a,matched,arXiv,https://arxiv.org/pdf/hep-th/0312040,0,,false,,,
186,hep-th/0305169,619144,2003,Supergravity loop contributions to brane world supersymmetry breaking,"Buchbinder, I.L. | Gates, S.James, Jr. | Goh, Hock-Seng | Linch, William Divine, III | Luty, Markus A. | Ng, Siew-Phang | Phillips, J.",article,hep-th/0305169,10.1103/PhysRevD.70.025008,UMD-PP-03-008,https://inspirehep.net/literature/619144,false,,,verified_local_pdf,/Users/brandon/Documents/S_James_Gates_Publications/pdfs/2003_hep-th_0305169_Supergravity_loop_contributions_to_brane_world_supersymmetry_breaking.pdf,pdfs/2003_hep-th_0305169_Supergravity_loop_contributions_to_brane_world_supersymmetry_breaking.pdf,2003_hep-th_0305169_Supergravity_loop_contributions_to_brane_world_supersymmetry_breaking.pdf,148547,13,5d1d26b5b7dd9bf4f64a3e2628c1876c4aed2d16f80d317009fc3e5990e926f3,5d1d26b5b7dd9bf4f64a3e2628c1876c4aed2d16f80d317009fc3e5990e926f3,matched,arXiv,https://arxiv.org/pdf/hep-th/0305169,0,,false,,,
187,hep-th/0306288,622349,2003,"The Off-shell (3/2, 2) supermultiplets revisited","Gates, S.James, Jr. | Kuzenko, Sergei M. | Phillips, J.",article,hep-th/0306288,10.1016/j.physletb.2003.09.085,UMDEPP-03-053,https://inspirehep.net/literature/622349,false,,,verified_local_pdf,/Users/brandon/Documents/S_James_Gates_Publications/pdfs/2003_hep-th_0306288_The_Off_shell_3_2_2_supermultiplets_revisited.pdf,pdfs/2003_hep-th_0306288_The_Off_shell_3_2_2_supermultiplets_revisited.pdf,2003_hep-th_0306288_The_Off_shell_3_2_2_supermultiplets_revisited.pdf,185068,14,79fed8eb163ddfbb50fceda660660315fcae725c0bcec97fdeb83b554387f228,79fed8eb163ddfbb50fceda660660315fcae725c0bcec97fdeb83b554387f228,matched,arXiv,https://arxiv.org/pdf/hep-th/0306288,0,,false,,,
188,hep-th/0408004,655613,2004,Adinkras: A Graphical technology for supersymmetric representation theory,"Faux, Michael | Gates, S.J., Jr.",article,hep-th/0408004,10.1103/PhysRevD.71.065002,HWS-2004-A07 | UMDEPP-05-007 | HWS2004-A07,https://inspirehep.net/literature/655613,false,,,verified_local_pdf,/Users/brandon/Documents/S_James_Gates_Publications/pdfs/2004_hep-th_0408004_Adinkras_A_Graphical_technology_for_supersymmetric_representation_theory.pdf,pdfs/2004_hep-th_0408004_Adinkras_A_Graphical_technology_for_supersymmetric_representation_theory.pdf,2004_hep-th_0408004_Adinkras_A_Graphical_technology_for_supersymmetric_representation_theory.pdf,429203,44,2e9087e37f8d0790a7118b195b3f38d3c39f995da32693d65564b7d70213f54d,2e9087e37f8d0790a7118b195b3f38d3c39f995da32693d65564b7d70213f54d,matched,arXiv,https://arxiv.org/pdf/hep-th/0408004,0,,false,,,
189,hep-th/0409014,658189,2004,Can the string scale be related to the cosmic baryon asymmetry?,"Alexander, Stephon H.S. | Gates, S.James, Jr.",article,hep-th/0409014,10.1088/1475-7516/2006/06/018,SLAC-PUB-10688 | UMDEPP-05-014,https://inspirehep.net/literature/658189,false,,,verified_local_pdf,/Users/brandon/Documents/S_James_Gates_Publications/pdfs/2004_hep-th_0409014_Can_the_string_scale_be_related_to_the_cosmic_baryon_asymmetry.pdf,pdfs/2004_hep-th_0409014_Can_the_string_scale_be_related_to_the_cosmic_baryon_asymmetry.pdf,2004_hep-th_0409014_Can_the_string_scale_be_related_to_the_cosmic_baryon_asymmetry.pdf,157609,15,d78847fb8534382e8d15103f1dd8955736c7316f7b98be09d686936c48099f3e,d78847fb8534382e8d15103f1dd8955736c7316f7b98be09d686936c48099f3e,matched,arXiv,https://arxiv.org/pdf/hep-th/0409014,0,,false,,,
190,hep-th/0409104,658781,2004,"Dynamical equations from a first-order perturbative superspace formulation of 10D, N=1 string-corrected supergravity. (I)","Gates, S.James, Jr. | Kiss, Annamaria | Merrell, Willie",article,hep-th/0409104,10.1088/1126-6708/2004/12/047,UMDEPP-05-010,https://inspirehep.net/literature/658781,false,,,verified_local_pdf,/Users/brandon/Documents/S_James_Gates_Publications/pdfs/2004_hep-th_0409104_Dynamical_equations_from_a_first_order_perturbative_superspace_formulation_of_10D_N_1_stri.pdf,pdfs/2004_hep-th_0409104_Dynamical_equations_from_a_first_order_perturbative_superspace_formulation_of_10D_N_1_stri.pdf,2004_hep-th_0409104_Dynamical_equations_from_a_first_order_perturbative_superspace_formulation_of_10D_N_1_stri.pdf,190945,21,6f2f24cd834d9ef800bf0abe648684516c62880b87367ba0f6568985d65614fb,6f2f24cd834d9ef800bf0abe648684516c62880b87367ba0f6568985d65614fb,matched,arXiv,https://arxiv.org/pdf/hep-th/0409104,0,,false,,,
191,inspire:671443,671443,2004,Porous low-k dielectrics: Material properties,"Turk, B.E. | Wong, T.Yian | Schwarzenbacher, R. | Jarrell, E.T. | Tyberg, S.H.C. | Huang, E. | Hedrick, J.L. | Simonyi, E. | Gates, S. | Cohen, S. | Malone, K. | Wickland, H. | Sankarapandian, M. | Toney, M.F. | Kim, H.-C. | Miller, R.D. | Volksen, W. | Rice, P. | Lurio, L.B.",article,,,SLAC-REPRINT-2004-394,https://inspirehep.net/literature/671443,false,,,metadata_only,,,,,,,,,,,0,,false,,,
192,hep-th/0410070,661400,2004,Supersymmetric embedding of the quantum Hall matrix model,"Gates, S.James, Jr. | Jellal, Ahmed | Saidi, EL Hassan | Schreiber, Michael",article,hep-th/0410070,10.1088/1126-6708/2004/11/075,GNPHE-0402 | CDUTPG-04-01 | UMDEPP-05-018,https://inspirehep.net/literature/661400,false,,,verified_local_pdf,/Users/brandon/Documents/S_James_Gates_Publications/pdfs/2004_hep-th_0410070_Supersymmetric_embedding_of_the_quantum_Hall_matrix_model.pdf,pdfs/2004_hep-th_0410070_Supersymmetric_embedding_of_the_quantum_Hall_matrix_model.pdf,2004_hep-th_0410070_Supersymmetric_embedding_of_the_quantum_Hall_matrix_model.pdf,321177,30,77c403b1b09e00544efb600ca11e597cdb777465639a109c9ee3a11b315ad402,77c403b1b09e00544efb600ca11e597cdb777465639a109c9ee3a11b315ad402,matched,arXiv,https://arxiv.org/pdf/hep-th/0410070,0,,false,,,
193,hep-th/0506255,686382,2005,"4D, N = 1 higher spin gauge superfields and quantized twistors","Gates, S.James, Jr. | Kuzenko, Sergei M.",article,hep-th/0506255,10.1088/1126-6708/2005/10/008,UMDEPP-05-046,https://inspirehep.net/literature/686382,false,,,verified_local_pdf,/Users/brandon/Documents/S_James_Gates_Publications/pdfs/2005_hep-th_0506255_4D_N_1_higher_spin_gauge_superfields_and_quantized_twistors.pdf,pdfs/2005_hep-th_0506255_4D_N_1_higher_spin_gauge_superfields_and_quantized_twistors.pdf,2005_hep-th_0506255_4D_N_1_higher_spin_gauge_superfields_and_quantized_twistors.pdf,255071,22,97c051efc3e4bd41eb9ad8636cc6268c77f358873ebd5bf89f1347ede8d95180,97c051efc3e4bd41eb9ad8636cc6268c77f358873ebd5bf89f1347ede8d95180,matched,arXiv,https://arxiv.org/pdf/hep-th/0506255,0,,false,,,
194,hep-th/0508187,690796,2005,"6D supersymmetry, projective superspace and 4D, N=1 superfields","Gates, S.James, Jr. | Penati, Silvia | Tartaglino-Mazzucchelli, Gabriele",article,hep-th/0508187,10.1088/1126-6708/2006/05/051,UMDEPP-05-134 | BICOCCA-FT-05-21,https://inspirehep.net/literature/690796,false,,,verified_local_pdf,/Users/brandon/Documents/S_James_Gates_Publications/pdfs/2005_hep-th_0508187_6D_supersymmetry_projective_superspace_and_4D_N_1_superfields.pdf,pdfs/2005_hep-th_0508187_6D_supersymmetry_projective_superspace_and_4D_N_1_superfields.pdf,2005_hep-th_0508187_6D_supersymmetry_projective_superspace_and_4D_N_1_superfields.pdf,235907,27,538deef03ff7c65e5732993b86e51fd0167cadfe7420330b37ac8626e0cbcd22,538deef03ff7c65e5732993b86e51fd0167cadfe7420330b37ac8626e0cbcd22,matched,arXiv,https://arxiv.org/pdf/hep-th/0508187,0,,false,,,
195,inspire:706881,706881,2005,Introductory and fundamental mathematical aspects of supersymmetry,"Gates, S.J.",conference paper,,,,https://inspirehep.net/literature/706881,false,,,metadata_only,,,,,,,,,,,0,,false,,,
196,hep-th/0501199,675561,2005,"Massive 4D, N=1 superspin 1 and 3/2 multiplets and dualities","Buchbinder, I.L. | James Gates, S., Jr. | Kuzenko, S.M. | Phillips, J.",article,hep-th/0501199,10.1088/1126-6708/2005/02/056,UMDEPP-05-038 | UFIFT-HEP-05-4,https://inspirehep.net/literature/675561,false,,,verified_local_pdf,/Users/brandon/Documents/S_James_Gates_Publications/pdfs/2005_hep-th_0501199_Massive_4D_N_1_superspin_1_and_3_2_multiplets_and_dualities.pdf,pdfs/2005_hep-th_0501199_Massive_4D_N_1_superspin_1_and_3_2_multiplets_and_dualities.pdf,2005_hep-th_0501199_Massive_4D_N_1_superspin_1_and_3_2_multiplets_and_dualities.pdf,219418,15,b8f7ac7c72ef4875263c9242f0f614f0dff628962b4b706fb01d94d86794dcfe,b8f7ac7c72ef4875263c9242f0f614f0dff628962b4b706fb01d94d86794dcfe,matched,arXiv,https://arxiv.org/pdf/hep-th/0501199,0,,false,,,
197,math-ph/0512016,699968,2005,"On graph-theoretic identifications of Adinkras, supersymmetry representations and superfields","Doran, C.F. | Faux, M.G. | S.J.Gates, Jr. | Hübsch, T. | Iga, K.M. | Landweber, G.D.",article,math-ph/0512016,10.1142/S0217751X07035112,,https://inspirehep.net/literature/699968,false,,,verified_local_pdf,/Users/brandon/Documents/S_James_Gates_Publications/pdfs/2005_math-ph_0512016_On_graph_theoretic_identifications_of_Adinkras_supersymmetry_representations_and_superfiel.pdf,pdfs/2005_math-ph_0512016_On_graph_theoretic_identifications_of_Adinkras_supersymmetry_representations_and_superfiel.pdf,2005_math-ph_0512016_On_graph_theoretic_identifications_of_Adinkras_supersymmetry_representations_and_superfiel.pdf,612069,58,4cba509d565b4bc7d3fc6814ee259e376543057edf95ae0922d874f6f9dd8c0f,4cba509d565b4bc7d3fc6814ee259e376543057edf95ae0922d874f6f9dd8c0f,matched,arXiv,https://arxiv.org/pdf/math-ph/0512016,0,,false,,,
198,hep-th/0604042,714004,2006,"6D Supersymmetric Nonlinear Sigma-Models in 4D, N=1 Superspace","Gates, S.James, Jr. | Penati, Silvia | Tartaglino-Mazzucchelli, Gabriele",article,hep-th/0604042,10.1088/1126-6708/2006/09/006,UMDEPP-06-003 | BICOCCA-FT-06-6,https://inspirehep.net/literature/714004,false,,,verified_local_pdf,/Users/brandon/Documents/S_James_Gates_Publications/pdfs/2006_hep-th_0604042_6D_Supersymmetric_Nonlinear_Sigma_Models_in_4D_N_1_Superspace.pdf,pdfs/2006_hep-th_0604042_6D_Supersymmetric_Nonlinear_Sigma_Models_in_4D_N_1_Superspace.pdf,2006_hep-th_0604042_6D_Supersymmetric_Nonlinear_Sigma_Models_in_4D_N_1_Superspace.pdf,316422,35,b52b82a4b43c5c7fafd4af472bfe1061e2344795b4853f263d73979ca7cfeee6,b52b82a4b43c5c7fafd4af472bfe1061e2344795b4853f263d73979ca7cfeee6,matched,arXiv,https://arxiv.org/pdf/hep-th/0604042,0,,false,,,
199,hep-th/0611060,731002,2006,"A Counter-example to a putative classification of 1-dimensional, N-extended supermultiplets","Doran, C.F. | Faux, M.G. | Gates, S.J., Jr. | Hubsch, T. | Iga, K.M. | Landweber, G.D.",article,hep-th/0611060,,UMDEPP-06-056,https://inspirehep.net/literature/731002,false,,,verified_local_pdf,/Users/brandon/Documents/S_James_Gates_Publications/pdfs/2006_hep-th_0611060_A_Counter_example_to_a_putative_classification_of_1_dimensional_N_extended_supermultiplets.pdf,pdfs/2006_hep-th_0611060_A_Counter_example_to_a_putative_classification_of_1_dimensional_N_extended_supermultiplets.pdf,2006_hep-th_0611060_A_Counter_example_to_a_putative_classification_of_1_dimensional_N_extended_supermultiplets.pdf,194426,10,2979aefa5943dfd9c14f351b15cf58838af9803ee8e56ebca50444634b122e04,2979aefa5943dfd9c14f351b15cf58838af9803ee8e56ebca50444634b122e04,matched,arXiv,https://arxiv.org/pdf/hep-th/0611060,0,,false,,,
200,hep-th/0602259,711216,2006,A Journey through garden algebras,"Bellucci, Stefano | Gates, Sylvester James, Jr. | Orazi, Emanuele",conference paper,hep-th/0602259,10.1007/3-540-33314-2_1,,https://inspirehep.net/literature/711216,false,,,verified_local_pdf,/Users/brandon/Documents/S_James_Gates_Publications/pdfs/2006_hep-th_0602259_A_Journey_through_garden_algebras.pdf,pdfs/2006_hep-th_0602259_A_Journey_through_garden_algebras.pdf,2006_hep-th_0602259_A_Journey_through_garden_algebras.pdf,824358,50,f877ac5fdccf1088e9615e8f7484f27bdeb4fa52735181c84f015fa8f19508e0,f877ac5fdccf1088e9615e8f7484f27bdeb4fa52735181c84f015fa8f19508e0,matched,arXiv,https://arxiv.org/pdf/hep-th/0602259,0,,false,,,
201,hep-th/0605269,717895,2006,Adinkras and the Dynamics of Superspace Prepotentials,"Doran, C.F. | Faux, M.G. | Gates, S.J., Jr. | Hubsch, T. | Iga, K.M. | Landweber, G.D.",article,hep-th/0605269,,UMDEPP-06-011,https://inspirehep.net/literature/717895,false,,,verified_local_pdf,/Users/brandon/Documents/S_James_Gates_Publications/pdfs/2006_hep-th_0605269_Adinkras_and_the_Dynamics_of_Superspace_Prepotentials.pdf,pdfs/2006_hep-th_0605269_Adinkras_and_the_Dynamics_of_Superspace_Prepotentials.pdf,2006_hep-th_0605269_Adinkras_and_the_Dynamics_of_Superspace_Prepotentials.pdf,545561,42,f5a6e54871bf6a36918a039dd005d6caeea397cede9bc54e9bbb3db2d605129a,f5a6e54871bf6a36918a039dd005d6caeea397cede9bc54e9bbb3db2d605129a,matched,arXiv,https://arxiv.org/pdf/hep-th/0605269,0,,false,,,
202,inspire:723249,723249,2006,Is string theory phenomenologically viable?,"Gates, S.J.",article,,10.1063/1.2218556,,https://inspirehep.net/literature/723249,false,,,metadata_only,,,,,,,,,,,0,,false,,,Crossref full text: HTTP 403 | DOI content negotiation: not PDF (text/html;charset=UTF-8)
203,hep-th/0610333,730507,2006,New massive supergravity multiplets,"Gates, S.James, Jr. | Kuzenko, Sergei M. | Tartaglino-Mazzucchelli, Gabriele",article,hep-th/0610333,10.1088/1126-6708/2007/02/052,UMDEPP-06-055,https://inspirehep.net/literature/730507,false,,,verified_local_pdf,/Users/brandon/Documents/S_James_Gates_Publications/pdfs/2006_hep-th_0610333_New_massive_supergravity_multiplets.pdf,pdfs/2006_hep-th_0610333_New_massive_supergravity_multiplets.pdf,2006_hep-th_0610333_New_massive_supergravity_multiplets.pdf,167604,18,cde8c606088f2489f8314d9dc3f072976b66a03c85e64e8d0ad13dbe545ba304,cde8c606088f2489f8314d9dc3f072976b66a03c85e64e8d0ad13dbe545ba304,matched,arXiv,https://arxiv.org/pdf/hep-th/0610333,0,,false,,,
204,0705.3207,751168,2007,"D=2 N=(2,2) Semi Chiral Vector Multiplet","Gates, S.James, Jr. | Merrell, Willie",article,0705.3207,10.1088/1126-6708/2007/10/035,UMDEPP-07-002,https://inspirehep.net/literature/751168,false,,,verified_local_pdf,/Users/brandon/Documents/S_James_Gates_Publications/pdfs/2007_0705.3207_D_2_N_2_2_Semi_Chiral_Vector_Multiplet.pdf,pdfs/2007_0705.3207_D_2_N_2_2_Semi_Chiral_Vector_Multiplet.pdf,2007_0705.3207_D_2_N_2_2_Semi_Chiral_Vector_Multiplet.pdf,133506,15,66233c5bb40cc772b77db1b8545463924f3ad65f6aea3eecdad82caa981739ae,66233c5bb40cc772b77db1b8545463924f3ad65f6aea3eecdad82caa981739ae,matched,arXiv,https://arxiv.org/pdf/0705.3207,0,,false,,,
205,0710.5245,765824,2007,On the matter of N=2 matter,"Doran, C. F. | Faux, M. G. | Gates, S. J., Jr. | Hubsch, T. | Iga, K. M. | Landweber, G. D.",article,0710.5245,10.1016/j.physletb.2007.11.001,UMDEPP-07-011 | SUNY-O-666,https://inspirehep.net/literature/765824,false,,,verified_local_pdf,/Users/brandon/Documents/S_James_Gates_Publications/pdfs/2007_0710.5245_On_the_matter_of_N_2_matter.pdf,pdfs/2007_0710.5245_On_the_matter_of_N_2_matter.pdf,2007_0710.5245_On_the_matter_of_N_2_matter.pdf,489190,12,1b37e3837f1a37a994e02d071a45eccebc2a8da9d0e42c5c0068aed725f2b363,1b37e3837f1a37a994e02d071a45eccebc2a8da9d0e42c5c0068aed725f2b363,matched,arXiv,https://arxiv.org/pdf/0710.5245,0,,false,,,
206,inspire:772961,772961,2007,Revealing some of the hidden representation theory of supersymmetry,"Gates, S.James",conference paper,,10.1063/1.2803799,,https://inspirehep.net/literature/772961,false,,,metadata_only,,,,,,,,,,,0,,false,,,DOI content negotiation: HTTP 403
207,0811.3410,803194,2008,"Adinkras for Clifford Algebras, and Worldline Supermultiplets","Doran, C.F. | Faux, M.G. | Gates, S.J., Jr. | Hubsch, T. | Iga, K.M. | Landweber, G.D. | Miller, R.L.",article,0811.3410,,UMDEPP-08-020 | SUNY-O-670,https://inspirehep.net/literature/803194,false,,,verified_local_pdf,/Users/brandon/Documents/S_James_Gates_Publications/pdfs/2008_0811.3410_Adinkras_for_Clifford_Algebras_and_Worldline_Supermultiplets.pdf,pdfs/2008_0811.3410_Adinkras_for_Clifford_Algebras_and_Worldline_Supermultiplets.pdf,2008_0811.3410_Adinkras_for_Clifford_Algebras_and_Worldline_Supermultiplets.pdf,1475243,56,affbcaa7c4476b28c21460f2f69651ac31f73bdd6ae9771c6c12bddb8b7ba096,affbcaa7c4476b28c21460f2f69651ac31f73bdd6ae9771c6c12bddb8b7ba096,matched,arXiv,https://arxiv.org/pdf/0811.3410,0,,false,,,
208,0809.5279,798100,2008,Frames for supersymmetry,"Doran, C.F. | Faux, M.G. | Gates, S.J.Jr. | Hubsch, T. | Iga, K.M. | Landweber, G.D.",article,0809.5279,10.1142/S0217751X09044644,SUNY-O-667 | UMDEPP-08-018,https://inspirehep.net/literature/798100,false,,,verified_local_pdf,/Users/brandon/Documents/S_James_Gates_Publications/pdfs/2008_0809.5279_Frames_for_supersymmetry.pdf,pdfs/2008_0809.5279_Frames_for_supersymmetry.pdf,2008_0809.5279_Frames_for_supersymmetry.pdf,1019500,14,7e542c5b16b2b19d4004c30395fde147842f421a39f696a45fbf9c0bbd5f70e8,7e542c5b16b2b19d4004c30395fde147842f421a39f696a45fbf9c0bbd5f70e8,matched,arXiv,https://arxiv.org/pdf/0809.5279,0,,false,,,
209,0806.0051,787025,2008,"Relating Doubly-Even Error-Correcting Codes, Graphs, and Irreducible Representations of N-Extended Supersymmetry","Doran, C.F. | Faux, M.G. | Gates, S.J., Jr. | Hubsch, T. | Iga, K.M. | Landweber, G.D.",article,0806.0051,,UMDEPP-07-012-SUNY-O-663,https://inspirehep.net/literature/787025,false,,,verified_local_pdf,/Users/brandon/Documents/S_James_Gates_Publications/pdfs/2008_0806.0051_Relating_Doubly_Even_Error_Correcting_Codes_Graphs_and_Irreducible_Representations_of_N_Ex.pdf,pdfs/2008_0806.0051_Relating_Doubly_Even_Error_Correcting_Codes_Graphs_and_Irreducible_Representations_of_N_Ex.pdf,2008_0806.0051_Relating_Doubly_Even_Error_Correcting_Codes_Graphs_and_Irreducible_Representations_of_N_Ex.pdf,288500,18,4b8c45bd05fdcf2061115631859648c293f789a1205ab3ba636fcc3d51680bac,4b8c45bd05fdcf2061115631859648c293f789a1205ab3ba636fcc3d51680bac,matched,arXiv,https://arxiv.org/pdf/0806.0051,0,,false,,,
210,0801.3687,778050,2008,"Short Distance Operator Product Expansion of the 1D, N = 4 Extended GR Super Virasoro Algebra by Use of Coadjoint Representations","Chappell, Isaac, II | James Gates, S., Jr.",article,0801.3687,10.1088/1126-6708/2009/01/054,UMDEPP-07-016,https://inspirehep.net/literature/778050,false,,,verified_local_pdf,/Users/brandon/Documents/S_James_Gates_Publications/pdfs/2008_0801.3687_Short_Distance_Operator_Product_Expansion_of_the_1D_N_4_Extended_GR_Super_Virasoro_Algebra.pdf,pdfs/2008_0801.3687_Short_Distance_Operator_Product_Expansion_of_the_1D_N_4_Extended_GR_Super_Virasoro_Algebra.pdf,2008_0801.3687_Short_Distance_Operator_Product_Expansion_of_the_1D_N_4_Extended_GR_Super_Virasoro_Algebra.pdf,181185,20,8ed5c5656813b4c8235fba769f58854546946ebc27fc37f1d093d4652c5938da,8ed5c5656813b4c8235fba769f58854546946ebc27fc37f1d093d4652c5938da,matched,arXiv,https://arxiv.org/pdf/0801.3687,0,,false,,,
211,0803.3434,781935,2008,Super-Zeeman Embedding Models on N-Supersymmetric World-Lines,"Doran, C.F. | Faux, M.G. | Gates, S.J. | Hubsch, T. | Iga, K.M. | Landweber, G.D.",article,0803.3434,10.1088/1751-8113/42/6/065402,,https://inspirehep.net/literature/781935,false,,,verified_local_pdf,/Users/brandon/Documents/S_James_Gates_Publications/pdfs/2008_0803.3434_Super_Zeeman_Embedding_Models_on_N_Supersymmetric_World_Lines.pdf,pdfs/2008_0803.3434_Super_Zeeman_Embedding_Models_on_N_Supersymmetric_World_Lines.pdf,2008_0803.3434_Super_Zeeman_Embedding_Models_on_N_Supersymmetric_World_Lines.pdf,273478,14,6712efd1435378716d152e9e1c808cc03cf7bb30ab3c6d2021d0d4456be3d9ba,6712efd1435378716d152e9e1c808cc03cf7bb30ab3c6d2021d0d4456be3d9ba,matched,arXiv,https://arxiv.org/pdf/0803.3434,0,,false,,,
212,0806.0050,787024,2008,Topology Types of Adinkras and the Corresponding Representations of N-Extended Supersymmetry,"Doran, C.F. | Faux, M.G. | S.J.Gates, Jr. | Hübsch, T. | Iga, K.M. | Landweber, G.D. | Miller, R.L.",article,0806.0050,,UMDEPP-08-010 | SUNY-O-667,https://inspirehep.net/literature/787024,false,,,verified_local_pdf,/Users/brandon/Documents/S_James_Gates_Publications/pdfs/2008_0806.0050_Topology_Types_of_Adinkras_and_the_Corresponding_Representations_of_N_Extended_Supersymmet.pdf,pdfs/2008_0806.0050_Topology_Types_of_Adinkras_and_the_Corresponding_Representations_of_N_Extended_Supersymmet.pdf,2008_0806.0050_Topology_Types_of_Adinkras_and_the_Corresponding_Representations_of_N_Extended_Supersymmet.pdf,577625,42,1ff5da26d81f88547cf40cff99358d3db366ba9d5bba7e8f186184db44d8b20c,1ff5da26d81f88547cf40cff99358d3db366ba9d5bba7e8f186184db44d8b20c,matched,arXiv,https://arxiv.org/pdf/0806.0050,0,,false,,,
213,0902.3830,813950,2009,"4D, N = 1 Supersymmetry Genomics (I)","Gates, S.J., Jr. | Gonzales, J. | MacGregor, Boanne | Parker, J. | Polo-Sherk, Ruben | Rodgers, V.G.J. | Wassink, Luke",article,0902.3830,10.1088/1126-6708/2009/12/008,UMDEPP-08-025,https://inspirehep.net/literature/813950,false,,,verified_local_pdf,/Users/brandon/Documents/S_James_Gates_Publications/pdfs/2009_0902.3830_4D_N_1_Supersymmetry_Genomics_I.pdf,pdfs/2009_0902.3830_4D_N_1_Supersymmetry_Genomics_I.pdf,2009_0902.3830_4D_N_1_Supersymmetry_Genomics_I.pdf,695390,53,d55b80ef20e53f74ed8e4158ea6ce5db0ba4ff71f9bc276b6ca24bdf9174b385,d55b80ef20e53f74ed8e4158ea6ce5db0ba4ff71f9bc276b6ca24bdf9174b385,matched,arXiv,https://arxiv.org/pdf/0902.3830,0,,false,,,
214,0901.4165,811896,2009,"A Derivation of an Off-Shell N = (2,2) Supergravity Chiral Projection Operator","Gates, S.James, Jr. | Morrison, Akin",article,0901.4165,10.1088/1751-8113/42/44/442002,UMDEPP-08-024,https://inspirehep.net/literature/811896,false,,,verified_local_pdf,/Users/brandon/Documents/S_James_Gates_Publications/pdfs/2009_0901.4165_A_Derivation_of_an_Off_Shell_N_2_2_Supergravity_Chiral_Projection_Operator.pdf,pdfs/2009_0901.4165_A_Derivation_of_an_Off_Shell_N_2_2_Supergravity_Chiral_Projection_Operator.pdf,2009_0901.4165_A_Derivation_of_an_Off_Shell_N_2_2_Supergravity_Chiral_Projection_Operator.pdf,104445,10,d679c60f7271dd7c90ad6e01a136261da9ed1ff521bc025beab2dbc8f43b70c2,d679c60f7271dd7c90ad6e01a136261da9ed1ff521bc025beab2dbc8f43b70c2,matched,arXiv,https://arxiv.org/pdf/0901.4165,0,,false,,,
215,0901.4970,812235,2009,A Superfield for Every Dash-Chromotopology,"Doran, C.F. | Faux, M.G. | Gates, S.J., Jr. | Hubsch, T. | Iga, K.M. | Landweber, G.D.",article,0901.4970,10.1142/S0217751X09047685,UMDEPP-09-029 | SUNY-O-672,https://inspirehep.net/literature/812235,false,,,verified_local_pdf,/Users/brandon/Documents/S_James_Gates_Publications/pdfs/2009_0901.4970_A_Superfield_for_Every_Dash_Chromotopology.pdf,pdfs/2009_0901.4970_A_Superfield_for_Every_Dash_Chromotopology.pdf,2009_0901.4970_A_Superfield_for_Every_Dash_Chromotopology.pdf,376787,14,75030bd3d3b0382db5b923a9d556984f0ec6f82d0dcabd3d9882da0a509258a6,75030bd3d3b0382db5b923a9d556984f0ec6f82d0dcabd3d9882da0a509258a6,matched,arXiv,https://arxiv.org/pdf/0901.4970,0,,false,,,
216,0909.3918,831847,2009,Chiral supergravity actions and superforms,"Gates, S.J., Jr. | Kuzenko, S.M. | Tartaglino-Mazzucchelli, G.",article,0909.3918,10.1103/PhysRevD.80.125015,UMD-PP-09-048,https://inspirehep.net/literature/831847,false,,,verified_local_pdf,/Users/brandon/Documents/S_James_Gates_Publications/pdfs/2009_0909.3918_Chiral_supergravity_actions_and_superforms.pdf,pdfs/2009_0909.3918_Chiral_supergravity_actions_and_superforms.pdf,2009_0909.3918_Chiral_supergravity_actions_and_superforms.pdf,189660,15,83f988b6ed2c3a771ed435835eafe95bc0834433acd6e6b8f858281ed69c3f05,83f988b6ed2c3a771ed435835eafe95bc0834433acd6e6b8f858281ed69c3f05,matched,arXiv,https://arxiv.org/pdf/0909.3918,0,,false,,,
217,0907.5264,827339,2009,Ectoplasm and Superspace Integration Measure for 2D Supergravity with Four Spinorial Supercurrents,"Gates, S.James, Jr. | Tartaglino-Mazzucchelli, Gabriele",article,0907.5264,10.1088/1751-8113/43/9/095401,UMDEPP-09-43,https://inspirehep.net/literature/827339,false,,,verified_local_pdf,/Users/brandon/Documents/S_James_Gates_Publications/pdfs/2009_0907.5264_Ectoplasm_and_Superspace_Integration_Measure_for_2D_Supergravity_with_Four_Spinorial_Super.pdf,pdfs/2009_0907.5264_Ectoplasm_and_Superspace_Integration_Measure_for_2D_Supergravity_with_Four_Spinorial_Super.pdf,2009_0907.5264_Ectoplasm_and_Superspace_Integration_Measure_for_2D_Supergravity_with_Four_Spinorial_Super.pdf,177515,18,a4f2e8a0179c1eaa04656b7101a7a509ce034f3242774763ee2d334b84f70305,a4f2e8a0179c1eaa04656b7101a7a509ce034f3242774763ee2d334b84f70305,matched,arXiv,https://arxiv.org/pdf/0907.5264,0,,false,,,
218,0904.4719,819090,2009,Effective Symmetries of the Minimal Supermultiplet of N = 8 Extended Worldline Supersymmetry,"Faux, M.G. | Gates, S.J., Jr. | Hubsch, T.",article,0904.4719,10.1088/1751-8113/42/41/415206,SUNY-O-673 | UMDEPP-09-032,https://inspirehep.net/literature/819090,false,,,verified_local_pdf,/Users/brandon/Documents/S_James_Gates_Publications/pdfs/2009_0904.4719_Effective_Symmetries_of_the_Minimal_Supermultiplet_of_N_8_Extended_Worldline_Supersymmetry.pdf,pdfs/2009_0904.4719_Effective_Symmetries_of_the_Minimal_Supermultiplet_of_N_8_Extended_Worldline_Supersymmetry.pdf,2009_0904.4719_Effective_Symmetries_of_the_Minimal_Supermultiplet_of_N_8_Extended_Worldline_Supersymmetry.pdf,592284,34,baa1708e8b99bdf7a462285c35b96582fa0d43ebac9ffc4bde327544b6abdc42,baa1708e8b99bdf7a462285c35b96582fa0d43ebac9ffc4bde327544b6abdc42,matched,arXiv,https://arxiv.org/pdf/0904.4719,0,,false,,,
219,0906.4978,824185,2009,"Seeking the Loop Quantum Gravity Barbero-Immirzi Parameter and Field in 4D, N = 1 Supergravity","Gates, S.James, Jr. | Ketov, Sergei V. | Yunes, Nicolas",article,0906.4978,10.1103/PhysRevD.80.065003,UMDEPP-09-040,https://inspirehep.net/literature/824185,false,,,verified_local_pdf,/Users/brandon/Documents/S_James_Gates_Publications/pdfs/2009_0906.4978_Seeking_the_Loop_Quantum_Gravity_Barbero_Immirzi_Parameter_and_Field_in_4D_N_1_Supergravit.pdf,pdfs/2009_0906.4978_Seeking_the_Loop_Quantum_Gravity_Barbero_Immirzi_Parameter_and_Field_in_4D_N_1_Supergravit.pdf,2009_0906.4978_Seeking_the_Loop_Quantum_Gravity_Barbero_Immirzi_Parameter_and_Field_in_4D_N_1_Supergravit.pdf,246089,20,45ecc6baaac1e1f6283bf33407ff2556bd8773b4547dafd5640712cd87188748,45ecc6baaac1e1f6283bf33407ff2556bd8773b4547dafd5640712cd87188748,matched,arXiv,https://arxiv.org/pdf/0906.4978,0,,false,,,
220,0901.2467,811183,2009,Superstring-inspired supergravity as the universal source of inflation and quintessence,"Gates, S.James, Jr. | Ketov, Sergei V.",article,0901.2467,10.1016/j.physletb.2009.03.005,UMDEPP-09-023,https://inspirehep.net/literature/811183,false,,,verified_local_pdf,/Users/brandon/Documents/S_James_Gates_Publications/pdfs/2009_0901.2467_Superstring_inspired_supergravity_as_the_universal_source_of_inflation_and_quintessence.pdf,pdfs/2009_0901.2467_Superstring_inspired_supergravity_as_the_universal_source_of_inflation_and_quintessence.pdf,2009_0901.2467_Superstring_inspired_supergravity_as_the_universal_source_of_inflation_and_quintessence.pdf,136527,12,510536ad674b300b5faedcce5016404509f2a6da420127511fa0b15966d0c834,510536ad674b300b5faedcce5016404509f2a6da420127511fa0b15966d0c834,matched,arXiv,https://arxiv.org/pdf/0901.2467,0,,false,,,
221,1004.3572,852570,2010,A Unified Spinorial Superfield Treatment of the Higher Superspin Superfield Formalism,"Gates, S.James, Jr | Koutrolikos, Konstantinos",article,1004.3572,,UMDEPP-10-008,https://inspirehep.net/literature/852570,false,,,verified_local_pdf,/Users/brandon/Documents/S_James_Gates_Publications/pdfs/2010_1004.3572_A_Unified_Spinorial_Superfield_Treatment_of_the_Higher_Superspin_Superfield_Formalism.pdf,pdfs/2010_1004.3572_A_Unified_Spinorial_Superfield_Treatment_of_the_Higher_Superspin_Superfield_Formalism.pdf,2010_1004.3572_A_Unified_Spinorial_Superfield_Treatment_of_the_Higher_Superspin_Superfield_Formalism.pdf,117201,16,a9b0c15f33df68f976c5d812da5a3bb18b801e2849b85f323d362f0c33236cea,a9b0c15f33df68f976c5d812da5a3bb18b801e2849b85f323d362f0c33236cea,matched,arXiv,https://arxiv.org/pdf/1004.3572,0,,false,,,
222,1009.1449,868040,2010,Automorphism Properties of Adinkras,"Douglas, B.L. | Gates, S.James, Jr. | Wang, Jingbo B.",article,1009.1449,,,https://inspirehep.net/literature/868040,false,,,verified_local_pdf,/Users/brandon/Documents/S_James_Gates_Publications/pdfs/2010_1009.1449_Automorphism_Properties_of_Adinkras.pdf,pdfs/2010_1009.1449_Automorphism_Properties_of_Adinkras.pdf,2010_1009.1449_Automorphism_Properties_of_Adinkras.pdf,524136,34,b1ec237190ea472f9408228baddf87a1328553925b4f68579e38c425d45d11d9,b1ec237190ea472f9408228baddf87a1328553925b4f68579e38c425d45d11d9,matched,arXiv,https://arxiv.org/pdf/1009.1449,0,,false,,,
223,1112.2147,1080779,2011,"4D, N = 1 Supersymmetry Genomics (II)","Gates, S.James, Jr. | Hallett, Jared | Parker, James | Rodgers, Vincent G.J. | Stiffler, Kory",article,1112.2147,10.1007/JHEP06(2012)071,UMDEPP-11-019 | UMDEPP 11-019,https://inspirehep.net/literature/1080779,false,,,verified_local_pdf,/Users/brandon/Documents/S_James_Gates_Publications/pdfs/2011_1112.2147_4D_N_1_Supersymmetry_Genomics_II.pdf,pdfs/2011_1112.2147_4D_N_1_Supersymmetry_Genomics_II.pdf,2011_1112.2147_4D_N_1_Supersymmetry_Genomics_II.pdf,340538,40,e2bbd3eb6451f7596c051e01834448d626d749f1401634355aa533b3bce1947e,e2bbd3eb6451f7596c051e01834448d626d749f1401634355aa533b3bce1947e,matched,arXiv,https://arxiv.org/pdf/1112.2147,0,,false,,duplicate_doi_alias_removed,
224,1103.3564,893144,2011,A Codicil To Massless Gauge Superfields of Higher Half-Odd Integer Superspins,"Gates, S.James, Jr. | Koutrolikos, Konstantinos",article,1103.3564,,UMDEPP-11-004 | MIT-CTP-4221,https://inspirehep.net/literature/893144,false,,,verified_local_pdf,/Users/brandon/Documents/S_James_Gates_Publications/pdfs/2011_1103.3564_A_Codicil_To_Massless_Gauge_Superfields_of_Higher_Half_Odd_Integer_Superspins.pdf,pdfs/2011_1103.3564_A_Codicil_To_Massless_Gauge_Superfields_of_Higher_Half_Odd_Integer_Superspins.pdf,2011_1103.3564_A_Codicil_To_Massless_Gauge_Superfields_of_Higher_Half_Odd_Integer_Superspins.pdf,373397,26,2dd4a622c6724d95163e167706e6e72e9524b2c46272f81efb8e5bdb1bea60ce,2dd4a622c6724d95163e167706e6e72e9524b2c46272f81efb8e5bdb1bea60ce,matched,arXiv,https://arxiv.org/pdf/1103.3564,0,,false,,,
225,1103.3565,893143,2011,A Codicil To Massless Gauge Superfields of Higher Integer Superspins,"Gates, S.James, Jr. | Koutrolikos, Konstantinos",article,1103.3565,,UMDEPP-11-003 | MIT-CTP-4220,https://inspirehep.net/literature/893143,false,,,verified_local_pdf,/Users/brandon/Documents/S_James_Gates_Publications/pdfs/2011_1103.3565_A_Codicil_To_Massless_Gauge_Superfields_of_Higher_Integer_Superspins.pdf,pdfs/2011_1103.3565_A_Codicil_To_Massless_Gauge_Superfields_of_Higher_Integer_Superspins.pdf,2011_1103.3565_A_Codicil_To_Massless_Gauge_Superfields_of_Higher_Integer_Superspins.pdf,357593,25,9d847ef4eb5ee711282d04b8abc04b5bec44e952e1a510fdcf8c4c7f8176fc4c,9d847ef4eb5ee711282d04b8abc04b5bec44e952e1a510fdcf8c4c7f8176fc4c,matched,arXiv,https://arxiv.org/pdf/1103.3565,0,,false,,,
226,1106.5475,916150,2011,An Extended Detailed Investigation of First and Second Order Supersymmetries for Off-Shell N= 2 and N = 4 Supermultiplets,"Gates, Sylvester James, Jr. | Parker, James | Rodgers, Vincent G.J. | Rodriguez, Leo | Stiffler, Kory",article,1106.5475,10.3390/sym7021080,UMDEPP-11-009,https://inspirehep.net/literature/916150,false,,,verified_local_pdf,/Users/brandon/Documents/S_James_Gates_Publications/pdfs/2011_1106.5475_An_Extended_Detailed_Investigation_of_First_and_Second_Order_Supersymmetries_for_Off_Shell.pdf,pdfs/2011_1106.5475_An_Extended_Detailed_Investigation_of_First_and_Second_Order_Supersymmetries_for_Off_Shell.pdf,2011_1106.5475_An_Extended_Detailed_Investigation_of_First_and_Second_Order_Supersymmetries_for_Off_Shell.pdf,327040,46,6416540033ac7e8a11a265986b7fc151225b9f149559f9d75375a2e511e8e3ec,6416540033ac7e8a11a265986b7fc151225b9f149559f9d75375a2e511e8e3ec,matched,arXiv,https://arxiv.org/pdf/1106.5475,0,,false,,duplicate_doi_alias_removed,
227,1108.4124,924662,2011,Codes and Supersymmetry in One Dimension,"Doran, C.F. | Faux, M.G. | Gates, S.J., Jr. | Hubsch, T. | Iga, K.M. | Landweber, G.D. | Miller, R.L.",article,1108.4124,10.4310/ATMP.2011.v15.n6.a7,UMDEPP-08-010 | SUNY-O-667,https://inspirehep.net/literature/924662,false,,,verified_local_pdf,/Users/brandon/Documents/S_James_Gates_Publications/pdfs/2011_1108.4124_Codes_and_Supersymmetry_in_One_Dimension.pdf,pdfs/2011_1108.4124_Codes_and_Supersymmetry_in_One_Dimension.pdf,2011_1108.4124_Codes_and_Supersymmetry_in_One_Dimension.pdf,799533,48,c9667156b0399991198160388b5fe540f515b3c2f01f2b70a439f67c8e8c27c0,c9667156b0399991198160388b5fe540f515b3c2f01f2b70a439f67c8e8c27c0,matched,arXiv,https://arxiv.org/pdf/1108.4124,0,,false,,,
228,1104.0722,894991,2011,On Dimensional Extension of Supersymmetry: From Worldlines to Worldsheets,"Gates, Sylvester J. | Hübsch, Tristan",article,1104.0722,10.4310/ATMP.2012.v16.n6.a2,UMDEPP-11-005 | MIT-CTP-4232,https://inspirehep.net/literature/894991,false,,,verified_local_pdf,/Users/brandon/Documents/S_James_Gates_Publications/pdfs/2011_1104.0722_On_Dimensional_Extension_of_Supersymmetry_From_Worldlines_to_Worldsheets.pdf,pdfs/2011_1104.0722_On_Dimensional_Extension_of_Supersymmetry_From_Worldlines_to_Worldsheets.pdf,2011_1104.0722_On_Dimensional_Extension_of_Supersymmetry_From_Worldlines_to_Worldsheets.pdf,1305416,35,cf33ab61ce035930ab2b923d45d426f9f2ddbab5748940619c02aa2e5fd46384,cf33ab61ce035930ab2b923d45d426f9f2ddbab5748940619c02aa2e5fd46384,matched,arXiv,https://arxiv.org/pdf/1104.0722,0,,false,,,
229,1212.3318,1207316,2012,"4D, N=1 Supergravity Genomics","Chappell, Isaac | Gates, S.James, Jr. | Linch, William D. | Parker, James | Randall, Stephen | Ridgway, Alexander | Stiffler, Kory",article,1212.3318,10.1007/JHEP10(2013)004,UMDEPP-012-022,https://inspirehep.net/literature/1207316,false,,,verified_local_pdf,/Users/brandon/Documents/S_James_Gates_Publications/pdfs/2012_1212.3318_4D_N_1_Supergravity_Genomics.pdf,pdfs/2012_1212.3318_4D_N_1_Supergravity_Genomics.pdf,2012_1212.3318_4D_N_1_Supergravity_Genomics.pdf,639179,62,d1958338d44a76f5c9596eb3b624617444f8f57c5b9b5e211e0068f5ad0b240b,d1958338d44a76f5c9596eb3b624617444f8f57c5b9b5e211e0068f5ad0b240b,matched,arXiv,https://arxiv.org/pdf/1212.3318,0,,false,,duplicate_doi_alias_removed,
230,1209.5020,1187817,2012,A Computer Algorithm For Engineering Off-Shell Multiplets With Four Supercharges On The World Sheet,"Burghardt, K. | Gates, S.J., Jr",article,1209.5020,,UNIV.-OF-MARYLAND-PREPRINT-PP-012-016,https://inspirehep.net/literature/1187817,false,,,verified_local_pdf,/Users/brandon/Documents/S_James_Gates_Publications/pdfs/2012_1209.5020_A_Computer_Algorithm_For_Engineering_Off_Shell_Multiplets_With_Four_Supercharges_On_The_Wo.pdf,pdfs/2012_1209.5020_A_Computer_Algorithm_For_Engineering_Off_Shell_Multiplets_With_Four_Supercharges_On_The_Wo.pdf,2012_1209.5020_A_Computer_Algorithm_For_Engineering_Off_Shell_Multiplets_With_Four_Supercharges_On_The_Wo.pdf,1239546,52,e4326af0b8bd2f676b31d5d7c3b676c6457cf825a0399fc204cce7a040ee30af,e4326af0b8bd2f676b31d5d7c3b676c6457cf825a0399fc204cce7a040ee30af,matched,arXiv,https://arxiv.org/pdf/1209.5020,0,,false,,,
231,1210.0478,1188872,2012,Adinkra (in)equivalence from Coxeter group representations: A case study,"Chappell, Isaac, II | Gates, S.James | Hübsch, T.",article,1210.0478,10.1142/S0217751X14500298,UMD-PP-012-014,https://inspirehep.net/literature/1188872,false,,,verified_local_pdf,/Users/brandon/Documents/S_James_Gates_Publications/pdfs/2012_1210.0478_Adinkra_in_equivalence_from_Coxeter_group_representations_A_case_study.pdf,pdfs/2012_1210.0478_Adinkra_in_equivalence_from_Coxeter_group_representations_A_case_study.pdf,2012_1210.0478_Adinkra_in_equivalence_from_Coxeter_group_representations_A_case_study.pdf,994712,23,510a7f588546821003b85e5908668e81285a49e33d89245198db2fd65ff85af8,510a7f588546821003b85e5908668e81285a49e33d89245198db2fd65ff85af8,matched,arXiv,https://arxiv.org/pdf/1210.0478,0,,false,,,
232,1212.2731,1207094,2012,Adinkra Isomorphisms and `Seeing' Shapes with Eigenvalues,"Burghardt, Keith | Gates, S. James, Jr",article,1212.2731,,UNIV.-OF-MD-PREPRINT-PP-012-015,https://inspirehep.net/literature/1207094,false,,,verified_local_pdf,/Users/brandon/Documents/S_James_Gates_Publications/pdfs/2012_1212.2731_Adinkra_Isomorphisms_and_Seeing_Shapes_with_Eigenvalues.pdf,pdfs/2012_1212.2731_Adinkra_Isomorphisms_and_Seeing_Shapes_with_Eigenvalues.pdf,2012_1212.2731_Adinkra_Isomorphisms_and_Seeing_Shapes_with_Eigenvalues.pdf,786866,23,c9eb819a23446575a3f80346e9e8afe40281a080e15b55b6e9699c32988354e9,c9eb819a23446575a3f80346e9e8afe40281a080e15b55b6e9699c32988354e9,matched,arXiv,https://arxiv.org/pdf/1212.2731,0,,false,,,
233,1208.5999,1182543,2012,Adinkras and SUSY Holography: Some explicit examples,"Gates, S.James, Jr. | Hübsch, T. | Stiffler, Kory",article,1208.5999,10.1142/S0217751X14500419,PP-012-019 | PP 012-019,https://inspirehep.net/literature/1182543,false,,,verified_local_pdf,/Users/brandon/Documents/S_James_Gates_Publications/pdfs/2012_1208.5999_Adinkras_and_SUSY_Holography_Some_explicit_examples.pdf,pdfs/2012_1208.5999_Adinkras_and_SUSY_Holography_Some_explicit_examples.pdf,2012_1208.5999_Adinkras_and_SUSY_Holography_Some_explicit_examples.pdf,478827,13,818a55d1398e7e6c43dd67dac7e8b888384034454a66373bebdfe3853a1db636,818a55d1398e7e6c43dd67dac7e8b888384034454a66373bebdfe3853a1db636,matched,arXiv,https://arxiv.org/pdf/1208.5999,0,,false,,duplicate_doi_alias_removed,
234,1201.0307,1083406,2012,"SUSY Equation Topology, Zonohedra, and the Search for Alternate Off-Shell Adinkras","Burghardt, Keith | Gates, S.James, Jr",article,1201.0307,,,https://inspirehep.net/literature/1083406,false,,,verified_local_pdf,/Users/brandon/Documents/S_James_Gates_Publications/pdfs/2012_1201.0307_SUSY_Equation_Topology_Zonohedra_and_the_Search_for_Alternate_Off_Shell_Adinkras.pdf,pdfs/2012_1201.0307_SUSY_Equation_Topology_Zonohedra_and_the_Search_for_Alternate_Off_Shell_Adinkras.pdf,2012_1201.0307_SUSY_Equation_Topology_Zonohedra_and_the_Search_for_Alternate_Off_Shell_Adinkras.pdf,1163865,29,ce12d912be212b0bf9aa85dee1cfbcab61d705a34c4812f94b17c7e90d4d90e3,ce12d912be212b0bf9aa85dee1cfbcab61d705a34c4812f94b17c7e90d4d90e3,matched,arXiv,https://arxiv.org/pdf/1201.0307,0,,false,,,
235,1202.4418,1089738,2012,The Real Anatomy of Complex Linear Superfields,"Gates, S.J., Jr. | Hallett, J. | Hubsch, T. | Stiffler, K.",article,1202.4418,10.1142/S0217751X12501436,UMDEPP-12-003,https://inspirehep.net/literature/1089738,false,,,verified_local_pdf,/Users/brandon/Documents/S_James_Gates_Publications/pdfs/2012_1202.4418_The_Real_Anatomy_of_Complex_Linear_Superfields.pdf,pdfs/2012_1202.4418_The_Real_Anatomy_of_Complex_Linear_Superfields.pdf,2012_1202.4418_The_Real_Anatomy_of_Complex_Linear_Superfields.pdf,959432,21,a3488365aff209516039be6fdc4792549b1b45748955ce856e9a4eb7f7ba0371,a3488365aff209516039be6fdc4792549b1b45748955ce856e9a4eb7f7ba0371,matched,arXiv,https://arxiv.org/pdf/1202.4418,0,,false,,,
236,1310.7387,1262371,2013,A dynamical theory for linearized massive superspin 3/2,"Gates, S. James, Jr. | Koutrolikos, Konstantinos",article,1310.7387,10.1007/JHEP03(2014)030,UMDEPP-013-017,https://inspirehep.net/literature/1262371,false,,,verified_local_pdf,/Users/brandon/Documents/S_James_Gates_Publications/pdfs/2013_1310.7387_A_dynamical_theory_for_linearized_massive_superspin_3_2.pdf,pdfs/2013_1310.7387_A_dynamical_theory_for_linearized_massive_superspin_3_2.pdf,2013_1310.7387_A_dynamical_theory_for_linearized_massive_superspin_3_2.pdf,260632,12,90754ed62089f940b74a6242b4cebb7b86670e27a82fc2533a2a7c171f499323,90754ed62089f940b74a6242b4cebb7b86670e27a82fc2533a2a7c171f499323,matched,arXiv,https://arxiv.org/pdf/1310.7387,0,,false,,,
237,1310.7386,1262370,2013,"On 4D, N = 1 Massless Gauge Superfields of Higher Superspin: Half-Odd-Integer Case","Gates, S. James, Jr. | Koutrolikos, Konstantinos",article,1310.7386,,UMDEPP-013-016,https://inspirehep.net/literature/1262370,false,,,verified_local_pdf,/Users/brandon/Documents/S_James_Gates_Publications/pdfs/2013_1310.7386_On_4D_N_1_Massless_Gauge_Superfields_of_Higher_Superspin_Half_Odd_Integer_Case.pdf,pdfs/2013_1310.7386_On_4D_N_1_Massless_Gauge_Superfields_of_Higher_Superspin_Half_Odd_Integer_Case.pdf,2013_1310.7386_On_4D_N_1_Massless_Gauge_Superfields_of_Higher_Superspin_Half_Odd_Integer_Case.pdf,202216,31,5a8bd0a0428365cb0d95d47cce8aa22c563d09f0306a0994eeaec7c9775167ca,5a8bd0a0428365cb0d95d47cce8aa22c563d09f0306a0994eeaec7c9775167ca,matched,arXiv,https://arxiv.org/pdf/1310.7386,0,,false,,,
238,1310.7385,1262369,2013,"On 4D, N = 1 massless gauge superﬁelds of arbitrary superhelicity","Gates, S.James, Jr. | Koutrolikos, Konstantinos",article,1310.7385,10.1007/JHEP06(2014)098,UMDEPP-013-015,https://inspirehep.net/literature/1262369,false,,,verified_local_pdf,/Users/brandon/Documents/S_James_Gates_Publications/pdfs/2013_1310.7385_On_4D_N_1_massless_gauge_superfields_of_arbitrary_superhelicity.pdf,pdfs/2013_1310.7385_On_4D_N_1_massless_gauge_superfields_of_arbitrary_superhelicity.pdf,2013_1310.7385_On_4D_N_1_massless_gauge_superfields_of_arbitrary_superhelicity.pdf,177208,23,a6114163598eea9c0324dd036b4a43e5196a3c6fd417fd62d2971b9fdd631813,a6114163598eea9c0324dd036b4a43e5196a3c6fd417fd62d2971b9fdd631813,matched,arXiv,https://arxiv.org/pdf/1310.7385,0,,false,,,
239,1312.2000,1268178,2013,Reduction Redux of Adinkras,"Gates, S. James, Jr. | Randall, Stephen | Stiffler, Kory",article,1312.2000,10.1142/S0217751X14500705,UMDEPP-013-019,https://inspirehep.net/literature/1268178,false,,,verified_local_pdf,/Users/brandon/Documents/S_James_Gates_Publications/pdfs/2013_1312.2000_Reduction_Redux_of_Adinkras.pdf,pdfs/2013_1312.2000_Reduction_Redux_of_Adinkras.pdf,2013_1312.2000_Reduction_Redux_of_Adinkras.pdf,292093,17,420e2683c8d7d8102de215c5edaeeb6ff57e17d435598090a83a53a6cd5b56f9,420e2683c8d7d8102de215c5edaeeb6ff57e17d435598090a83a53a6cd5b56f9,matched,arXiv,https://arxiv.org/pdf/1312.2000,0,,false,,duplicate_doi_alias_removed,
240,1405.0048,1293807,2014,"Adinkra `Color' Confinement In Exemplary Off-Shell Constructions Of 4D, cal N = 2 Supersymmetry Representations","Gates, S. James | Stiffler, Kory",article,1405.0048,10.1007/JHEP07(2014)051,UMDEPP-014-009,https://inspirehep.net/literature/1293807,false,,,verified_local_pdf,/Users/brandon/Documents/S_James_Gates_Publications/pdfs/2014_1405.0048_Adinkra_Color_Confinement_In_Exemplary_Off_Shell_Constructions_Of_4D_cal_N_2_Supersymmetry.pdf,pdfs/2014_1405.0048_Adinkra_Color_Confinement_In_Exemplary_Off_Shell_Constructions_Of_4D_cal_N_2_Supersymmetry.pdf,2014_1405.0048_Adinkra_Color_Confinement_In_Exemplary_Off_Shell_Constructions_Of_4D_cal_N_2_Supersymmetry.pdf,251896,37,8e666e70c9484033e1223fc80b16a5db562c0ec4e499721962277f6a3987ae20,8e666e70c9484033e1223fc80b16a5db562c0ec4e499721962277f6a3987ae20,matched,arXiv,https://arxiv.org/pdf/1405.0048,0,,false,,duplicate_doi_alias_removed,
241,1501.00101,1336106,2014,"Adinkras, 0-branes, Holoraumy and the SUSY QFT/QM Correspondence","Calkins, Mathew | Gates, D.E.A. | Gates, S. James | Stiffler, Kory",article,1501.00101,10.1142/S0217751X15500505,UMDEPP-014-024,https://inspirehep.net/literature/1336106,false,,,verified_local_pdf,/Users/brandon/Documents/S_James_Gates_Publications/pdfs/2014_1501.00101_Adinkras_0_branes_Holoraumy_and_the_SUSY_QFT_QM_Correspondence.pdf,pdfs/2014_1501.00101_Adinkras_0_branes_Holoraumy_and_the_SUSY_QFT_QM_Correspondence.pdf,2014_1501.00101_Adinkras_0_branes_Holoraumy_and_the_SUSY_QFT_QM_Correspondence.pdf,1672878,44,1524a052e52f9ffa4c13ff7aae6eabb88716eac74022467e93e9da556ebb9ed0,1524a052e52f9ffa4c13ff7aae6eabb88716eac74022467e93e9da556ebb9ed0,matched,arXiv,https://arxiv.org/pdf/1501.00101,0,,false,,,
242,1402.5765,1282298,2014,"Is it possible to embed a 4D, N= 4 supersymmetric vector multiplet within a completely off-shell adinkra hologram?","Calkins, Mathew | Gates, D.E.A. | Gates, S.James | McPeak, Brian",article,1402.5765,10.1007/JHEP05(2014)057,UMDEPP-014-004,https://inspirehep.net/literature/1282298,false,,,verified_local_pdf,/Users/brandon/Documents/S_James_Gates_Publications/pdfs/2014_1402.5765_Is_it_possible_to_embed_a_4D_N_4_supersymmetric_vector_multiplet_within_a_completely_off_s.pdf,pdfs/2014_1402.5765_Is_it_possible_to_embed_a_4D_N_4_supersymmetric_vector_multiplet_within_a_completely_off_s.pdf,2014_1402.5765_Is_it_possible_to_embed_a_4D_N_4_supersymmetric_vector_multiplet_within_a_completely_off_s.pdf,445040,28,97c1788eeb9a551a9845eed1ab037ce2c9543410d8018adcb00798fc98f19e40,97c1788eeb9a551a9845eed1ab037ce2c9543410d8018adcb00798fc98f19e40,matched,arXiv,https://arxiv.org/pdf/1402.5765,0,,false,,,
243,1409.4445,1317251,2014,On Clifford-algebraic dimensional extension and SUSY holography,"Gates, S.J. | Hübsch, T. | Stiffler, K.",article,1409.4445,10.1142/S0217751X15500426,UMDEPP-014-007,https://inspirehep.net/literature/1317251,false,,,verified_local_pdf,/Users/brandon/Documents/S_James_Gates_Publications/pdfs/2014_1409.4445_On_Clifford_algebraic_dimensional_extension_and_SUSY_holography.pdf,pdfs/2014_1409.4445_On_Clifford_algebraic_dimensional_extension_and_SUSY_holography.pdf,2014_1409.4445_On_Clifford_algebraic_dimensional_extension_and_SUSY_holography.pdf,3765907,48,d042ec11c0c561a8dc665b69cba9b1315b8b30cb3f0a217e207f50c59d052348,d042ec11c0c561a8dc665b69cba9b1315b8b30cb3f0a217e207f50c59d052348,matched,arXiv,https://arxiv.org/pdf/1409.4445,0,,false,,duplicate_doi_alias_removed,
244,1412.4086,1334166,2014,"Superforms in Five-Dimensional, N = 1 Superspace","Gates, S. James | Linch, William D. | Randall, Stephen",article,1412.4086,10.1007/JHEP05(2015)049,UMDEPP-014-022,https://inspirehep.net/literature/1334166,false,,,verified_local_pdf,/Users/brandon/Documents/S_James_Gates_Publications/pdfs/2014_1412.4086_Superforms_in_Five_Dimensional_N_1_Superspace.pdf,pdfs/2014_1412.4086_Superforms_in_Five_Dimensional_N_1_Superspace.pdf,2014_1412.4086_Superforms_in_Five_Dimensional_N_1_Superspace.pdf,496380,32,fefa06c04ada6ea6cd4b8523bdcbda225cc7c10760d4e7eec49fd2515407ce86,fefa06c04ada6ea6cd4b8523bdcbda225cc7c10760d4e7eec49fd2515407ce86,matched,arXiv,https://arxiv.org/pdf/1412.4086,0,,false,,,
245,1508.07546,1391194,2015,"A Lorentz covariant holoraumy-induced “gadget” from minimal off-shell 4D, N=1 supermultiplets","Gates, S.James | Grover, Tyler | Miller-Dickson, Miles David | Mondal, Benedict A. | Oskoui, Amir | Regmi, Shirash | Ross, Ethan | Shetty, Rajath",article,1508.07546,10.1007/JHEP11(2015)113,UMDEPP-015-011,https://inspirehep.net/literature/1391194,false,,,verified_local_pdf,/Users/brandon/Documents/S_James_Gates_Publications/pdfs/2015_1508.07546_A_Lorentz_covariant_holoraumy_induced_gadget_from_minimal_off_shell_4D_N_1_supermultiplets.pdf,pdfs/2015_1508.07546_A_Lorentz_covariant_holoraumy_induced_gadget_from_minimal_off_shell_4D_N_1_supermultiplets.pdf,2015_1508.07546_A_Lorentz_covariant_holoraumy_induced_gadget_from_minimal_off_shell_4D_N_1_supermultiplets.pdf,1102732,17,0f1006f1f204cec059356e5d214e6579e002f5d15fd6fab824bc368918991a7f,0f1006f1f204cec059356e5d214e6579e002f5d15fd6fab824bc368918991a7f,matched,arXiv,https://arxiv.org/pdf/1508.07546,0,,false,,,
246,inspire:1393363,1393363,2015,Automorphism Properties and Classification of Adinkras,"Douglas, B.L. | Jr., S. James Gates | Segler, B.L. | Wang, J.B.",article,,10.1155/2015/584542,,https://inspirehep.net/literature/1393363,false,,,verified_local_pdf,/Users/brandon/Documents/S_James_Gates_Publications/pdfs/2015_inspire_1393363_Automorphism_Properties_and_Classification_of_Adinkras.pdf,pdfs/2015_inspire_1393363_Automorphism_Properties_and_Classification_of_Adinkras.pdf,2015_inspire_1393363_Automorphism_Properties_and_Classification_of_Adinkras.pdf,2552710,18,e994a06eae02d34677ce7f7e77e26f5cda9b18db6e54c7a797d209f68a10059c,e994a06eae02d34677ce7f7e77e26f5cda9b18db6e54c7a797d209f68a10059c,matched,INSPIRE full text,https://inspirehep.net/files/59e845beb2aa416dae371a057936ab15,0,,false,,,
247,1502.04164,1345056,2015,Think Different: Applying the Old Macintosh Mantra to the Computability of the SUSY Auxiliary Field Problem,"Calkins, Mathew | Gates, D.E.A. | Gates, S.James | Golding, William M.",article,1502.04164,10.1007/JHEP04(2015)056,UMDEPP-015-003,https://inspirehep.net/literature/1345056,false,,,verified_local_pdf,/Users/brandon/Documents/S_James_Gates_Publications/pdfs/2015_1502.04164_Think_Different_Applying_the_Old_Macintosh_Mantra_to_the_Computability_of_the_SUSY_Auxilia.pdf,pdfs/2015_1502.04164_Think_Different_Applying_the_Old_Macintosh_Mantra_to_the_Computability_of_the_SUSY_Auxilia.pdf,2015_1502.04164_Think_Different_Applying_the_Old_Macintosh_Mantra_to_the_Computability_of_the_SUSY_Auxilia.pdf,791771,28,e5a822145c07021a1a4d27fa99e2914bc8a25b808c31d724f17bd0e1f2a30160,e5a822145c07021a1a4d27fa99e2914bc8a25b808c31d724f17bd0e1f2a30160,matched,arXiv,https://arxiv.org/pdf/1502.04164,0,,false,,,
248,1601.00725,1413126,2016,"A proposal on culling & filtering a coxeter group for 4D, N = 1 spacetime SUSY representations: revised","Gates, D.E.A. | Gates, S. James | Stiffler, Kory",article,1601.00725,10.1007/JHEP08(2016)076,UMDEPP-016-001,https://inspirehep.net/literature/1413126,false,,,verified_local_pdf,/Users/brandon/Documents/S_James_Gates_Publications/pdfs/2016_1601.00725_A_proposal_on_culling_filtering_a_coxeter_group_for_4D_N_1_spacetime_SUSY_representations.pdf,pdfs/2016_1601.00725_A_proposal_on_culling_filtering_a_coxeter_group_for_4D_N_1_spacetime_SUSY_representations.pdf,2016_1601.00725_A_proposal_on_culling_filtering_a_coxeter_group_for_4D_N_1_spacetime_SUSY_representations.pdf,510293,11,5406ec819467271ee92b29a87e4890db42f4f9682c2446206a2393335adc0d01,5406ec819467271ee92b29a87e4890db42f4f9682c2446206a2393335adc0d01,matched,arXiv,https://arxiv.org/pdf/1601.00725,0,,false,,,
249,1608.07864,1484334,2016,N=4 and N=8 SUSY Quantum Mechanics and Klein's Vierergruppe,"Gates, S. James | Hübsch, Tristan | Iga, Kevin | Mendez-Diez, Stefan",article,1608.07864,,,https://inspirehep.net/literature/1484334,false,,,verified_local_pdf,/Users/brandon/Documents/S_James_Gates_Publications/pdfs/2016_1608.07864_N_4_and_N_8_SUSY_Quantum_Mechanics_and_Klein_s_Vierergruppe.pdf,pdfs/2016_1608.07864_N_4_and_N_8_SUSY_Quantum_Mechanics_and_Klein_s_Vierergruppe.pdf,2016_1608.07864_N_4_and_N_8_SUSY_Quantum_Mechanics_and_Klein_s_Vierergruppe.pdf,250277,16,aec4378c3bdd22401dcaa32c96f909a6dedd81bf0e0ec466373afcde3c9b49de,aec4378c3bdd22401dcaa32c96f909a6dedd81bf0e0ec466373afcde3c9b49de,matched,arXiv,https://arxiv.org/pdf/1608.07864,0,,false,,,
250,1701.00304,1507499,2017,"Adinkras from ordered quartets of BC_4 Coxeter group elements and regarding 1,358,954,496 matrix elements of the Gadget","Gates, S. James, Jr. | Guyton, Forrest | Harmalkar, Siddhartha | Kessler, David S. | Korotkikh, Vadim | Meszaros, Victor A.",article,1701.00304,10.1007/JHEP06(2017)006,UNIV.-OF-MARYLAND-PPN-UMDEPP-017-011 | BROWN-UNIV.-PPN-HET-1678 | PP-017-011 | HET-1678,https://inspirehep.net/literature/1507499,false,,,verified_local_pdf,/Users/brandon/Documents/S_James_Gates_Publications/pdfs/2017_1701.00304_Adinkras_from_ordered_quartets_of_BC_4_Coxeter_group_elements_and_regarding_1_358_954_496.pdf,pdfs/2017_1701.00304_Adinkras_from_ordered_quartets_of_BC_4_Coxeter_group_elements_and_regarding_1_358_954_496.pdf,2017_1701.00304_Adinkras_from_ordered_quartets_of_BC_4_Coxeter_group_elements_and_regarding_1_358_954_496.pdf,2327771,60,b2239c5710a446eb7833ab9f860b40141cbec51664f8edc713340bcdcb1acc38,b2239c5710a446eb7833ab9f860b40141cbec51664f8edc713340bcdcb1acc38,matched,arXiv,https://arxiv.org/pdf/1701.00304,0,,false,,duplicate_doi_alias_removed,
251,1707.00194,1608410,2017,From Diophantus to Supergravity and massless higher spin multiplets,"Gates, S. James | Koutrolikos, Konstantinos",article,1707.00194,10.1007/JHEP11(2017)063,,https://inspirehep.net/literature/1608410,false,,,verified_local_pdf,/Users/brandon/Documents/S_James_Gates_Publications/pdfs/2017_1707.00194_From_Diophantus_to_Supergravity_and_massless_higher_spin_multiplets.pdf,pdfs/2017_1707.00194_From_Diophantus_to_Supergravity_and_massless_higher_spin_multiplets.pdf,2017_1707.00194_From_Diophantus_to_Supergravity_and_massless_higher_spin_multiplets.pdf,499764,32,a47b34da5d7ee731fd09a46e4f54d2f6e93313dd79a4175b7056f6e31b282084,a47b34da5d7ee731fd09a46e4f54d2f6e93313dd79a4175b7056f6e31b282084,matched,arXiv,https://arxiv.org/pdf/1707.00194,0,,false,,duplicate_doi_alias_removed,
252,1712.07826,1644656,2017,"Generating all 36,864 Four-Color Adinkras via Signed Permutations and Organizing into ell- and tilde ell-Equivalence Classes","Gates, S. James | Iga, Kevin | Kang, Lucas | Korotkikh, Vadim | Stiffler, Kory",article,1712.07826,10.3390/sym11010120,Brown-HET-1721 | BROWN-HET-1721,https://inspirehep.net/literature/1644656,false,,,verified_local_pdf,/Users/brandon/Documents/S_James_Gates_Publications/pdfs/2017_1712.07826_Generating_all_36_864_Four_Color_Adinkras_via_Signed_Permutations_and_Organizing_into_ell.pdf,pdfs/2017_1712.07826_Generating_all_36_864_Four_Color_Adinkras_via_Signed_Permutations_and_Organizing_into_ell.pdf,2017_1712.07826_Generating_all_36_864_Four_Color_Adinkras_via_Signed_Permutations_and_Organizing_into_ell.pdf,710998,52,6f1000c88ff8016c1898b0e1ea69c19025ab9819858137f307671fa5dfb20aca,6f1000c88ff8016c1898b0e1ea69c19025ab9819858137f307671fa5dfb20aca,matched,arXiv,https://arxiv.org/pdf/1712.07826,0,,false,,duplicate_doi_alias_removed,
253,1708.06262,1617798,2017,Higher Spin Superfield interactions with the Chiral Supermultiplet: Conserved Supercurrents and Cubic Vertices,"Buchbinder, I.L. | Gates, S. James | Koutrolikos, Konstantinos",article,1708.06262,10.3390/universe4010006,,https://inspirehep.net/literature/1617798,false,,,verified_local_pdf,/Users/brandon/Documents/S_James_Gates_Publications/pdfs/2017_1708.06262_Higher_Spin_Superfield_interactions_with_the_Chiral_Supermultiplet_Conserved_Supercurrents.pdf,pdfs/2017_1708.06262_Higher_Spin_Superfield_interactions_with_the_Chiral_Supermultiplet_Conserved_Supercurrents.pdf,2017_1708.06262_Higher_Spin_Superfield_interactions_with_the_Chiral_Supermultiplet_Conserved_Supercurrents.pdf,335454,29,448cf809ccb4e337f55d98d48f13eb9cb13762aa55f00abd7ec03ce6e97a3215,448cf809ccb4e337f55d98d48f13eb9cb13762aa55f00abd7ec03ce6e97a3215,matched,arXiv,https://arxiv.org/pdf/1708.06262,0,,false,,,
254,1702.05453,1514056,2017,"On the four-dimensional holoraumy of the 4D, cal N = 1 complex linear supermultiplet","Caldwell, Wesley | Diaz, Alejandro N. | Friend, Isaac | Gates, S. James, Jr. | Harmalkar, Siddhartha | Lambert-Brown, Tamar | Lay, Daniel | Martirosova, Karina | Meszaros, Victor A. | Omokanwaye, Mayowa | Rudman, Shaina | Shin, Daniel | Vershov, Anthony",article,1702.05453,10.1142/S0217751X18500720,PP-017-020 | HET-1711,https://inspirehep.net/literature/1514056,false,,,verified_local_pdf,/Users/brandon/Documents/S_James_Gates_Publications/pdfs/2017_1702.05453_On_the_four_dimensional_holoraumy_of_the_4D_cal_N_1_complex_linear_supermultiplet.pdf,pdfs/2017_1702.05453_On_the_four_dimensional_holoraumy_of_the_4D_cal_N_1_complex_linear_supermultiplet.pdf,2017_1702.05453_On_the_four_dimensional_holoraumy_of_the_4D_cal_N_1_complex_linear_supermultiplet.pdf,1391136,27,6c079aa949e83826c33adaa8041c17b14a6e24c83b2470bab0063fa1f9c2af05,6c079aa949e83826c33adaa8041c17b14a6e24c83b2470bab0063fa1f9c2af05,matched,arXiv,https://arxiv.org/pdf/1702.05453,0,,false,,duplicate_doi_alias_removed,
255,1701.08102,1511146,2017,"Spacetime Spin and Chirality Operators for Minimal 4D, cal N = 1 Supermultiplets From BC_4 Adinkra-Tessellation of Riemann Surfaces","Gates, S. James, Jr.",article,1701.08102,,UNIV.-OF-MARYLAND-PREPRINT-PP-017-019 | BROWN-UNIVERSITY-PREPRINT-HET-1709,https://inspirehep.net/literature/1511146,false,,,verified_local_pdf,/Users/brandon/Documents/S_James_Gates_Publications/pdfs/2017_1701.08102_Spacetime_Spin_and_Chirality_Operators_for_Minimal_4D_cal_N_1_Supermultiplets_From_BC_4_Ad.pdf,pdfs/2017_1701.08102_Spacetime_Spin_and_Chirality_Operators_for_Minimal_4D_cal_N_1_Supermultiplets_From_BC_4_Ad.pdf,2017_1701.08102_Spacetime_Spin_and_Chirality_Operators_for_Minimal_4D_cal_N_1_Supermultiplets_From_BC_4_Ad.pdf,1001891,12,f43208bc7e3d08491af886bb2695f6ed5dd705bc8ac02e574d738c30857632dd,f43208bc7e3d08491af886bb2695f6ed5dd705bc8ac02e574d738c30857632dd,matched,arXiv,https://arxiv.org/pdf/1701.08102,0,,false,,,
256,1812.05097,1728169,2018,A codex on linearized Nordström supergravity in eleven and ten dimensional superspaces,"Gates, S. James | Hu, Yangrui | Jiang, Hanzhi | Mak, S.-N. Hazel",article,1812.05097 | 1904.02328,10.1007/JHEP07(2019)063,Brown Univ. Physics Dept. Preprint # HET-1783 | HET-1783 | Brown Univ. HET-1779,https://inspirehep.net/literature/1728169,false,,,verified_local_pdf,/Users/brandon/Documents/S_James_Gates_Publications/pdfs/2018_1812.05097_A_codex_on_linearized_Nordstrom_supergravity_in_eleven_and_ten_dimensional_superspaces.pdf,pdfs/2018_1812.05097_A_codex_on_linearized_Nordstrom_supergravity_in_eleven_and_ten_dimensional_superspaces.pdf,2018_1812.05097_A_codex_on_linearized_Nordstrom_supergravity_in_eleven_and_ten_dimensional_superspaces.pdf,501615,34,45c075bcf18838619288af27f0d8177e154635fee6bf2b3e52e68620c58ec791,45c075bcf18838619288af27f0d8177e154635fee6bf2b3e52e68620c58ec791,matched,arXiv,https://arxiv.org/pdf/1812.05097,0,,true,,multiple_arxiv_artifact_aliases,
257,1802.02890,1653961,2018,"Adinkras from ordered quartets of BC4 Coxeter group elements and regarding another Gadget’s 1,358,954,496 matrix elements","Gates, S. James | Kang, Lucas | Kessler, David S. | Korotkikh, Vadim",article,1802.02890,10.1142/S0217751X18500665,BROWN-HET-1761,https://inspirehep.net/literature/1653961,false,,,verified_local_pdf,/Users/brandon/Documents/S_James_Gates_Publications/pdfs/2018_1802.02890_Adinkras_from_ordered_quartets_of_BC4_Coxeter_group_elements_and_regarding_another_Gadgets.pdf,pdfs/2018_1802.02890_Adinkras_from_ordered_quartets_of_BC4_Coxeter_group_elements_and_regarding_another_Gadgets.pdf,2018_1802.02890_Adinkras_from_ordered_quartets_of_BC4_Coxeter_group_elements_and_regarding_another_Gadgets.pdf,849613,22,52ebb9fad3eaf05800cfa5fb92a5c7abcd5b07f725a75cd8786ec1a79d26ea26,52ebb9fad3eaf05800cfa5fb92a5c7abcd5b07f725a75cd8786ec1a79d26ea26,matched,arXiv,https://arxiv.org/pdf/1802.02890,0,,false,,duplicate_doi_alias_removed,
258,1805.04413,1672787,2018,Conserved higher spin supercurrents for arbitrary spin massless supermultiplets and higher spin superfield cubic interactions,"Buchbinder, I.L. | Gates, S. James | Koutrolikos, Konstantinos",article,1805.04413,10.1007/JHEP08(2018)055,,https://inspirehep.net/literature/1672787,false,,,verified_local_pdf,/Users/brandon/Documents/S_James_Gates_Publications/pdfs/2018_1805.04413_Conserved_higher_spin_supercurrents_for_arbitrary_spin_massless_supermultiplets_and_higher.pdf,pdfs/2018_1805.04413_Conserved_higher_spin_supercurrents_for_arbitrary_spin_massless_supermultiplets_and_higher.pdf,2018_1805.04413_Conserved_higher_spin_supercurrents_for_arbitrary_spin_massless_supermultiplets_and_higher.pdf,175118,11,1dd21cd7bb1d28f7e0bfebd30baadd458e4063b590d322070bb00a41e135eba9,1dd21cd7bb1d28f7e0bfebd30baadd458e4063b590d322070bb00a41e135eba9,matched,arXiv,https://arxiv.org/pdf/1805.04413,0,,false,,duplicate_doi_alias_removed,
259,1808.07946,1691228,2018,"Examples of 4D, N = 2 holoraumy","Gates, S. James | Mak, S.-N. Hazel",article,1808.07946,10.1142/S0217751X19500817,HET-1770 | Brown Univ. Preprint HET-1770,https://inspirehep.net/literature/1691228,false,,,verified_local_pdf,/Users/brandon/Documents/S_James_Gates_Publications/pdfs/2018_1808.07946_Examples_of_4D_N_2_holoraumy.pdf,pdfs/2018_1808.07946_Examples_of_4D_N_2_holoraumy.pdf,2018_1808.07946_Examples_of_4D_N_2_holoraumy.pdf,1081019,45,5f38efe13bb27152c392ccfa9a8abd1b4c268f45a66a293eb1d725766e3946cb,5f38efe13bb27152c392ccfa9a8abd1b4c268f45a66a293eb1d725766e3946cb,matched,arXiv,https://arxiv.org/pdf/1808.07946,0,,false,,duplicate_doi_alias_removed,
260,1812.04236,1708546,2018,"Exploring the Abelian 4D, N = 4 Vector-Tensor Supermultiplet and Its Off-Shell Central Charge Structure","Gates, S. James | Stiffler, Kory",article,1812.04236,10.1007/JHEP03(2019)129,Brown-HET-1780,https://inspirehep.net/literature/1708546,false,,,verified_local_pdf,/Users/brandon/Documents/S_James_Gates_Publications/pdfs/2018_1812.04236_Exploring_the_Abelian_4D_N_4_Vector_Tensor_Supermultiplet_and_Its_Off_Shell_Central_Charge.pdf,pdfs/2018_1812.04236_Exploring_the_Abelian_4D_N_4_Vector_Tensor_Supermultiplet_and_Its_Off_Shell_Central_Charge.pdf,2018_1812.04236_Exploring_the_Abelian_4D_N_4_Vector_Tensor_Supermultiplet_and_Its_Off_Shell_Central_Charge.pdf,328759,17,92504d44ec25e01027bf7b2a2c839dfe472ad4678679f371960cdd6eac09adae,92504d44ec25e01027bf7b2a2c839dfe472ad4678679f371960cdd6eac09adae,matched,arXiv,https://arxiv.org/pdf/1812.04236,0,,false,,duplicate_doi_alias_removed,
261,1811.12858,1705972,2018,Integer superspin supercurrents of matter supermultiplets,"Buchbinder, I.L. | Gates, S. James | Koutrolikos, K.",article,1811.12858,10.1007/JHEP05(2019)031,,https://inspirehep.net/literature/1705972,false,,,verified_local_pdf,/Users/brandon/Documents/S_James_Gates_Publications/pdfs/2018_1811.12858_Integer_superspin_supercurrents_of_matter_supermultiplets.pdf,pdfs/2018_1811.12858_Integer_superspin_supercurrents_of_matter_supermultiplets.pdf,2018_1811.12858_Integer_superspin_supercurrents_of_matter_supermultiplets.pdf,257468,16,5e06e1b51818da67ed5acbc2fed4af24daf64eb9c4c9ae45f8c93fe131efebb1,5e06e1b51818da67ed5acbc2fed4af24daf64eb9c4c9ae45f8c93fe131efebb1,matched,arXiv,https://arxiv.org/pdf/1811.12858,0,,false,,duplicate_doi_alias_removed,
262,1804.08539,1669640,2018,Interaction of supersymmetric nonlinear sigma models with external higher spin superfields via higher spin supercurrents,"Buchbinder, I.L. | Gates, S. James | Koutrolikos, Konstantinos",article,1804.08539,10.1007/JHEP05(2018)204,,https://inspirehep.net/literature/1669640,false,,,verified_local_pdf,/Users/brandon/Documents/S_James_Gates_Publications/pdfs/2018_1804.08539_Interaction_of_supersymmetric_nonlinear_sigma_models_with_external_higher_spin_superfields.pdf,pdfs/2018_1804.08539_Interaction_of_supersymmetric_nonlinear_sigma_models_with_external_higher_spin_superfields.pdf,2018_1804.08539_Interaction_of_supersymmetric_nonlinear_sigma_models_with_external_higher_spin_superfields.pdf,285193,24,8f3d7b4f920672d8453ec586392957a580128cf8a04071f03f6ad3bb86e95b42,8f3d7b4f920672d8453ec586392957a580128cf8a04071f03f6ad3bb86e95b42,matched,arXiv,https://arxiv.org/pdf/1804.08539,0,,false,,duplicate_doi_alias_removed,
263,1904.01738,1727955,2019,Adinkra Height Yielding Matrix Numbers: Eigenvalue Equivalence Classes for Minimal Four-Color Adinkras,"Gates, S. James | Hu, Yangrui | Stiffler, Kory",article,1904.01738,10.1142/S0217751X19500854,HET-1788,https://inspirehep.net/literature/1727955,false,,,verified_local_pdf,/Users/brandon/Documents/S_James_Gates_Publications/pdfs/2019_1904.01738_Adinkra_Height_Yielding_Matrix_Numbers_Eigenvalue_Equivalence_Classes_for_Minimal_Four_Col.pdf,pdfs/2019_1904.01738_Adinkra_Height_Yielding_Matrix_Numbers_Eigenvalue_Equivalence_Classes_for_Minimal_Four_Col.pdf,2019_1904.01738_Adinkra_Height_Yielding_Matrix_Numbers_Eigenvalue_Equivalence_Classes_for_Minimal_Four_Col.pdf,913763,39,dd95041146fb900390fcd5346dac29b197cce728f8812a688dad8576d30d622e,dd95041146fb900390fcd5346dac29b197cce728f8812a688dad8576d30d622e,matched,arXiv,https://arxiv.org/pdf/1904.01738,0,,false,,duplicate_doi_alias_removed,
264,1907.05829,1743771,2019,Higher Spin Supersymmetry at the Cosmological Collider: Sculpting SUSY Rilles in the CMB,"Alexander, Stephon | Gates, S. James | Jenks, Leah | Koutrolikos, K. | McDonough, Evan",article,1907.05829,10.1007/JHEP10(2019)156,,https://inspirehep.net/literature/1743771,false,,,verified_local_pdf,/Users/brandon/Documents/S_James_Gates_Publications/pdfs/2019_1907.05829_Higher_Spin_Supersymmetry_at_the_Cosmological_Collider_Sculpting_SUSY_Rilles_in_the_CMB.pdf,pdfs/2019_1907.05829_Higher_Spin_Supersymmetry_at_the_Cosmological_Collider_Sculpting_SUSY_Rilles_in_the_CMB.pdf,2019_1907.05829_Higher_Spin_Supersymmetry_at_the_Cosmological_Collider_Sculpting_SUSY_Rilles_in_the_CMB.pdf,935658,32,541775f65c284c58d0dee424c2eb80ee5bb168b62745a27b6b4cecfee964182e,541775f65c284c58d0dee424c2eb80ee5bb168b62745a27b6b4cecfee964182e,matched,arXiv,https://arxiv.org/pdf/1907.05829,0,,false,,duplicate_doi_alias_removed,
265,1906.02971,1738855,2019,"On the Ubiquity Of Electromagnetic-Duality Rotations in 4D, mathcal N = 1 Holoraumy Tensors for On-Shell 4D Supermultiplets","Gates, S. James | Lay, Daniel | Mak, S.N. Hazel | Peters, Brock | Ramakrishnan, Aravind | Stiffler, Kory | Wimpee, Zachary | Xiao, Xiao | Yuan, Yifan | Zhang, Jinjie | Zhou, Peter V.",article,1906.02971,10.1142/S0217751X20500086,Brown University Preprint HET-1789,https://inspirehep.net/literature/1738855,false,,,verified_local_pdf,/Users/brandon/Documents/S_James_Gates_Publications/pdfs/2019_1906.02971_On_the_Ubiquity_Of_Electromagnetic_Duality_Rotations_in_4D_mathcal_N_1_Holoraumy_Tensors_f.pdf,pdfs/2019_1906.02971_On_the_Ubiquity_Of_Electromagnetic_Duality_Rotations_in_4D_mathcal_N_1_Holoraumy_Tensors_f.pdf,2019_1906.02971_On_the_Ubiquity_Of_Electromagnetic_Duality_Rotations_in_4D_mathcal_N_1_Holoraumy_Tensors_f.pdf,380884,21,2bdb816eecc17e8f44f020806917e623f8ae18d71f2260198c1a944f3b47697a,2bdb816eecc17e8f44f020806917e623f8ae18d71f2260198c1a944f3b47697a,matched,arXiv,https://arxiv.org/pdf/1906.02971,0,,false,,duplicate_doi_alias_removed,
266,1904.13336,1732260,2019,Progress on cubic interactions of arbitrary superspin supermultiplets via gauge invariant supercurrents,"Gates, S. James | Koutrolikos, K.",article,1904.13336,10.1016/j.physletb.2019.134868,,https://inspirehep.net/literature/1732260,false,,,verified_local_pdf,/Users/brandon/Documents/S_James_Gates_Publications/pdfs/2019_1904.13336_Progress_on_cubic_interactions_of_arbitrary_superspin_supermultiplets_via_gauge_invariant.pdf,pdfs/2019_1904.13336_Progress_on_cubic_interactions_of_arbitrary_superspin_supermultiplets_via_gauge_invariant.pdf,2019_1904.13336_Progress_on_cubic_interactions_of_arbitrary_superspin_supermultiplets_via_gauge_invariant.pdf,196760,11,935aae514241b3a2227a2b0c2c544c8694d50ab5ca47d995ec150f0fd2a90350,935aae514241b3a2227a2b0c2c544c8694d50ab5ca47d995ec150f0fd2a90350,matched,arXiv,https://arxiv.org/pdf/1904.13336,0,,false,,,
267,1911.00807,1762868,2019,Superfield Component Decompositions and the Scan for Prepotential Supermultiplets in 10D Superspaces,"James Gates, S. | Hu, Yangrui | Mak, S.-N. Hazel",article,1911.00807,10.1007/JHEP02(2020)176,,https://inspirehep.net/literature/1762868,true,1,adynkra_sequence,verified_local_pdf,/Users/brandon/Documents/S_James_Gates_Publications/pdfs/2019_1911.00807_Superfield_Component_Decompositions_and_the_Scan_for_Prepotential_Supermultiplets_in_10D_S.pdf,pdfs/2019_1911.00807_Superfield_Component_Decompositions_and_the_Scan_for_Prepotential_Supermultiplets_in_10D_S.pdf,2019_1911.00807_Superfield_Component_Decompositions_and_the_Scan_for_Prepotential_Supermultiplets_in_10D_S.pdf,1862777,67,ef3cf1d71b17eec8038c78b4745f4d8410e52b629cbc9c661e26a5248f945af6,ef3cf1d71b17eec8038c78b4745f4d8410e52b629cbc9c661e26a5248f945af6,matched,arXiv,https://arxiv.org/pdf/1911.00807,0,,false,,duplicate_doi_alias_removed,
268,1903.08631,1725940,2019,Superfield continuous spin equations of motion,"Buchbinder, I.L. | Gates, S. James | Koutrolikos, K.",article,1903.08631,10.1016/j.physletb.2019.05.015,,https://inspirehep.net/literature/1725940,false,,,verified_local_pdf,/Users/brandon/Documents/S_James_Gates_Publications/pdfs/2019_1903.08631_Superfield_continuous_spin_equations_of_motion.pdf,pdfs/2019_1903.08631_Superfield_continuous_spin_equations_of_motion.pdf,2019_1903.08631_Superfield_continuous_spin_equations_of_motion.pdf,212786,13,ef8e9b7cd6b4c386296d08fb4f241c4428a105d255d2c375e68e52750b607110,ef8e9b7cd6b4c386296d08fb4f241c4428a105d255d2c375e68e52750b607110,matched,arXiv,https://arxiv.org/pdf/1903.08631,0,,false,,,
269,2012.14549,1838864,2020,"A Letter Highlighting Matrix Mapping in Minimal 4D, cal N = 1 On-Shell Supermultiplet Representations","Gates, Delilah E.A. | Gates, S. James",article,2012.14549,,,https://inspirehep.net/literature/1838864,false,,,verified_local_pdf,/Users/brandon/Documents/S_James_Gates_Publications/pdfs/2020_2012.14549_A_Letter_Highlighting_Matrix_Mapping_in_Minimal_4D_cal_N_1_On_Shell_Supermultiplet_Represe.pdf,pdfs/2020_2012.14549_A_Letter_Highlighting_Matrix_Mapping_in_Minimal_4D_cal_N_1_On_Shell_Supermultiplet_Represe.pdf,2020_2012.14549_A_Letter_Highlighting_Matrix_Mapping_in_Minimal_4D_cal_N_1_On_Shell_Supermultiplet_Represe.pdf,289912,9,8802f9466965401692ceac6b0c03f60559f270303aede8b1556dba72ece19aad,8802f9466965401692ceac6b0c03f60559f270303aede8b1556dba72ece19aad,matched,arXiv,https://arxiv.org/pdf/2012.14549,0,,false,,,
270,2012.14015,1838426,2020,"A note on exemplary off-shell constructions of 4D, N = 2 supersymmetry representations","Bristow, Devin D. | Caporaletti, John H. | Cianciara, Aleksander J. | Gates, S. James | Levine, Delina | Yerger, Gabriel",article,2012.14015,10.1007/JHEP04(2022)104,,https://inspirehep.net/literature/1838426,true,6,permutahedron_sequence,verified_local_pdf,/Users/brandon/Documents/S_James_Gates_Publications/pdfs/2020_2012.14015_A_note_on_exemplary_off_shell_constructions_of_4D_N_2_supersymmetry_representations.pdf,pdfs/2020_2012.14015_A_note_on_exemplary_off_shell_constructions_of_4D_N_2_supersymmetry_representations.pdf,2020_2012.14015_A_note_on_exemplary_off_shell_constructions_of_4D_N_2_supersymmetry_representations.pdf,2129448,15,67606499dda53ff78e3d80ca405498d8d1e2fd060936605fac04804ca7cd9b47,67606499dda53ff78e3d80ca405498d8d1e2fd060936605fac04804ca7cd9b47,matched,arXiv,https://arxiv.org/pdf/2012.14015,1,/Users/brandon/Documents/S_James_Gates_Publications/Gates_specifically_called_out/01_2012.14015_A_note_on_exemplary_off-shell_constructions.pdf,false,,exact_duplicate_local_artifact,
271,2002.08502,1781516,2020,"Adinkra foundation of component decomposition and the scan for superconformal multiplets in 11D, N = 1 superspace","James Gates, S. | Hu, Yangrui | Mak, S.N. Hazel",article,2002.08502,10.1007/JHEP09(2020)089,,https://inspirehep.net/literature/1781516,true,2,adynkra_sequence,verified_local_pdf,/Users/brandon/Documents/S_James_Gates_Publications/pdfs/2020_2002.08502_Adinkra_foundation_of_component_decomposition_and_the_scan_for_superconformal_multiplets_i.pdf,pdfs/2020_2002.08502_Adinkra_foundation_of_component_decomposition_and_the_scan_for_superconformal_multiplets_i.pdf,2020_2002.08502_Adinkra_foundation_of_component_decomposition_and_the_scan_for_superconformal_multiplets_i.pdf,1449842,70,62587ef23aa92fd30bb7d978cc4e628275a18dd14fcb10fdf2020906638e554c,62587ef23aa92fd30bb7d978cc4e628275a18dd14fcb10fdf2020906638e554c,matched,arXiv,https://arxiv.org/pdf/2002.08502,0,,false,,duplicate_doi_alias_removed,
272,2006.03609,1799870,2020,"Advening to adynkrafields: Young tableaux to component fields of the 10D, N=1 scalar superfield","Gates, S. James | Hu, Yangrui | Mak, S.-N. Hazel",article,2006.03609,10.4310/ATMP.2021.v25.n6.a3,,https://inspirehep.net/literature/1799870,true,3,adynkra_sequence,verified_local_pdf,/Users/brandon/Documents/S_James_Gates_Publications/pdfs/2020_2006.03609_Advening_to_adynkrafields_Young_tableaux_to_component_fields_of_the_10D_N_1_scalar_superfi.pdf,pdfs/2020_2006.03609_Advening_to_adynkrafields_Young_tableaux_to_component_fields_of_the_10D_N_1_scalar_superfi.pdf,2020_2006.03609_Advening_to_adynkrafields_Young_tableaux_to_component_fields_of_the_10D_N_1_scalar_superfi.pdf,1914190,78,a0f8f334810db48d14f4815724b5e826befad9cd142376cd05b82c110a5da048,a0f8f334810db48d14f4815724b5e826befad9cd142376cd05b82c110a5da048,matched,arXiv,https://arxiv.org/pdf/2006.03609,0,,false,,,
273,2007.07390,1807004,2020,Component decompositions and adynkra libraries for supermultiplets in lower dimensional superspaces,"Gates, S. James | Hu, Yangrui | Mak, S.-N. Hazel",article,2007.07390,10.1007/JHEP09(2021)202,,https://inspirehep.net/literature/1807004,true,4,adynkra_sequence,verified_local_pdf,/Users/brandon/Documents/S_James_Gates_Publications/pdfs/2020_2007.07390_Component_decompositions_and_adynkra_libraries_for_supermultiplets_in_lower_dimensional_su.pdf,pdfs/2020_2007.07390_Component_decompositions_and_adynkra_libraries_for_supermultiplets_in_lower_dimensional_su.pdf,2020_2007.07390_Component_decompositions_and_adynkra_libraries_for_supermultiplets_in_lower_dimensional_su.pdf,2174761,66,8d6a2a46228cc2db047c7e578ae19a11a5be9163d9d9cf3ea1f4d2cd7809f7e9,8d6a2a46228cc2db047c7e578ae19a11a5be9163d9d9cf3ea1f4d2cd7809f7e9,matched,arXiv,https://arxiv.org/pdf/2007.07390,0,,false,,duplicate_doi_alias_removed,
274,2010.02061,1821396,2020,Hierarchy of Supersymmetric Higher Spin Connections,"Buchbinder, I.L. | Gates, S. James | Koutrolikos, K.",article,2010.02061,10.1103/PhysRevD.102.125018,,https://inspirehep.net/literature/1821396,false,,,verified_local_pdf,/Users/brandon/Documents/S_James_Gates_Publications/pdfs/2020_2010.02061_Hierarchy_of_Supersymmetric_Higher_Spin_Connections.pdf,pdfs/2020_2010.02061_Hierarchy_of_Supersymmetric_Higher_Spin_Connections.pdf,2020_2010.02061_Hierarchy_of_Supersymmetric_Higher_Spin_Connections.pdf,298520,12,7c60d8e28bf4f62fbea923596b4fe0bf2472bc9dcc753e7ea747e76536f8e20c,7c60d8e28bf4f62fbea923596b4fe0bf2472bc9dcc753e7ea747e76536f8e20c,matched,arXiv,https://arxiv.org/pdf/2010.02061,0,,false,,duplicate_doi_alias_removed,
275,2010.06124,1822476,2020,Infinite-dimensional algebraic mathfrakSpin (N) structure in extended/higher dimensional SUSY holoraumy for valise and on shell supermultiplet representations,"Gates, S. James | Hannon, Gabriel | Siew, Rui Xian | Stiffler, Kory",article,2010.06124,10.1007/JHEP05(2022)173,,https://inspirehep.net/literature/1822476,false,,,verified_local_pdf,/Users/brandon/Documents/S_James_Gates_Publications/pdfs/2020_2010.06124_Infinite_dimensional_algebraic_mathfrakSpin_N_structure_in_extended_higher_dimensional_SUS.pdf,pdfs/2020_2010.06124_Infinite_dimensional_algebraic_mathfrakSpin_N_structure_in_extended_higher_dimensional_SUS.pdf,2020_2010.06124_Infinite_dimensional_algebraic_mathfrakSpin_N_structure_in_extended_higher_dimensional_SUS.pdf,560820,40,4942bf7a09314a9a75ec646ea9645b6112cb9d715a19bb4dca4d466fe31af1f0,4942bf7a09314a9a75ec646ea9645b6112cb9d715a19bb4dca4d466fe31af1f0,matched,arXiv,https://arxiv.org/pdf/2010.06124,0,,false,,duplicate_doi_alias_removed,
276,2010.14659,1826638,2020,"Properties of HYMNs in Examples of Four-Color, Five-Color, and Six-Color Adinkras","Gates, S. James | Hu, Yangrui | Stiffler, Kory",article,2010.14659,10.1142/S0217751X21500822,,https://inspirehep.net/literature/1826638,false,,,verified_local_pdf,/Users/brandon/Documents/S_James_Gates_Publications/pdfs/2020_2010.14659_Properties_of_HYMNs_in_Examples_of_Four_Color_Five_Color_and_Six_Color_Adinkras.pdf,pdfs/2020_2010.14659_Properties_of_HYMNs_in_Examples_of_Four_Color_Five_Color_and_Six_Color_Adinkras.pdf,2020_2010.14659_Properties_of_HYMNs_in_Examples_of_Four_Color_Five_Color_and_Six_Color_Adinkras.pdf,1287606,31,0930eb2824155e4821ef7fd94907799187711d148b767d9da5574a2bc70fb8f1,0930eb2824155e4821ef7fd94907799187711d148b767d9da5574a2bc70fb8f1,matched,arXiv,https://arxiv.org/pdf/2010.14659,0,,false,,,
277,2012.09211,1837085,2020,Supersymmetry and Representation Theory in Low Dimensions,"Calkins, Mathew | Gates, S. James | Klivans, Caroline",article,2012.09211,,,https://inspirehep.net/literature/1837085,false,,,verified_local_pdf,/Users/brandon/Documents/S_James_Gates_Publications/pdfs/2020_2012.09211_Supersymmetry_and_Representation_Theory_in_Low_Dimensions.pdf,pdfs/2020_2012.09211_Supersymmetry_and_Representation_Theory_in_Low_Dimensions.pdf,2020_2012.09211_Supersymmetry_and_Representation_Theory_in_Low_Dimensions.pdf,864555,15,49ad2bcb49c4e4ed4fa6191ab161d3714d5b4fe23e2c927e7fb8386ed5af1069,49ad2bcb49c4e4ed4fa6191ab161d3714d5b4fe23e2c927e7fb8386ed5af1069,matched,arXiv,https://arxiv.org/pdf/2012.09211,0,,false,,,
278,2012.13308,1838225,2020,"The 300 “correlators” suggests 4D, N = 1 SUSY is a solution to a set of Sudoku puzzles","Cianciara, Aleksander J. | Gates, S. James | Hu, Yangrui | Kirk, Renee",article,2012.13308,10.1007/JHEP05(2021)077,,https://inspirehep.net/literature/1838225,true,5,permutahedron_sequence,verified_local_pdf,/Users/brandon/Documents/S_James_Gates_Publications/pdfs/2020_2012.13308_The_300_correlators_suggests_4D_N_1_SUSY_is_a_solution_to_a_set_of_Sudoku_puzzles.pdf,pdfs/2020_2012.13308_The_300_correlators_suggests_4D_N_1_SUSY_is_a_solution_to_a_set_of_Sudoku_puzzles.pdf,2020_2012.13308_The_300_correlators_suggests_4D_N_1_SUSY_is_a_solution_to_a_set_of_Sudoku_puzzles.pdf,3409914,38,b75a70b4642ba62f973993d37da2310a374de3b0b3f86d18bcd81c11e08a7957,b75a70b4642ba62f973993d37da2310a374de3b0b3f86d18bcd81c11e08a7957,matched,arXiv,https://arxiv.org/pdf/2012.13308,1,/Users/brandon/Documents/S_James_Gates_Publications/Gates_specifically_called_out/04_2012.13308_The_300_Correlators.pdf,false,,duplicate_doi_alias_removed | exact_duplicate_local_artifact,
279,2007.05097,1806430,2020,"Weyl covariance, and proposals for superconformal prepotentials in 10D superspaces","Gates, S. James | Hu, Yangrui | Mak, S.N. Hazel",article,2007.05097,10.1007/JHEP03(2021)074,,https://inspirehep.net/literature/1806430,false,,,verified_local_pdf,/Users/brandon/Documents/S_James_Gates_Publications/pdfs/2020_2007.05097_Weyl_covariance_and_proposals_for_superconformal_prepotentials_in_10D_superspaces.pdf,pdfs/2020_2007.05097_Weyl_covariance_and_proposals_for_superconformal_prepotentials_in_10D_superspaces.pdf,2020_2007.05097_Weyl_covariance_and_proposals_for_superconformal_prepotentials_in_10D_superspaces.pdf,640083,47,197604bc6b5c9e0dfb12044d981aae467920f46554ba9371f1eb9b6389d00a73,197604bc6b5c9e0dfb12044d981aae467920f46554ba9371f1eb9b6389d00a73,matched,arXiv,https://arxiv.org/pdf/2007.05097,0,,false,,duplicate_doi_alias_removed,
280,2111.08186,1969605,2021,Cluster Superalgebras and Stringy Integrals,"Gates, S. James | Hazel Mak, S.-N. | Spradlin, Marcus | Volovich, Anastasia",article,2111.08186,,,https://inspirehep.net/literature/1969605,false,,,verified_local_pdf,/Users/brandon/Documents/S_James_Gates_Publications/pdfs/2021_2111.08186_Cluster_Superalgebras_and_Stringy_Integrals.pdf,pdfs/2021_2111.08186_Cluster_Superalgebras_and_Stringy_Integrals.pdf,2021_2111.08186_Cluster_Superalgebras_and_Stringy_Integrals.pdf,535777,21,251acc4cfabf4ed6aa8071c8cfb2fec7c95086eab7b21fc62f1347d3cf1e18a8,251acc4cfabf4ed6aa8071c8cfb2fec7c95086eab7b21fc62f1347d3cf1e18a8,matched,arXiv,https://arxiv.org/pdf/2111.08186,0,,false,,,
281,2103.11899,1852871,2021,"On 1D, N = 4 Supersymmetric SYK-Type Models (I)","Gates, S. James | Hu, Yangrui | Mak, S.-N. Hazel",article,2103.11899,10.1007/JHEP06(2021)158,,https://inspirehep.net/literature/1852871,false,,,verified_local_pdf,/Users/brandon/Documents/S_James_Gates_Publications/pdfs/2021_2103.11899_On_1D_N_4_Supersymmetric_SYK_Type_Models_I.pdf,pdfs/2021_2103.11899_On_1D_N_4_Supersymmetric_SYK_Type_Models_I.pdf,2021_2103.11899_On_1D_N_4_Supersymmetric_SYK_Type_Models_I.pdf,678190,52,1a29ca6179b7116d3c247cfaeec9353bd8c767d141500b47561b9dd2cfc87e4f,1a29ca6179b7116d3c247cfaeec9353bd8c767d141500b47561b9dd2cfc87e4f,matched,arXiv,https://arxiv.org/pdf/2103.11899,0,,false,,,
282,2110.15562,1956018,2021,"On 1D, N = 4 supersymmetric SYK-type models. Part II","Gates, S. James | Hu, Yangrui | Mak, S.-N. Hazel",article,2110.15562,10.1007/JHEP03(2022)148,,https://inspirehep.net/literature/1956018,false,,,verified_local_pdf,/Users/brandon/Documents/S_James_Gates_Publications/pdfs/2021_2110.15562_On_1D_N_4_supersymmetric_SYK_type_models_Part_II.pdf,pdfs/2021_2110.15562_On_1D_N_4_supersymmetric_SYK_type_models_Part_II.pdf,2021_2110.15562_On_1D_N_4_supersymmetric_SYK_type_models_Part_II.pdf,498496,31,17369491c2dfd5b3fe305d23a65c1aad1c2e3b5751273d716f4a7bd204cabe19,17369491c2dfd5b3fe305d23a65c1aad1c2e3b5751273d716f4a7bd204cabe19,matched,arXiv,https://arxiv.org/pdf/2110.15562,0,,false,,,
283,2112.13059,1997189,2021,Superspace BRST/BV Operators of Superfield Gauge Theories,"Buchbinder, Ioseph Lvovich | Gates, Sylvester James | Jr. | Koutrolikos, Konstantinos",article,2112.13059,10.3390/sym14020256,,https://inspirehep.net/literature/1997189,false,,,verified_local_pdf,/Users/brandon/Documents/S_James_Gates_Publications/pdfs/2021_2112.13059_Superspace_BRST_BV_Operators_of_Superfield_Gauge_Theories.pdf,pdfs/2021_2112.13059_Superspace_BRST_BV_Operators_of_Superfield_Gauge_Theories.pdf,2021_2112.13059_Superspace_BRST_BV_Operators_of_Superfield_Gauge_Theories.pdf,314039,22,a8a204598ebd53bd734067c83427ab6830a5fb3339d4990ea780696c9da48823,a8a204598ebd53bd734067c83427ab6830a5fb3339d4990ea780696c9da48823,matched,arXiv,https://arxiv.org/pdf/2112.13059,0,,false,,,
284,2107.06854,1883895,2021,"Superspace first order formalism, trivial symmetries and electromagnetic interactions of linearized supergravity","Buchbinder, I.L. | Gates, S. James | Koutrolikos, K.",article,2107.06854,10.1007/JHEP09(2021)077,,https://inspirehep.net/literature/1883895,false,,,verified_local_pdf,/Users/brandon/Documents/S_James_Gates_Publications/pdfs/2021_2107.06854_Superspace_first_order_formalism_trivial_symmetries_and_electromagnetic_interactions_of_li.pdf,pdfs/2021_2107.06854_Superspace_first_order_formalism_trivial_symmetries_and_electromagnetic_interactions_of_li.pdf,2021_2107.06854_Superspace_first_order_formalism_trivial_symmetries_and_electromagnetic_interactions_of_li.pdf,371200,25,bd718be20e840eb4458fd862c3eefff39a1e6b4355dc5e89b49de8b23ce36082,bd718be20e840eb4458fd862c3eefff39a1e6b4355dc5e89b49de8b23ce36082,matched,arXiv,https://arxiv.org/pdf/2107.06854,0,,false,,duplicate_doi_alias_removed,
285,2203.10393,2055661,2022,In Search of Excellence and Equity in Physics,"Barzi, Emanuela | Gates, S. James | Springer, Roxanne",conference paper,2203.10393,,FERMILAB-PUB-22-135-TD,https://inspirehep.net/literature/2055661,false,,,verified_local_pdf,/Users/brandon/Documents/S_James_Gates_Publications/pdfs/2022_2203.10393_In_Search_of_Excellence_and_Equity_in_Physics.pdf,pdfs/2022_2203.10393_In_Search_of_Excellence_and_Equity_in_Physics.pdf,2022_2203.10393_In_Search_of_Excellence_and_Equity_in_Physics.pdf,184083,5,b14bf2cb3aae503fa889a7773fc8fa48c0ffea2b4c874bea291b83adc0d1be09,b14bf2cb3aae503fa889a7773fc8fa48c0ffea2b4c874bea291b83adc0d1be09,matched,arXiv,https://arxiv.org/pdf/2203.10393,0,,false,,,
286,2212.00614,2606563,2022,"Modern tensor–spinor symbolic algebra algorithms and computing non-closure geometry and holoraumy in 11D, 𝒩=1 supergravity","Gates, S. James | Hilsenrath, Isaiah B. | Hilsenrath, Saul",article,2212.00614,10.1142/S0217751X24501185,,https://inspirehep.net/literature/2606563,false,,,verified_local_pdf,/Users/brandon/Documents/S_James_Gates_Publications/pdfs/2022_2212.00614_Modern_tensorspinor_symbolic_algebra_algorithms_and_computing_non_closure_geometry_and_hol.pdf,pdfs/2022_2212.00614_Modern_tensorspinor_symbolic_algebra_algorithms_and_computing_non_closure_geometry_and_hol.pdf,2022_2212.00614_Modern_tensorspinor_symbolic_algebra_algorithms_and_computing_non_closure_geometry_and_hol.pdf,2042151,59,8695a1afc1bbb5386820893c588455f83d3396df09f228162bb8b2488a24f377,8695a1afc1bbb5386820893c588455f83d3396df09f228162bb8b2488a24f377,matched,arXiv,https://arxiv.org/pdf/2212.00614,0,,false,,,
287,2212.07442,2614891,2022,Towards a direct detection of the spin of dark matter,"Jenks, Leah | Koutrolikos, Konstantinos | McDonough, Evan | Alexander, Stephon | Gates, S. James, Jr.",article,2212.07442,10.1016/j.physletb.2023.137956,,https://inspirehep.net/literature/2614891,false,,,verified_local_pdf,/Users/brandon/Documents/S_James_Gates_Publications/pdfs/2022_2212.07442_Towards_a_direct_detection_of_the_spin_of_dark_matter.pdf,pdfs/2022_2212.07442_Towards_a_direct_detection_of_the_spin_of_dark_matter.pdf,2022_2212.07442_Towards_a_direct_detection_of_the_spin_of_dark_matter.pdf,1922809,23,21d1cf63eaaf40aed3b14f2836c35c99abb290a5368385a0b1f0bbb581e8d48e,21d1cf63eaaf40aed3b14f2836c35c99abb290a5368385a0b1f0bbb581e8d48e,matched,arXiv,https://arxiv.org/pdf/2212.07442,0,,false,,duplicate_doi_alias_removed,
288,2311.06842,2721972,2023,Unfolded Adinkra Properties of Supermultiplets (I),"Cianciara, leksander J. | Gates, S. James | Lee, Youngik (Tom) | Levy, Ethan T. | Razzaz, Tarek O. | Richardson, Jacob",article,2311.06842,,,https://inspirehep.net/literature/2721972,true,8,unfolded_adinkra,verified_local_pdf,/Users/brandon/Documents/S_James_Gates_Publications/pdfs/2023_2311.06842_Unfolded_Adinkra_Properties_of_Supermultiplets_I.pdf,pdfs/2023_2311.06842_Unfolded_Adinkra_Properties_of_Supermultiplets_I.pdf,2023_2311.06842_Unfolded_Adinkra_Properties_of_Supermultiplets_I.pdf,6039877,52,346e5c3863f81d4afc8d0faf90a0f23c805062a21e9aebc1b32c96a1dd1b6e86,346e5c3863f81d4afc8d0faf90a0f23c805062a21e9aebc1b32c96a1dd1b6e86,matched,arXiv,https://arxiv.org/pdf/2311.06842,1,/Users/brandon/Documents/S_James_Gates_Publications/Gates_specifically_called_out/03_2311.06842_Unfolded_Adinkra_Properties_I.pdf,false,,exact_duplicate_local_artifact,
289,2304.09830,2652632,2023,cal N=2 SUSY and the Hexipentisteriruncicantitruncated 7-Simplex,"Cianciara, Aleksander J. | Coleman, Zachary | Gates, S. James, Jr. | Lee, Youngik Tom | Zhang, Ziyang",article,2304.09830,,,https://inspirehep.net/literature/2652632,true,7,permutahedron_sequence,verified_local_pdf,/Users/brandon/Documents/S_James_Gates_Publications/pdfs/2023_2304.09830_cal_N_2_SUSY_and_the_Hexipentisteriruncicantitruncated_7_Simplex.pdf,pdfs/2023_2304.09830_cal_N_2_SUSY_and_the_Hexipentisteriruncicantitruncated_7_Simplex.pdf,2023_2304.09830_cal_N_2_SUSY_and_the_Hexipentisteriruncicantitruncated_7_Simplex.pdf,4138303,36,d68c14ad31e824b52076bd4be078c6aec0167f0a622c55c4a9d4d2a6d2ef2a34,d68c14ad31e824b52076bd4be078c6aec0167f0a622c55c4a9d4d2a6d2ef2a34,matched,arXiv,https://arxiv.org/pdf/2304.09830,1,/Users/brandon/Documents/S_James_Gates_Publications/Gates_specifically_called_out/02_2304.09830_N2_SUSY_and_the_7-Simplex.pdf,false,,exact_duplicate_local_artifact,
290,2408.09342,2819157,2024,"A Précis: Minimal Four Color Holoraumy and Wolfram's ""New Kind of Science"" Paradigm","Gates, S. James | Youngik | Lee",article,2408.09342,,,https://inspirehep.net/literature/2819157,false,,,verified_local_pdf,/Users/brandon/Documents/S_James_Gates_Publications/pdfs/2024_2408.09342_A_Precis_Minimal_Four_Color_Holoraumy_and_Wolfram_s_New_Kind_of_Science_Paradigm.pdf,pdfs/2024_2408.09342_A_Precis_Minimal_Four_Color_Holoraumy_and_Wolfram_s_New_Kind_of_Science_Paradigm.pdf,2024_2408.09342_A_Precis_Minimal_Four_Color_Holoraumy_and_Wolfram_s_New_Kind_of_Science_Paradigm.pdf,4255995,54,8344013301257c6efc51c7b016ec7c1faf6bb7468804d3626b4892eeb770cca0,8344013301257c6efc51c7b016ec7c1faf6bb7468804d3626b4892eeb770cca0,matched,arXiv,https://arxiv.org/pdf/2408.09342,0,,false,,,
291,2407.09334,2807436,2024,"Adynkra Genomes, Adynkrafields, and the 4D, cal N = 1 Supergravity Superfield Prepotential","Gates, S. James | Hu, Yangrui",article,2407.09334,,,https://inspirehep.net/literature/2807436,true,9,adynkra_sequence,verified_local_pdf,/Users/brandon/Documents/S_James_Gates_Publications/pdfs/2024_2407.09334_Adynkra_Genomes_Adynkrafields_and_the_4D_cal_N_1_Supergravity_Superfield_Prepotential.pdf,pdfs/2024_2407.09334_Adynkra_Genomes_Adynkrafields_and_the_4D_cal_N_1_Supergravity_Superfield_Prepotential.pdf,2024_2407.09334_Adynkra_Genomes_Adynkrafields_and_the_4D_cal_N_1_Supergravity_Superfield_Prepotential.pdf,435439,23,64f0ae888933a8a6ff7b768c73d21656baa557ef7b089aab9f6252129ee58f81,64f0ae888933a8a6ff7b768c73d21656baa557ef7b089aab9f6252129ee58f81,matched,arXiv,https://arxiv.org/pdf/2407.09334,0,,false,,,
292,2512.12157,3092791,2025,10D Supergravity Numerical Data Sets for L & R Matrices,"Cigliano, Jacob | Dahl, Bergen | Gates, S. James",article,2512.12157,,,https://inspirehep.net/literature/3092791,false,,,verified_local_pdf,/Users/brandon/Documents/S_James_Gates_Publications/pdfs/2025_2512.12157_10D_Supergravity_Numerical_Data_Sets_for_L_R_Matrices.pdf,pdfs/2025_2512.12157_10D_Supergravity_Numerical_Data_Sets_for_L_R_Matrices.pdf,2025_2512.12157_10D_Supergravity_Numerical_Data_Sets_for_L_R_Matrices.pdf,565186,26,4b3adbda34bf4ba870713ccddad285d8de70c5608fb53ec0dd6f6ae6dcfd4602,4b3adbda34bf4ba870713ccddad285d8de70c5608fb53ec0dd6f6ae6dcfd4602,matched,arXiv,https://arxiv.org/pdf/2512.12157,0,,false,,,
293,2503.13797,2901502,2025,Adinkras & Genomics in Sixteen Color Systems (I),"Arunseangroj, Jeth | Bedessem, Jude | Gates, S. James | Yerger, Gabriel",article,2503.13797,,,https://inspirehep.net/literature/2901502,false,,,verified_local_pdf,/Users/brandon/Documents/S_James_Gates_Publications/pdfs/2025_2503.13797_Adinkras_Genomics_in_Sixteen_Color_Systems_I.pdf,pdfs/2025_2503.13797_Adinkras_Genomics_in_Sixteen_Color_Systems_I.pdf,2025_2503.13797_Adinkras_Genomics_in_Sixteen_Color_Systems_I.pdf,6092044,33,afae27a547c90cbf68143ed7b786a7fc0fd72cc48a0678dbad0383ccc2c7b4e3,afae27a547c90cbf68143ed7b786a7fc0fd72cc48a0678dbad0383ccc2c7b4e3,matched,arXiv,https://arxiv.org/pdf/2503.13797,0,,false,,,
294,inspire:3104353,3104353,2025,Supersymmetry from superspace to graph theory and polyhedra: Celebrationum scripta collecta,"Gates, S.James | Koutrolikos, Konstantinos",article,,10.1142/S0217751X25300248,,https://inspirehep.net/literature/3104353,false,,,metadata_only,,,,,,,,,,,0,,false,,,World Scientific publisher: HTTP 403 | DOI content negotiation: HTTP 403
295,2602.20149,3122895,2026,Quantum Information Approach to Bosonization of Supersymmetric Yang-Mills Fields,"Balu, Radhakrishnan | Gates, S. James",article,2602.20149,,,https://inspirehep.net/literature/3122895,false,,,verified_local_pdf,/Users/brandon/Documents/S_James_Gates_Publications/pdfs/2026_2602.20149_Quantum_Information_Approach_to_Bosonization_of_Supersymmetric_Yang_Mills_Fields.pdf,pdfs/2026_2602.20149_Quantum_Information_Approach_to_Bosonization_of_Supersymmetric_Yang_Mills_Fields.pdf,2026_2602.20149_Quantum_Information_Approach_to_Bosonization_of_Supersymmetric_Yang_Mills_Fields.pdf,354260,14,2a7e044dac05fc9bc37a8ed0ecf53d7d572e90401dbe3582b83ff46f53875b7b,2a7e044dac05fc9bc37a8ed0ecf53d7d572e90401dbe3582b83ff46f53875b7b,matched,arXiv,https://arxiv.org/pdf/2602.20149,0,,false,,,
