{
  "schema_version": "adynkra-11d-gauge-fixed-invariant-supercurvature-operator-v4",
  "source_basis": "320 Cartesian gamma-traceless spatial-frame basis vectors followed by scale",
  "source_dimension": 321,
  "gamma_traceless_h_dimension": 320,
  "scale_dimension": 1,
  "output_basis": "linearized super-Weyl-covariant X_[2], X_[5], J^(-), auxiliary raw W_2021, direct off-shell LinearizedRiemann, direct Eq. (25) gravitino curl, and the separate conditional Eq. (40) Psi_[3] four-form candidate with canonical exterior-D and eleven-momentum monomials",
  "unified_output_schema": "adynkra-11d-gauge-fixed-invariant-supercurvature-output-v2",
  "column_shard_schema": "adynkra-11d-gauge-fixed-invariant-supercurvature-column-shard-v3",
  "column_shard_directory": "results/adynkra_11d_gauge_fixed_invariant_supercurvature_operator_v4_col3_20260824.json.columns-v3",
  "columns": [
    {
      "ordinal": 0,
      "source_coordinate": "h_spatial_v1_spinor0",
      "nonzero_terms": 95105,
      "raw_w_bianchi_residual_terms": 316649,
      "raw_w_candidate_residual_terms": 45865,
      "sha256": "f2ea64e3d7c9ea35698f4d6b98680606889464caacfa9fdbc25d6fbbd7902997",
      "shard_path": "results/adynkra_11d_gauge_fixed_invariant_supercurvature_operator_v4_col3_20260824.json.columns-v3/column_000.bin",
      "shard_sha256": "1d2c928110b027dc1ac3c169759cfaa69a579580746c9b683d5ec8d2ccd2a2fd",
      "shard_byte_count": 6372127,
      "shard_reused": true
    },
    {
      "ordinal": 1,
      "source_coordinate": "h_spatial_v1_spinor1",
      "nonzero_terms": 95105,
      "raw_w_bianchi_residual_terms": 316647,
      "raw_w_candidate_residual_terms": 45865,
      "sha256": "347c95dafca60d4e77aa6162ff4e31347437cf36b48bb02a7b0d18547758b3d9",
      "shard_path": "results/adynkra_11d_gauge_fixed_invariant_supercurvature_operator_v4_col3_20260824.json.columns-v3/column_001.bin",
      "shard_sha256": "f242a81d42f2e638a4fbe2f722bcbc26bcfc77157c777496020d26a874a675ae",
      "shard_byte_count": 6372127,
      "shard_reused": true
    },
    {
      "ordinal": 2,
      "source_coordinate": "h_spatial_v1_spinor2",
      "nonzero_terms": 95105,
      "raw_w_bianchi_residual_terms": 316649,
      "raw_w_candidate_residual_terms": 45865,
      "sha256": "81e013a3cbe0a2e8aa14bd0a77637b59b79d1b3fdc0e79e409df9913ac08f93c",
      "shard_path": "results/adynkra_11d_gauge_fixed_invariant_supercurvature_operator_v4_col3_20260824.json.columns-v3/column_002.bin",
      "shard_sha256": "d195e20828923f007bf0769f6d66d482834328f0aa9b5289085312c4790f2b36",
      "shard_byte_count": 6372127,
      "shard_reused": true
    },
    {
      "ordinal": 3,
      "source_coordinate": "h_spatial_v1_spinor3",
      "nonzero_terms": 95105,
      "raw_w_bianchi_residual_terms": 316639,
      "raw_w_candidate_residual_terms": 45865,
      "sha256": "b164699f30b46318e519de3c0499f858d7d47d0d188aed2d463a32952721de61",
      "shard_path": "results/adynkra_11d_gauge_fixed_invariant_supercurvature_operator_v4_col3_20260824.json.columns-v3/column_003.bin",
      "shard_sha256": "d334ab44a647526ad357e47effad96c6ed9cd8bc1d7371feb7db057214e4b058",
      "shard_byte_count": 6372127,
      "shard_reused": true
    },
    {
      "ordinal": 4,
      "source_coordinate": "h_spatial_v1_spinor4",
      "nonzero_terms": 95105,
      "raw_w_bianchi_residual_terms": 316652,
      "raw_w_candidate_residual_terms": 45865,
      "sha256": "8bd1c4d5829b52903276afd966b4bb9646da91a526b97f2dacc2fe43b575e3a9",
      "shard_path": "results/adynkra_11d_gauge_fixed_invariant_supercurvature_operator_v4_col3_20260824.json.columns-v3/column_004.bin",
      "shard_sha256": "c2b77e5c7a28195e2d9b28f8ae5f17173adf2670e0b2cb6c89a6234c3a5dd0ca",
      "shard_byte_count": 6372127,
      "shard_reused": true
    },
    {
      "ordinal": 5,
      "source_coordinate": "h_spatial_v1_spinor5",
      "nonzero_terms": 95105,
      "raw_w_bianchi_residual_terms": 316658,
      "raw_w_candidate_residual_terms": 45865,
      "sha256": "ce282e63aa870b55a63540b9cc0cf7b3b850a9eac8637932b1e0ad62ee2cfd74",
      "shard_path": "results/adynkra_11d_gauge_fixed_invariant_supercurvature_operator_v4_col3_20260824.json.columns-v3/column_005.bin",
      "shard_sha256": "2f86c8cc85b56cdd6af51f3d44912598dd7d0e07c1383566164f568e437c6d56",
      "shard_byte_count": 6372127,
      "shard_reused": true
    },
    {
      "ordinal": 6,
      "source_coordinate": "h_spatial_v1_spinor6",
      "nonzero_terms": 95105,
      "raw_w_bianchi_residual_terms": 316642,
      "raw_w_candidate_residual_terms": 45865,
      "sha256": "b9a8fe104fe0f5dacc3a34e9fb3d7ec3419ce6263fd67a4c67e0f1a703c26876",
      "shard_path": "results/adynkra_11d_gauge_fixed_invariant_supercurvature_operator_v4_col3_20260824.json.columns-v3/column_006.bin",
      "shard_sha256": "2c12e454df8a0bb86f753260a8bafab1c07981f3b43a589291adf1c03bfb7ffe",
      "shard_byte_count": 6372127,
      "shard_reused": true
    },
    {
      "ordinal": 7,
      "source_coordinate": "h_spatial_v1_spinor7",
      "nonzero_terms": 95105,
      "raw_w_bianchi_residual_terms": 316652,
      "raw_w_candidate_residual_terms": 45865,
      "sha256": "0f884f5195ea1dd9e0942bd3658ac651324fd813a2a2168adb4f82e79d65c0aa",
      "shard_path": "results/adynkra_11d_gauge_fixed_invariant_supercurvature_operator_v4_col3_20260824.json.columns-v3/column_007.bin",
      "shard_sha256": "f1341534355937dd68d0ec865700d84ae8766b3176b5eae36931b174bda8b6e0",
      "shard_byte_count": 6372127,
      "shard_reused": true
    },
    {
      "ordinal": 8,
      "source_coordinate": "h_spatial_v1_spinor8",
      "nonzero_terms": 95105,
      "raw_w_bianchi_residual_terms": 316650,
      "raw_w_candidate_residual_terms": 45865,
      "sha256": "b96c70d885c5cc8327327ad83134a05b842b19102bacfcb918f87cb7df9d33b3",
      "shard_path": "results/adynkra_11d_gauge_fixed_invariant_supercurvature_operator_v4_col3_20260824.json.columns-v3/column_008.bin",
      "shard_sha256": "4262c33e1f1665418764742353658743c68eab6331f8b2c2a19b45bf45281883",
      "shard_byte_count": 6372127,
      "shard_reused": true
    },
    {
      "ordinal": 9,
      "source_coordinate": "h_spatial_v1_spinor9",
      "nonzero_terms": 95105,
      "raw_w_bianchi_residual_terms": 316656,
      "raw_w_candidate_residual_terms": 45865,
      "sha256": "81b24817b9990685e57f4e2112a10d5e76bc1a1a06cb808f2957f0137a072de7",
      "shard_path": "results/adynkra_11d_gauge_fixed_invariant_supercurvature_operator_v4_col3_20260824.json.columns-v3/column_009.bin",
      "shard_sha256": "cd8d7109eef94b4f56ad486eb170900ef6be0eb0eb38406c0d8f698d711bcfe7",
      "shard_byte_count": 6372127,
      "shard_reused": true
    },
    {
      "ordinal": 10,
      "source_coordinate": "h_spatial_v1_spinor10",
      "nonzero_terms": 95105,
      "raw_w_bianchi_residual_terms": 316644,
      "raw_w_candidate_residual_terms": 45865,
      "sha256": "b23d5627331a563a91c598d11211f4448130508fdf69c1e9b0932f39631a244b",
      "shard_path": "results/adynkra_11d_gauge_fixed_invariant_supercurvature_operator_v4_col3_20260824.json.columns-v3/column_010.bin",
      "shard_sha256": "2c7d688279c598818560c2146db0bff68ecf681c6a366d4f32683975c98424d3",
      "shard_byte_count": 6372128,
      "shard_reused": true
    },
    {
      "ordinal": 11,
      "source_coordinate": "h_spatial_v1_spinor11",
      "nonzero_terms": 95105,
      "raw_w_bianchi_residual_terms": 316650,
      "raw_w_candidate_residual_terms": 45865,
      "sha256": "9f04a6d158332edeb7e4e100208478aa611d67680b898872d3994d6840e9f029",
      "shard_path": "results/adynkra_11d_gauge_fixed_invariant_supercurvature_operator_v4_col3_20260824.json.columns-v3/column_011.bin",
      "shard_sha256": "a8b8e4af53e1a5a53fbe2706d4a832aad14b24ce778d13ae9827fa481434f3f4",
      "shard_byte_count": 6372128,
      "shard_reused": true
    },
    {
      "ordinal": 12,
      "source_coordinate": "h_spatial_v1_spinor12",
      "nonzero_terms": 95105,
      "raw_w_bianchi_residual_terms": 316649,
      "raw_w_candidate_residual_terms": 45865,
      "sha256": "73e4e3d9e58658521ef0859a3841a70892802479eb030e7bd10b28892660a6f4",
      "shard_path": "results/adynkra_11d_gauge_fixed_invariant_supercurvature_operator_v4_col3_20260824.json.columns-v3/column_012.bin",
      "shard_sha256": "6da3f6aaa38a7c6e4aa7458fd742c7ec26263e02d90e564e23b9b4559166f53a",
      "shard_byte_count": 6372128,
      "shard_reused": true
    },
    {
      "ordinal": 13,
      "source_coordinate": "h_spatial_v1_spinor13",
      "nonzero_terms": 95105,
      "raw_w_bianchi_residual_terms": 316651,
      "raw_w_candidate_residual_terms": 45865,
      "sha256": "3ef290adf32c48010556aee42696fea204c90b1a6363f874f106c9bbc01e7d1b",
      "shard_path": "results/adynkra_11d_gauge_fixed_invariant_supercurvature_operator_v4_col3_20260824.json.columns-v3/column_013.bin",
      "shard_sha256": "64abcf516a2e4434431ab952ec1e31e286c3e54385a4e9ea6e6bfe9d43728b15",
      "shard_byte_count": 6372128,
      "shard_reused": true
    },
    {
      "ordinal": 14,
      "source_coordinate": "h_spatial_v1_spinor14",
      "nonzero_terms": 95105,
      "raw_w_bianchi_residual_terms": 316649,
      "raw_w_candidate_residual_terms": 45865,
      "sha256": "2f37bd196462a293d9d0fccc9cb5cc1aadfea051ce7470687dd12d4e12e0cebf",
      "shard_path": "results/adynkra_11d_gauge_fixed_invariant_supercurvature_operator_v4_col3_20260824.json.columns-v3/column_014.bin",
      "shard_sha256": "457e1e799f70c00a96955de25884b0fa5147991a65d7653a78050c4f7daf2359",
      "shard_byte_count": 6372128,
      "shard_reused": true
    },
    {
      "ordinal": 15,
      "source_coordinate": "h_spatial_v1_spinor15",
      "nonzero_terms": 95105,
      "raw_w_bianchi_residual_terms": 316639,
      "raw_w_candidate_residual_terms": 45865,
      "sha256": "7975585f71c2c2a32bb712da6a263488005cb5880aff838f830874fa4961b526",
      "shard_path": "results/adynkra_11d_gauge_fixed_invariant_supercurvature_operator_v4_col3_20260824.json.columns-v3/column_015.bin",
      "shard_sha256": "efccd4b2d22dd544794226c56c43882912024f57470f728542cd38261d70d07e",
      "shard_byte_count": 6372128,
      "shard_reused": true
    },
    {
      "ordinal": 16,
      "source_coordinate": "h_spatial_v1_spinor16",
      "nonzero_terms": 96590,
      "raw_w_bianchi_residual_terms": 321837,
      "raw_w_candidate_residual_terms": 46619,
      "sha256": "2784cf0059ca8d6084e5a4c94055971ee84f89d93cca237d9a336dd6718db18b",
      "shard_path": "results/adynkra_11d_gauge_fixed_invariant_supercurvature_operator_v4_col3_20260824.json.columns-v3/column_016.bin",
      "shard_sha256": "9f9a1a9c7afb2ef568cef90cda7cf80a313de5b098765680c2f021c1f8e17a0b",
      "shard_byte_count": 6471623,
      "shard_reused": true
    },
    {
      "ordinal": 17,
      "source_coordinate": "h_spatial_v1_spinor17",
      "nonzero_terms": 96590,
      "raw_w_bianchi_residual_terms": 321841,
      "raw_w_candidate_residual_terms": 46619,
      "sha256": "4db2826c058ca6351f1ae03d788e16c30b98d014cfd6851bfa2e377b2223ba24",
      "shard_path": "results/adynkra_11d_gauge_fixed_invariant_supercurvature_operator_v4_col3_20260824.json.columns-v3/column_017.bin",
      "shard_sha256": "29df2fa39def88a591e88da30d67e25fcd1a502886acbfbd6cf597bf273a218d",
      "shard_byte_count": 6471623,
      "shard_reused": true
    },
    {
      "ordinal": 18,
      "source_coordinate": "h_spatial_v1_spinor18",
      "nonzero_terms": 96590,
      "raw_w_bianchi_residual_terms": 321829,
      "raw_w_candidate_residual_terms": 46619,
      "sha256": "7f3fa9ff7dda6c4b7c8da0cd5feb98cdca60cd62c270d1d54811558a6a4900cf",
      "shard_path": "results/adynkra_11d_gauge_fixed_invariant_supercurvature_operator_v4_col3_20260824.json.columns-v3/column_018.bin",
      "shard_sha256": "03aeec2c2b784b58002eac798c4886512db044709e887c4dd539069731c23498",
      "shard_byte_count": 6471623,
      "shard_reused": true
    },
    {
      "ordinal": 19,
      "source_coordinate": "h_spatial_v1_spinor19",
      "nonzero_terms": 96590,
      "raw_w_bianchi_residual_terms": 321835,
      "raw_w_candidate_residual_terms": 46619,
      "sha256": "6f631e5112f6528570c9b713639fc179c1b09b4e6cfc9303723764b916fed6f0",
      "shard_path": "results/adynkra_11d_gauge_fixed_invariant_supercurvature_operator_v4_col3_20260824.json.columns-v3/column_019.bin",
      "shard_sha256": "8e2a614d8db1aa406243eb5bae0b006945c13e213bc6cd55695e5443856ae46f",
      "shard_byte_count": 6471623,
      "shard_reused": true
    },
    {
      "ordinal": 20,
      "source_coordinate": "h_spatial_v1_spinor20",
      "nonzero_terms": 96590,
      "raw_w_bianchi_residual_terms": 321845,
      "raw_w_candidate_residual_terms": 46619,
      "sha256": "3471d97317a1ebe4480316a302dec51bf730fc5c7b4866e4326fabc9427026e8",
      "shard_path": "results/adynkra_11d_gauge_fixed_invariant_supercurvature_operator_v4_col3_20260824.json.columns-v3/column_020.bin",
      "shard_sha256": "6df4c823fdfbf07731cbc5e36dc7e1afb2a551ee32714f6028a6ec7c43c12c7a",
      "shard_byte_count": 6471623,
      "shard_reused": true
    },
    {
      "ordinal": 21,
      "source_coordinate": "h_spatial_v1_spinor21",
      "nonzero_terms": 96590,
      "raw_w_bianchi_residual_terms": 321847,
      "raw_w_candidate_residual_terms": 46619,
      "sha256": "36cd15fc96a1070e5a2a3e9a9ab21af4980574ed6edd210f7123e4080bbedc59",
      "shard_path": "results/adynkra_11d_gauge_fixed_invariant_supercurvature_operator_v4_col3_20260824.json.columns-v3/column_021.bin",
      "shard_sha256": "c02582be1f37edb4946de99bc1126a80e2929fce12a79986ad084dafb6d40e75",
      "shard_byte_count": 6471623,
      "shard_reused": true
    },
    {
      "ordinal": 22,
      "source_coordinate": "h_spatial_v1_spinor22",
      "nonzero_terms": 96590,
      "raw_w_bianchi_residual_terms": 321843,
      "raw_w_candidate_residual_terms": 46619,
      "sha256": "8576ac84b13d7ffa2a91176d4038ae28099207a348c4fe7dc85fe1a2f9079b13",
      "shard_path": "results/adynkra_11d_gauge_fixed_invariant_supercurvature_operator_v4_col3_20260824.json.columns-v3/column_022.bin",
      "shard_sha256": "54dae67d8df7680f6255bf64340f9e0636c1eab97e9a62cd712c68ce12810276",
      "shard_byte_count": 6471623,
      "shard_reused": true
    },
    {
      "ordinal": 23,
      "source_coordinate": "h_spatial_v1_spinor23",
      "nonzero_terms": 96590,
      "raw_w_bianchi_residual_terms": 321823,
      "raw_w_candidate_residual_terms": 46619,
      "sha256": "fc0c909be4aeb9561c8bf75eb20fca2de606be09f3d24cca91e157cb345de1f5",
      "shard_path": "results/adynkra_11d_gauge_fixed_invariant_supercurvature_operator_v4_col3_20260824.json.columns-v3/column_023.bin",
      "shard_sha256": "07c6bc8363530c20055ce1f1fb6924cbb03dad799ab00c818c6f49a13c4efcf2",
      "shard_byte_count": 6471623,
      "shard_reused": true
    },
    {
      "ordinal": 24,
      "source_coordinate": "h_spatial_v1_spinor24",
      "nonzero_terms": 96590,
      "raw_w_bianchi_residual_terms": 321848,
      "raw_w_candidate_residual_terms": 46619,
      "sha256": "d9eb3536c6fbe2080ef0b8024d8e0f9296b1e28e8a1c694750f2617c5f1369b6",
      "shard_path": "results/adynkra_11d_gauge_fixed_invariant_supercurvature_operator_v4_col3_20260824.json.columns-v3/column_024.bin",
      "shard_sha256": "b8bcc11889d86d7bd9ccac77b0e12f6ec3d3940c43f4bc2c523abf52c1583bd4",
      "shard_byte_count": 6471623,
      "shard_reused": true
    },
    {
      "ordinal": 25,
      "source_coordinate": "h_spatial_v1_spinor25",
      "nonzero_terms": 96590,
      "raw_w_bianchi_residual_terms": 321838,
      "raw_w_candidate_residual_terms": 46619,
      "sha256": "6df17be77fb9c49cbf511f63b62b2b5ec9eedb49fb466dd5c64cd490695409f9",
      "shard_path": "results/adynkra_11d_gauge_fixed_invariant_supercurvature_operator_v4_col3_20260824.json.columns-v3/column_025.bin",
      "shard_sha256": "bc36323aa169c13c8063f44eb0a8c253e0fc0562d12152b9e771566a3fb3f526",
      "shard_byte_count": 6471623,
      "shard_reused": true
    },
    {
      "ordinal": 26,
      "source_coordinate": "h_spatial_v1_spinor26",
      "nonzero_terms": 96590,
      "raw_w_bianchi_residual_terms": 321842,
      "raw_w_candidate_residual_terms": 46619,
      "sha256": "e273344ddcb0987a32c8fc8f34c8d5bf3007f2ddfd0bb0bfda351e16d7afa01c",
      "shard_path": "results/adynkra_11d_gauge_fixed_invariant_supercurvature_operator_v4_col3_20260824.json.columns-v3/column_026.bin",
      "shard_sha256": "e750efa98fc09a6bfb8e7444afbf023c86b0c112ba8d882183bbbb7ae9552eda",
      "shard_byte_count": 6471623,
      "shard_reused": true
    },
    {
      "ordinal": 27,
      "source_coordinate": "h_spatial_v1_spinor27",
      "nonzero_terms": 96590,
      "raw_w_bianchi_residual_terms": 321838,
      "raw_w_candidate_residual_terms": 46619,
      "sha256": "365d6bfa84f46437c1bbbeceb1a9dd3f802baa8b0735a82b9ae11a0edce311eb",
      "shard_path": "results/adynkra_11d_gauge_fixed_invariant_supercurvature_operator_v4_col3_20260824.json.columns-v3/column_027.bin",
      "shard_sha256": "eebda151550ca71f77ce360edb19ed0c30b6246d258d18fe67248874f5a35327",
      "shard_byte_count": 6471623,
      "shard_reused": true
    },
    {
      "ordinal": 28,
      "source_coordinate": "h_spatial_v1_spinor28",
      "nonzero_terms": 96590,
      "raw_w_bianchi_residual_terms": 321842,
      "raw_w_candidate_residual_terms": 46619,
      "sha256": "f9cbc4868962e3ac50910320e2cdac07285757225b3d64afefc5c8ebef8b1ed6",
      "shard_path": "results/adynkra_11d_gauge_fixed_invariant_supercurvature_operator_v4_col3_20260824.json.columns-v3/column_028.bin",
      "shard_sha256": "83281d84aabc0f40dea168b5368333748a0d58bbc0da20f954bee353329ce973",
      "shard_byte_count": 6471623,
      "shard_reused": true
    },
    {
      "ordinal": 29,
      "source_coordinate": "h_spatial_v1_spinor29",
      "nonzero_terms": 96590,
      "raw_w_bianchi_residual_terms": 321830,
      "raw_w_candidate_residual_terms": 46619,
      "sha256": "6b1781c5c85f4ba1d449da34d475b26cc0900672572e9ff4fc43efae2164bfd4",
      "shard_path": "results/adynkra_11d_gauge_fixed_invariant_supercurvature_operator_v4_col3_20260824.json.columns-v3/column_029.bin",
      "shard_sha256": "132fa39c2ac04ad7568bcce5730c5db374e914eedc7e531fd5fd4b81a6648bc9",
      "shard_byte_count": 6471623,
      "shard_reused": true
    },
    {
      "ordinal": 30,
      "source_coordinate": "h_spatial_v1_spinor30",
      "nonzero_terms": 96590,
      "raw_w_bianchi_residual_terms": 321822,
      "raw_w_candidate_residual_terms": 46619,
      "sha256": "9397fbca7335dcea2c8150497c8f19390d36a2448c849cf934d8cc027f3d00ca",
      "shard_path": "results/adynkra_11d_gauge_fixed_invariant_supercurvature_operator_v4_col3_20260824.json.columns-v3/column_030.bin",
      "shard_sha256": "1addac96001c775ac77a3eede85a7482118bbc2b0dc6c970ab454d3797fa8403",
      "shard_byte_count": 6471623,
      "shard_reused": true
    },
    {
      "ordinal": 31,
      "source_coordinate": "h_spatial_v1_spinor31",
      "nonzero_terms": 96590,
      "raw_w_bianchi_residual_terms": 321840,
      "raw_w_candidate_residual_terms": 46619,
      "sha256": "121b100d118af1866e4d11e61799511b79f858a8e9398807fac09f7fa904f3cf",
      "shard_path": "results/adynkra_11d_gauge_fixed_invariant_supercurvature_operator_v4_col3_20260824.json.columns-v3/column_031.bin",
      "shard_sha256": "0d3cb2a3286d8e07d1082cc4a7e8c989b75c8e75c51959dda568938780ac5c15",
      "shard_byte_count": 6471623,
      "shard_reused": true
    },
    {
      "ordinal": 32,
      "source_coordinate": "h_spatial_v2_spinor0",
      "nonzero_terms": 113487,
      "raw_w_bianchi_residual_terms": 358215,
      "raw_w_candidate_residual_terms": 51819,
      "sha256": "3de71dcce46d182a606f983ee6f6df167061d9f7bb9947ab8873ee268279e8dc",
      "shard_path": "results/adynkra_11d_gauge_fixed_invariant_supercurvature_operator_v4_col3_20260824.json.columns-v3/column_032.bin",
      "shard_sha256": "d5bef65499b4e3fb671b73e6714b48ef59505fe788afbc1434ad3bac39c630b2",
      "shard_byte_count": 7603721,
      "shard_reused": true
    },
    {
      "ordinal": 33,
      "source_coordinate": "h_spatial_v2_spinor1",
      "nonzero_terms": 113487,
      "raw_w_bianchi_residual_terms": 358207,
      "raw_w_candidate_residual_terms": 51819,
      "sha256": "2727019ac987b565375bf73f7fcc8b6053c8213aea41c0c65f82caf9f2f49c3a",
      "shard_path": "results/adynkra_11d_gauge_fixed_invariant_supercurvature_operator_v4_col3_20260824.json.columns-v3/column_033.bin",
      "shard_sha256": "89eafe108ec727c6337a11eba455b4907d4e3206d76a512539deb591663668db",
      "shard_byte_count": 7603721,
      "shard_reused": true
    },
    {
      "ordinal": 34,
      "source_coordinate": "h_spatial_v2_spinor2",
      "nonzero_terms": 113487,
      "raw_w_bianchi_residual_terms": 358210,
      "raw_w_candidate_residual_terms": 51819,
      "sha256": "7f7d2bd34eed9102b4547cb02da38a79bf0de6f414b25dbf0e02da743cb1fc86",
      "shard_path": "results/adynkra_11d_gauge_fixed_invariant_supercurvature_operator_v4_col3_20260824.json.columns-v3/column_034.bin",
      "shard_sha256": "56eaadfe23559728016c6fb4b50cc93dd5c30c12c7a4e653eb6cb5d92420733c",
      "shard_byte_count": 7603721,
      "shard_reused": true
    },
    {
      "ordinal": 35,
      "source_coordinate": "h_spatial_v2_spinor3",
      "nonzero_terms": 113487,
      "raw_w_bianchi_residual_terms": 358210,
      "raw_w_candidate_residual_terms": 51819,
      "sha256": "a2c6fa25acdc60279e1bf0f838d3c881a892050fd6cd525c752bbcd5b074f8ae",
      "shard_path": "results/adynkra_11d_gauge_fixed_invariant_supercurvature_operator_v4_col3_20260824.json.columns-v3/column_035.bin",
      "shard_sha256": "6b028141df03ba2eb9577f91c81b4e76db8e67605bdccab7e9d182a9c77154a6",
      "shard_byte_count": 7603721,
      "shard_reused": true
    },
    {
      "ordinal": 36,
      "source_coordinate": "h_spatial_v2_spinor4",
      "nonzero_terms": 113487,
      "raw_w_bianchi_residual_terms": 358214,
      "raw_w_candidate_residual_terms": 51819,
      "sha256": "de57ab2b2f56711f8d5ac7dbaa83208ec891fc8595d1dbd7fe904f76fe0c633f",
      "shard_path": "results/adynkra_11d_gauge_fixed_invariant_supercurvature_operator_v4_col3_20260824.json.columns-v3/column_036.bin",
      "shard_sha256": "01ac977abb66db7319e5190606b1a5e1411cb9206103b0320f29ccfabb170f92",
      "shard_byte_count": 7603721,
      "shard_reused": true
    },
    {
      "ordinal": 37,
      "source_coordinate": "h_spatial_v2_spinor5",
      "nonzero_terms": 113487,
      "raw_w_bianchi_residual_terms": 358218,
      "raw_w_candidate_residual_terms": 51819,
      "sha256": "b39897dffc9a57ba4ee3c88fe4be0653c804a3cd2288e17bcd7d5d503951794f",
      "shard_path": "results/adynkra_11d_gauge_fixed_invariant_supercurvature_operator_v4_col3_20260824.json.columns-v3/column_037.bin",
      "shard_sha256": "f41f0aa173a6194b64adc10796e02176fa41393ebea7037e583c345cc29203ea",
      "shard_byte_count": 7603721,
      "shard_reused": true
    },
    {
      "ordinal": 38,
      "source_coordinate": "h_spatial_v2_spinor6",
      "nonzero_terms": 113487,
      "raw_w_bianchi_residual_terms": 358205,
      "raw_w_candidate_residual_terms": 51819,
      "sha256": "30fe0b1a96d4c26ffd131fea483a13677e08833d8c9e07ffe6283f4fba8c4ded",
      "shard_path": "results/adynkra_11d_gauge_fixed_invariant_supercurvature_operator_v4_col3_20260824.json.columns-v3/column_038.bin",
      "shard_sha256": "56691ae7d7a65659697b8bd4c3d1661aa4cbd081992bb95d2af26d37c7713b91",
      "shard_byte_count": 7603721,
      "shard_reused": true
    },
    {
      "ordinal": 39,
      "source_coordinate": "h_spatial_v2_spinor7",
      "nonzero_terms": 113487,
      "raw_w_bianchi_residual_terms": 358217,
      "raw_w_candidate_residual_terms": 51819,
      "sha256": "67eb4afbe1d243f29930a90ca34c31b7ff21f766bafba540836da4742ae7c467",
      "shard_path": "results/adynkra_11d_gauge_fixed_invariant_supercurvature_operator_v4_col3_20260824.json.columns-v3/column_039.bin",
      "shard_sha256": "b9fb832a05cab74a963f4492c2554018828c43f862eb9d641b40355405ac3d68",
      "shard_byte_count": 7603721,
      "shard_reused": true
    },
    {
      "ordinal": 40,
      "source_coordinate": "h_spatial_v2_spinor8",
      "nonzero_terms": 113487,
      "raw_w_bianchi_residual_terms": 358205,
      "raw_w_candidate_residual_terms": 51819,
      "sha256": "16452fe255b3524af43b4fbd73feae428130db351b0f0ce384ad2de3c5b6cbbc",
      "shard_path": "results/adynkra_11d_gauge_fixed_invariant_supercurvature_operator_v4_col3_20260824.json.columns-v3/column_040.bin",
      "shard_sha256": "7473bd34c9323b68690c72696dc8a28924fd3c5757f33433091eb9f9f6f0e552",
      "shard_byte_count": 7603721,
      "shard_reused": true
    },
    {
      "ordinal": 41,
      "source_coordinate": "h_spatial_v2_spinor9",
      "nonzero_terms": 113487,
      "raw_w_bianchi_residual_terms": 358217,
      "raw_w_candidate_residual_terms": 51819,
      "sha256": "48fe07153ef9ece95b90fe769f7c16c91713a8d48f4dbff902c32a1d521d3cb0",
      "shard_path": "results/adynkra_11d_gauge_fixed_invariant_supercurvature_operator_v4_col3_20260824.json.columns-v3/column_041.bin",
      "shard_sha256": "0e9006395bed1807bd68182d78f8b28037a89f941c14575581cd11e35ac65aa3",
      "shard_byte_count": 7603721,
      "shard_reused": true
    },
    {
      "ordinal": 42,
      "source_coordinate": "h_spatial_v2_spinor10",
      "nonzero_terms": 113487,
      "raw_w_bianchi_residual_terms": 358214,
      "raw_w_candidate_residual_terms": 51819,
      "sha256": "61db1812055906bd19ef75008d2a0c788b75af8ea7213e5ee48a5f92ba1e8984",
      "shard_path": "results/adynkra_11d_gauge_fixed_invariant_supercurvature_operator_v4_col3_20260824.json.columns-v3/column_042.bin",
      "shard_sha256": "ca4daec12bfaaab38ca85e7dadadfd6af82bbeb02ce74ecb17f7fa932633fef3",
      "shard_byte_count": 7603722,
      "shard_reused": true
    },
    {
      "ordinal": 43,
      "source_coordinate": "h_spatial_v2_spinor11",
      "nonzero_terms": 113487,
      "raw_w_bianchi_residual_terms": 358218,
      "raw_w_candidate_residual_terms": 51819,
      "sha256": "a942238d331fce6633d5f9421ad33cc0b216ab3906ce8ccad221f766c7e969be",
      "shard_path": "results/adynkra_11d_gauge_fixed_invariant_supercurvature_operator_v4_col3_20260824.json.columns-v3/column_043.bin",
      "shard_sha256": "dc8e96fc1043c46c316f9318272267910463055b523a7cb2bf37072a4872ad42",
      "shard_byte_count": 7603722,
      "shard_reused": true
    },
    {
      "ordinal": 44,
      "source_coordinate": "h_spatial_v2_spinor12",
      "nonzero_terms": 113487,
      "raw_w_bianchi_residual_terms": 358210,
      "raw_w_candidate_residual_terms": 51819,
      "sha256": "65300c9fd137cadea3a467a6d1162f99b3d603dc4bc3f25dafcaa25cab374630",
      "shard_path": "results/adynkra_11d_gauge_fixed_invariant_supercurvature_operator_v4_col3_20260824.json.columns-v3/column_044.bin",
      "shard_sha256": "e1747752f186bded6bfbf77b91b9b5ddc8746cbe038a7f29ceeda9878c869715",
      "shard_byte_count": 7603722,
      "shard_reused": true
    },
    {
      "ordinal": 45,
      "source_coordinate": "h_spatial_v2_spinor13",
      "nonzero_terms": 113487,
      "raw_w_bianchi_residual_terms": 358210,
      "raw_w_candidate_residual_terms": 51819,
      "sha256": "a9a9ed4940d8f162bdaa7f9d8d37c503e140a3fc0456ec32972221dc8030e6cc",
      "shard_path": "results/adynkra_11d_gauge_fixed_invariant_supercurvature_operator_v4_col3_20260824.json.columns-v3/column_045.bin",
      "shard_sha256": "ed754f95bbf6ec8f43ea81259191b0cfb2f022504fbc39382b19bbaec8c2a683",
      "shard_byte_count": 7603722,
      "shard_reused": true
    },
    {
      "ordinal": 46,
      "source_coordinate": "h_spatial_v2_spinor14",
      "nonzero_terms": 113487,
      "raw_w_bianchi_residual_terms": 358215,
      "raw_w_candidate_residual_terms": 51819,
      "sha256": "1cb0e4158ce7f18260a12a1e999b8ebd930fcf707078cf35cd2ff27421b3d79b",
      "shard_path": "results/adynkra_11d_gauge_fixed_invariant_supercurvature_operator_v4_col3_20260824.json.columns-v3/column_046.bin",
      "shard_sha256": "f11fdb3402b109573154de00a14fa6345db44eda1ef5761ca21ef35b778824b6",
      "shard_byte_count": 7603722,
      "shard_reused": true
    },
    {
      "ordinal": 47,
      "source_coordinate": "h_spatial_v2_spinor15",
      "nonzero_terms": 113487,
      "raw_w_bianchi_residual_terms": 358207,
      "raw_w_candidate_residual_terms": 51819,
      "sha256": "cd635187c5d596d5c2201540383288d17bbafb7479c1cd04e5d5302fa97d8e35",
      "shard_path": "results/adynkra_11d_gauge_fixed_invariant_supercurvature_operator_v4_col3_20260824.json.columns-v3/column_047.bin",
      "shard_sha256": "d2953b76a0b2a0e43751071d399f519a7b7e0062a499293651096b07984308c5",
      "shard_byte_count": 7603722,
      "shard_reused": true
    },
    {
      "ordinal": 48,
      "source_coordinate": "h_spatial_v2_spinor16",
      "nonzero_terms": 113487,
      "raw_w_bianchi_residual_terms": 358207,
      "raw_w_candidate_residual_terms": 51819,
      "sha256": "f00ea1f758d77ad298d648fe5e8056bdabb242d0207134f538be6ae2112a3522",
      "shard_path": "results/adynkra_11d_gauge_fixed_invariant_supercurvature_operator_v4_col3_20260824.json.columns-v3/column_048.bin",
      "shard_sha256": "2c398a774ffdbb29a43a8b21a3a856ac4bdf53f57f780b82eb065f8bbc0df34a",
      "shard_byte_count": 7603722,
      "shard_reused": true
    },
    {
      "ordinal": 49,
      "source_coordinate": "h_spatial_v2_spinor17",
      "nonzero_terms": 113487,
      "raw_w_bianchi_residual_terms": 358215,
      "raw_w_candidate_residual_terms": 51819,
      "sha256": "c34bbbcfd8d73941ba048d48f86584e0a54ac611f7f4a1c2f14b5664afc273c5",
      "shard_path": "results/adynkra_11d_gauge_fixed_invariant_supercurvature_operator_v4_col3_20260824.json.columns-v3/column_049.bin",
      "shard_sha256": "1c003cf66fd48323e0316769bbb15ac4dd29c5fe9b449982324a9057965fa585",
      "shard_byte_count": 7603722,
      "shard_reused": true
    },
    {
      "ordinal": 50,
      "source_coordinate": "h_spatial_v2_spinor18",
      "nonzero_terms": 113487,
      "raw_w_bianchi_residual_terms": 358210,
      "raw_w_candidate_residual_terms": 51819,
      "sha256": "30fb2e938a4cf003ada7f133776812ea1bd5aa0e2c4f077c11516c7adf068529",
      "shard_path": "results/adynkra_11d_gauge_fixed_invariant_supercurvature_operator_v4_col3_20260824.json.columns-v3/column_050.bin",
      "shard_sha256": "09783e26994ca82ff8098d0478779c44c8aa3820bbbfa60575ded9cbac542605",
      "shard_byte_count": 7603722,
      "shard_reused": true
    },
    {
      "ordinal": 51,
      "source_coordinate": "h_spatial_v2_spinor19",
      "nonzero_terms": 113487,
      "raw_w_bianchi_residual_terms": 358210,
      "raw_w_candidate_residual_terms": 51819,
      "sha256": "8551266041b7ba9940c3ea90e135723a5790c35310e3d2c240533bc29c1366c3",
      "shard_path": "results/adynkra_11d_gauge_fixed_invariant_supercurvature_operator_v4_col3_20260824.json.columns-v3/column_051.bin",
      "shard_sha256": "b0b0da7bceeacb61bb1eabe8cee31bd83b74a9c8f03bd529a221eb07cb37fb3f",
      "shard_byte_count": 7603722,
      "shard_reused": true
    },
    {
      "ordinal": 52,
      "source_coordinate": "h_spatial_v2_spinor20",
      "nonzero_terms": 113487,
      "raw_w_bianchi_residual_terms": 358218,
      "raw_w_candidate_residual_terms": 51819,
      "sha256": "ed118df2dacf09ac7e313aa238da1bd74ef72f28c2808e31d393a8f1759d6bba",
      "shard_path": "results/adynkra_11d_gauge_fixed_invariant_supercurvature_operator_v4_col3_20260824.json.columns-v3/column_052.bin",
      "shard_sha256": "3595dd9b9c87b3eb6f89cd309263614fdc18e50b763fd9d3675452958a810b9a",
      "shard_byte_count": 7603722,
      "shard_reused": true
    },
    {
      "ordinal": 53,
      "source_coordinate": "h_spatial_v2_spinor21",
      "nonzero_terms": 113487,
      "raw_w_bianchi_residual_terms": 358214,
      "raw_w_candidate_residual_terms": 51819,
      "sha256": "3ec9123c1e7d1fd7778c9892a883cdfea5dfb3400b9a677c9c972b73213d641f",
      "shard_path": "results/adynkra_11d_gauge_fixed_invariant_supercurvature_operator_v4_col3_20260824.json.columns-v3/column_053.bin",
      "shard_sha256": "0494b40b0e7b8f4692f177638f903f957f21346576e018d4d00a07d8bad13454",
      "shard_byte_count": 7603722,
      "shard_reused": true
    },
    {
      "ordinal": 54,
      "source_coordinate": "h_spatial_v2_spinor22",
      "nonzero_terms": 113487,
      "raw_w_bianchi_residual_terms": 358217,
      "raw_w_candidate_residual_terms": 51819,
      "sha256": "25c2c8e439e1eba6f2b85529d2b38e0001f189578f06292475af0e084e3301b0",
      "shard_path": "results/adynkra_11d_gauge_fixed_invariant_supercurvature_operator_v4_col3_20260824.json.columns-v3/column_054.bin",
      "shard_sha256": "a16437b634fd49a766925cd7e66cd6ca4bdaf0ff868e635aa4dd5b14b48ca46f",
      "shard_byte_count": 7603722,
      "shard_reused": true
    },
    {
      "ordinal": 55,
      "source_coordinate": "h_spatial_v2_spinor23",
      "nonzero_terms": 113487,
      "raw_w_bianchi_residual_terms": 358205,
      "raw_w_candidate_residual_terms": 51819,
      "sha256": "9cf0b7e3043d1597b3c5cc3aeeda05c01ecee835ef7ae2a8a2f5f75f62896872",
      "shard_path": "results/adynkra_11d_gauge_fixed_invariant_supercurvature_operator_v4_col3_20260824.json.columns-v3/column_055.bin",
      "shard_sha256": "90acb9ddc2d626fa64ba411e65fd7f4f49537393a3b44ee58a5234c9850839ca",
      "shard_byte_count": 7603722,
      "shard_reused": true
    },
    {
      "ordinal": 56,
      "source_coordinate": "h_spatial_v2_spinor24",
      "nonzero_terms": 113487,
      "raw_w_bianchi_residual_terms": 358217,
      "raw_w_candidate_residual_terms": 51819,
      "sha256": "b4eba28318996c52cad634b8823a68c8ac928d4614fccda563cae2b605db1ba3",
      "shard_path": "results/adynkra_11d_gauge_fixed_invariant_supercurvature_operator_v4_col3_20260824.json.columns-v3/column_056.bin",
      "shard_sha256": "cbcc0de53bbe406c3931ae23ef48a552e407eb1bdf57c71c3f116a54fa5dd46e",
      "shard_byte_count": 7603722,
      "shard_reused": true
    },
    {
      "ordinal": 57,
      "source_coordinate": "h_spatial_v2_spinor25",
      "nonzero_terms": 113487,
      "raw_w_bianchi_residual_terms": 358205,
      "raw_w_candidate_residual_terms": 51819,
      "sha256": "f51e450663212033a8c252ba31b0ff645e024f9e878c4e2cbb85e3a076402f07",
      "shard_path": "results/adynkra_11d_gauge_fixed_invariant_supercurvature_operator_v4_col3_20260824.json.columns-v3/column_057.bin",
      "shard_sha256": "4595fc22d290ee5b2c06874c9612dbd6f3411f9613b754020ee6b4d96d2ddc04",
      "shard_byte_count": 7603722,
      "shard_reused": true
    },
    {
      "ordinal": 58,
      "source_coordinate": "h_spatial_v2_spinor26",
      "nonzero_terms": 113487,
      "raw_w_bianchi_residual_terms": 358218,
      "raw_w_candidate_residual_terms": 51819,
      "sha256": "e00c8b3a27517d3b60b3d468e3ad055066b6d83c1561579b5cf6f95ee46f81cf",
      "shard_path": "results/adynkra_11d_gauge_fixed_invariant_supercurvature_operator_v4_col3_20260824.json.columns-v3/column_058.bin",
      "shard_sha256": "0c888173d572f3a32ee467235010f1ab157ec2391b0954913c06c0b82852386c",
      "shard_byte_count": 7603722,
      "shard_reused": true
    },
    {
      "ordinal": 59,
      "source_coordinate": "h_spatial_v2_spinor27",
      "nonzero_terms": 113487,
      "raw_w_bianchi_residual_terms": 358214,
      "raw_w_candidate_residual_terms": 51819,
      "sha256": "16d46cf371a31d45d8a6db934cebac46fca19be7e0df0ee9975b570d2d091901",
      "shard_path": "results/adynkra_11d_gauge_fixed_invariant_supercurvature_operator_v4_col3_20260824.json.columns-v3/column_059.bin",
      "shard_sha256": "6f6529a9e245994d1f3cba777dda7d1611c89cdbb2ab3f34424f5ddc091163e3",
      "shard_byte_count": 7603722,
      "shard_reused": true
    },
    {
      "ordinal": 60,
      "source_coordinate": "h_spatial_v2_spinor28",
      "nonzero_terms": 113487,
      "raw_w_bianchi_residual_terms": 358210,
      "raw_w_candidate_residual_terms": 51819,
      "sha256": "1b8c551358acccfc1436969fd966df8b3823762d3a5b9580e05eedf0a62891ea",
      "shard_path": "results/adynkra_11d_gauge_fixed_invariant_supercurvature_operator_v4_col3_20260824.json.columns-v3/column_060.bin",
      "shard_sha256": "4ff5e7f4b9adba2ac4024f9d909dcbd9d56e2b9a06d583d113fdf085b03e55a3",
      "shard_byte_count": 7603722,
      "shard_reused": true
    },
    {
      "ordinal": 61,
      "source_coordinate": "h_spatial_v2_spinor29",
      "nonzero_terms": 113487,
      "raw_w_bianchi_residual_terms": 358210,
      "raw_w_candidate_residual_terms": 51819,
      "sha256": "59ca9ba4088503120c61d1b976d85f837e0218e66dd7f13d85e985836879426a",
      "shard_path": "results/adynkra_11d_gauge_fixed_invariant_supercurvature_operator_v4_col3_20260824.json.columns-v3/column_061.bin",
      "shard_sha256": "97f2a02e70041cde509572dde47f057e8503bd8fbeafafb5b0ce31ffacdb407e",
      "shard_byte_count": 7603722,
      "shard_reused": true
    },
    {
      "ordinal": 62,
      "source_coordinate": "h_spatial_v2_spinor30",
      "nonzero_terms": 113487,
      "raw_w_bianchi_residual_terms": 358207,
      "raw_w_candidate_residual_terms": 51819,
      "sha256": "b88dd94ce4f2a052017c8ed21f4fba20f7402b59bded4c5212a47ca0b441b2df",
      "shard_path": "results/adynkra_11d_gauge_fixed_invariant_supercurvature_operator_v4_col3_20260824.json.columns-v3/column_062.bin",
      "shard_sha256": "cb14c557822f8a8faeb2ded987b61aaebe520c5310e03b74a56646b5104b7001",
      "shard_byte_count": 7603722,
      "shard_reused": true
    },
    {
      "ordinal": 63,
      "source_coordinate": "h_spatial_v2_spinor31",
      "nonzero_terms": 113487,
      "raw_w_bianchi_residual_terms": 358215,
      "raw_w_candidate_residual_terms": 51819,
      "sha256": "639fb17b1c1432c2c42782bd4fe451d4f253c71ffb4c0a3713e698ef9a836146",
      "shard_path": "results/adynkra_11d_gauge_fixed_invariant_supercurvature_operator_v4_col3_20260824.json.columns-v3/column_063.bin",
      "shard_sha256": "76518d941ec9d17a04cda77d0465b73731531d22c6f4bfa74e2068f6b17f8c15",
      "shard_byte_count": 7603722,
      "shard_reused": true
    },
    {
      "ordinal": 64,
      "source_coordinate": "h_spatial_v3_spinor0",
      "nonzero_terms": 113487,
      "raw_w_bianchi_residual_terms": 358217,
      "raw_w_candidate_residual_terms": 51814,
      "sha256": "c834727042697d4ff9833096ee127522a20ecfb27c8f257b305001ddf73dad6e",
      "shard_path": "results/adynkra_11d_gauge_fixed_invariant_supercurvature_operator_v4_col3_20260824.json.columns-v3/column_064.bin",
      "shard_sha256": "017cecdeebe8ffd7cc92a816317a647e38e949a3ee0074e4670ff5340b3ee9a8",
      "shard_byte_count": 7603721,
      "shard_reused": true
    },
    {
      "ordinal": 65,
      "source_coordinate": "h_spatial_v3_spinor1",
      "nonzero_terms": 113487,
      "raw_w_bianchi_residual_terms": 358223,
      "raw_w_candidate_residual_terms": 51814,
      "sha256": "0a80f07b2d2c2aae670a07355b9706b074c77c0521e0a0fdd034088ddd5576e8",
      "shard_path": "results/adynkra_11d_gauge_fixed_invariant_supercurvature_operator_v4_col3_20260824.json.columns-v3/column_065.bin",
      "shard_sha256": "4d6a718d22b99e1bed8e561b84bab68019a102647e14c6245c5b29cb005f5deb",
      "shard_byte_count": 7603721,
      "shard_reused": true
    },
    {
      "ordinal": 66,
      "source_coordinate": "h_spatial_v3_spinor2",
      "nonzero_terms": 113487,
      "raw_w_bianchi_residual_terms": 358221,
      "raw_w_candidate_residual_terms": 51814,
      "sha256": "b974687c172a294e31b698cb07a7a2231ee6c6d409cd676201d97daeab803053",
      "shard_path": "results/adynkra_11d_gauge_fixed_invariant_supercurvature_operator_v4_col3_20260824.json.columns-v3/column_066.bin",
      "shard_sha256": "9458cd397e86ef5fa01aae3a07222bf795546ce6bc6625a252e93efbdeaa5027",
      "shard_byte_count": 7603721,
      "shard_reused": true
    },
    {
      "ordinal": 67,
      "source_coordinate": "h_spatial_v3_spinor3",
      "nonzero_terms": 113487,
      "raw_w_bianchi_residual_terms": 358213,
      "raw_w_candidate_residual_terms": 51814,
      "sha256": "45af7cb73091d46f9ae5d008ea874590ce86ab2a61d1606af0f66034c4846b1e",
      "shard_path": "results/adynkra_11d_gauge_fixed_invariant_supercurvature_operator_v4_col3_20260824.json.columns-v3/column_067.bin",
      "shard_sha256": "7fca0f5d955702e852a7eb7ebc64b563a867b544f194641a756323fc86ecbb12",
      "shard_byte_count": 7603721,
      "shard_reused": true
    },
    {
      "ordinal": 68,
      "source_coordinate": "h_spatial_v3_spinor4",
      "nonzero_terms": 113487,
      "raw_w_bianchi_residual_terms": 358226,
      "raw_w_candidate_residual_terms": 51814,
      "sha256": "1c8f0cdbce61a545487bba3da63b0e9069ce8e5426ddef4aa0ea454862d21c17",
      "shard_path": "results/adynkra_11d_gauge_fixed_invariant_supercurvature_operator_v4_col3_20260824.json.columns-v3/column_068.bin",
      "shard_sha256": "b6d853a4f85dd6dfe3f4337adbeef46e09d2e6b5370647a191a788b939f10e83",
      "shard_byte_count": 7603721,
      "shard_reused": true
    },
    {
      "ordinal": 69,
      "source_coordinate": "h_spatial_v3_spinor5",
      "nonzero_terms": 113487,
      "raw_w_bianchi_residual_terms": 358224,
      "raw_w_candidate_residual_terms": 51814,
      "sha256": "a8589d4b8c9daeb93ab9b428cee16a326392ce3be4e5cefe38a2b1ac698c6f54",
      "shard_path": "results/adynkra_11d_gauge_fixed_invariant_supercurvature_operator_v4_col3_20260824.json.columns-v3/column_069.bin",
      "shard_sha256": "d5a34629724ad70dc4de11399ee3738928ce096712f077b8da0d08ee7613fd04",
      "shard_byte_count": 7603721,
      "shard_reused": true
    },
    {
      "ordinal": 70,
      "source_coordinate": "h_spatial_v3_spinor6",
      "nonzero_terms": 113487,
      "raw_w_bianchi_residual_terms": 358220,
      "raw_w_candidate_residual_terms": 51814,
      "sha256": "7b7a252c56f379055363d70b9cfb6f1469446069e4454ac71fdc0cb456f26102",
      "shard_path": "results/adynkra_11d_gauge_fixed_invariant_supercurvature_operator_v4_col3_20260824.json.columns-v3/column_070.bin",
      "shard_sha256": "bc9f603be022baf17fed3099c64bb2141615cff04a9867d6eac0a36937d7645b",
      "shard_byte_count": 7603721,
      "shard_reused": true
    },
    {
      "ordinal": 71,
      "source_coordinate": "h_spatial_v3_spinor7",
      "nonzero_terms": 113487,
      "raw_w_bianchi_residual_terms": 358224,
      "raw_w_candidate_residual_terms": 51814,
      "sha256": "66dd694e6e9269c3b2d190f8f12e8b8ce348a3dbea278451280fa50402503e44",
      "shard_path": "results/adynkra_11d_gauge_fixed_invariant_supercurvature_operator_v4_col3_20260824.json.columns-v3/column_071.bin",
      "shard_sha256": "37e79f86468da50071134a396b293a80e27e65a6ce038cdf62942c423e1531cb",
      "shard_byte_count": 7603721,
      "shard_reused": true
    },
    {
      "ordinal": 72,
      "source_coordinate": "h_spatial_v3_spinor8",
      "nonzero_terms": 113487,
      "raw_w_bianchi_residual_terms": 358224,
      "raw_w_candidate_residual_terms": 51814,
      "sha256": "2491a3458775c879f1a6a2c95b11c12107953f35cd35e1d79bc8cadba2d7a8b2",
      "shard_path": "results/adynkra_11d_gauge_fixed_invariant_supercurvature_operator_v4_col3_20260824.json.columns-v3/column_072.bin",
      "shard_sha256": "cbd666ef9fff7dfad5b65b53f679753429d9eee3bbca3bd7c334aa93fc86e458",
      "shard_byte_count": 7603721,
      "shard_reused": true
    },
    {
      "ordinal": 73,
      "source_coordinate": "h_spatial_v3_spinor9",
      "nonzero_terms": 113487,
      "raw_w_bianchi_residual_terms": 358220,
      "raw_w_candidate_residual_terms": 51814,
      "sha256": "193e38b06117518161ec090f63b6e7108b6648ac6e5de39888941e933a62f339",
      "shard_path": "results/adynkra_11d_gauge_fixed_invariant_supercurvature_operator_v4_col3_20260824.json.columns-v3/column_073.bin",
      "shard_sha256": "704da0c65b8d48a2b7fdc90d78fd6641f82989c33d9a4a17f772b0ef2cdcde84",
      "shard_byte_count": 7603721,
      "shard_reused": true
    },
    {
      "ordinal": 74,
      "source_coordinate": "h_spatial_v3_spinor10",
      "nonzero_terms": 113487,
      "raw_w_bianchi_residual_terms": 358224,
      "raw_w_candidate_residual_terms": 51814,
      "sha256": "7f2b9cd74f30196415f8e3bd7954698f33a789f2be017cf680e5ad8fcbb48f78",
      "shard_path": "results/adynkra_11d_gauge_fixed_invariant_supercurvature_operator_v4_col3_20260824.json.columns-v3/column_074.bin",
      "shard_sha256": "559f431f52a332492346a4556eb9aa5a37a723ce0e56163fed63e10561a44813",
      "shard_byte_count": 7603722,
      "shard_reused": true
    },
    {
      "ordinal": 75,
      "source_coordinate": "h_spatial_v3_spinor11",
      "nonzero_terms": 113487,
      "raw_w_bianchi_residual_terms": 358226,
      "raw_w_candidate_residual_terms": 51814,
      "sha256": "b059c1154963704ec4004f0eb64f387c9440baaa30b6506dd10f6894b7c71b0e",
      "shard_path": "results/adynkra_11d_gauge_fixed_invariant_supercurvature_operator_v4_col3_20260824.json.columns-v3/column_075.bin",
      "shard_sha256": "ead6fc5eca00d17bb17b13a2debc3f23de14370a30395d04836d82cc6887552c",
      "shard_byte_count": 7603722,
      "shard_reused": true
    },
    {
      "ordinal": 76,
      "source_coordinate": "h_spatial_v3_spinor12",
      "nonzero_terms": 113487,
      "raw_w_bianchi_residual_terms": 358213,
      "raw_w_candidate_residual_terms": 51814,
      "sha256": "02045925094f4dd15afe3d98320d8b8a5d961da60d2b054e1ec02a9ce4082436",
      "shard_path": "results/adynkra_11d_gauge_fixed_invariant_supercurvature_operator_v4_col3_20260824.json.columns-v3/column_076.bin",
      "shard_sha256": "387a084ab15eadc3c5cbe6c6ea0b57da39309395863b191d2a5820bb6f316777",
      "shard_byte_count": 7603722,
      "shard_reused": true
    },
    {
      "ordinal": 77,
      "source_coordinate": "h_spatial_v3_spinor13",
      "nonzero_terms": 113487,
      "raw_w_bianchi_residual_terms": 358221,
      "raw_w_candidate_residual_terms": 51814,
      "sha256": "6108229624d1ca3d099b40872cb1b3f238a621ca2b239ff4a7fc62138ee5567d",
      "shard_path": "results/adynkra_11d_gauge_fixed_invariant_supercurvature_operator_v4_col3_20260824.json.columns-v3/column_077.bin",
      "shard_sha256": "280c10886873b36f25ebef66d8458c1571672946697d0385a7149735b21f8b8a",
      "shard_byte_count": 7603722,
      "shard_reused": true
    },
    {
      "ordinal": 78,
      "source_coordinate": "h_spatial_v3_spinor14",
      "nonzero_terms": 113487,
      "raw_w_bianchi_residual_terms": 358223,
      "raw_w_candidate_residual_terms": 51814,
      "sha256": "7ed89b24fb9c15375ffde756fdbab0a75d7518c8d2888de8e74cc8c70bc23a80",
      "shard_path": "results/adynkra_11d_gauge_fixed_invariant_supercurvature_operator_v4_col3_20260824.json.columns-v3/column_078.bin",
      "shard_sha256": "c27f4ca83015e0ed8591bec2e04195d829296d58c5bf711220bed98bf2ea0141",
      "shard_byte_count": 7603722,
      "shard_reused": true
    },
    {
      "ordinal": 79,
      "source_coordinate": "h_spatial_v3_spinor15",
      "nonzero_terms": 113487,
      "raw_w_bianchi_residual_terms": 358217,
      "raw_w_candidate_residual_terms": 51814,
      "sha256": "3df17798281c8f86d182e621e5045688e2d1f8991e94c8c99c2449693bc5187e",
      "shard_path": "results/adynkra_11d_gauge_fixed_invariant_supercurvature_operator_v4_col3_20260824.json.columns-v3/column_079.bin",
      "shard_sha256": "27f8ab45f16cc05dd4b72b1c3a68a803c818434e7faf2c6423a3f1a00852ce58",
      "shard_byte_count": 7603722,
      "shard_reused": true
    },
    {
      "ordinal": 80,
      "source_coordinate": "h_spatial_v3_spinor16",
      "nonzero_terms": 113487,
      "raw_w_bianchi_residual_terms": 358223,
      "raw_w_candidate_residual_terms": 51814,
      "sha256": "bdcc51149f1a604b5669ec28dda0b6e512440eb246e3635dda7fdc52319a4c6f",
      "shard_path": "results/adynkra_11d_gauge_fixed_invariant_supercurvature_operator_v4_col3_20260824.json.columns-v3/column_080.bin",
      "shard_sha256": "7d14aa4d25d247560e9b8afaabc760a465bd11b1b9abb1575c5b6417fb816552",
      "shard_byte_count": 7603722,
      "shard_reused": true
    },
    {
      "ordinal": 81,
      "source_coordinate": "h_spatial_v3_spinor17",
      "nonzero_terms": 113487,
      "raw_w_bianchi_residual_terms": 358217,
      "raw_w_candidate_residual_terms": 51814,
      "sha256": "8f606424f5e7c4316471f0976b1062ff792d75666b80de792175416e117e5476",
      "shard_path": "results/adynkra_11d_gauge_fixed_invariant_supercurvature_operator_v4_col3_20260824.json.columns-v3/column_081.bin",
      "shard_sha256": "e3357e64f147bce69dcfd7d5ea5bdff715e9aee1b9167b9ec869ba441f3638a0",
      "shard_byte_count": 7603722,
      "shard_reused": true
    },
    {
      "ordinal": 82,
      "source_coordinate": "h_spatial_v3_spinor18",
      "nonzero_terms": 113487,
      "raw_w_bianchi_residual_terms": 358213,
      "raw_w_candidate_residual_terms": 51814,
      "sha256": "304f4a48816ab9476e73b87e87b798e4bfedee8a52a49ae92834ebfe89031b52",
      "shard_path": "results/adynkra_11d_gauge_fixed_invariant_supercurvature_operator_v4_col3_20260824.json.columns-v3/column_082.bin",
      "shard_sha256": "33cbd3f94284ac8baf9f5d3e497f1fdc513a6fff30ad64e379e701158da9ce4b",
      "shard_byte_count": 7603722,
      "shard_reused": true
    },
    {
      "ordinal": 83,
      "source_coordinate": "h_spatial_v3_spinor19",
      "nonzero_terms": 113487,
      "raw_w_bianchi_residual_terms": 358221,
      "raw_w_candidate_residual_terms": 51814,
      "sha256": "2e8db8b52f3ab6318b5cfef3b9ab9e396efe6ab4b588f8f3adca202f44633b4d",
      "shard_path": "results/adynkra_11d_gauge_fixed_invariant_supercurvature_operator_v4_col3_20260824.json.columns-v3/column_083.bin",
      "shard_sha256": "2183707294c4c2680d1e1fd23ef5696c85f97d8bde2581dfd78c1474b8ef7062",
      "shard_byte_count": 7603722,
      "shard_reused": true
    },
    {
      "ordinal": 84,
      "source_coordinate": "h_spatial_v3_spinor20",
      "nonzero_terms": 113487,
      "raw_w_bianchi_residual_terms": 358224,
      "raw_w_candidate_residual_terms": 51814,
      "sha256": "600f756cd2a6ca89f52cc1f28feb609119700276335a38f5ee5c8ffd6b2df990",
      "shard_path": "results/adynkra_11d_gauge_fixed_invariant_supercurvature_operator_v4_col3_20260824.json.columns-v3/column_084.bin",
      "shard_sha256": "0a5ab2e8a94c53a3f95820e2e4e6037590aca996339cabb313071d6a450c629e",
      "shard_byte_count": 7603722,
      "shard_reused": true
    },
    {
      "ordinal": 85,
      "source_coordinate": "h_spatial_v3_spinor21",
      "nonzero_terms": 113487,
      "raw_w_bianchi_residual_terms": 358226,
      "raw_w_candidate_residual_terms": 51814,
      "sha256": "d23b31508871c977a89ba6cc2b93d5ce721817c2aa3a84afb7719f46747cdf87",
      "shard_path": "results/adynkra_11d_gauge_fixed_invariant_supercurvature_operator_v4_col3_20260824.json.columns-v3/column_085.bin",
      "shard_sha256": "88726749fa13ab62d4353c664021e548f3d253a8778ec4f531d3d4cc409c3c70",
      "shard_byte_count": 7603722,
      "shard_reused": true
    },
    {
      "ordinal": 86,
      "source_coordinate": "h_spatial_v3_spinor22",
      "nonzero_terms": 113487,
      "raw_w_bianchi_residual_terms": 358224,
      "raw_w_candidate_residual_terms": 51814,
      "sha256": "bb33b569c6d0695290b67e68cf551a03ccb13e564bccc71333731563d64c3ded",
      "shard_path": "results/adynkra_11d_gauge_fixed_invariant_supercurvature_operator_v4_col3_20260824.json.columns-v3/column_086.bin",
      "shard_sha256": "b604ba36f490ebd0513022a9d2a770e6517f9ef83f58cf2b739610cb830c85e6",
      "shard_byte_count": 7603722,
      "shard_reused": true
    },
    {
      "ordinal": 87,
      "source_coordinate": "h_spatial_v3_spinor23",
      "nonzero_terms": 113487,
      "raw_w_bianchi_residual_terms": 358220,
      "raw_w_candidate_residual_terms": 51814,
      "sha256": "258ac495ef7075f424e68ccec113cfb5ff766a3e8948a550dcffab522fecb554",
      "shard_path": "results/adynkra_11d_gauge_fixed_invariant_supercurvature_operator_v4_col3_20260824.json.columns-v3/column_087.bin",
      "shard_sha256": "a19f5b5f6728ad328ee4ad7f660356e0722723ab70cbf1158cca3fb3912caab9",
      "shard_byte_count": 7603722,
      "shard_reused": true
    },
    {
      "ordinal": 88,
      "source_coordinate": "h_spatial_v3_spinor24",
      "nonzero_terms": 113487,
      "raw_w_bianchi_residual_terms": 358220,
      "raw_w_candidate_residual_terms": 51814,
      "sha256": "76d2b54f7cf8cd9f6429209ab554425a18cd0d666e8c85b736da4e282c97bc19",
      "shard_path": "results/adynkra_11d_gauge_fixed_invariant_supercurvature_operator_v4_col3_20260824.json.columns-v3/column_088.bin",
      "shard_sha256": "f3bfa296a07e02daadc379fdaa292527c3055e99fcd9392df790e51d42d8c021",
      "shard_byte_count": 7603722,
      "shard_reused": true
    },
    {
      "ordinal": 89,
      "source_coordinate": "h_spatial_v3_spinor25",
      "nonzero_terms": 113487,
      "raw_w_bianchi_residual_terms": 358224,
      "raw_w_candidate_residual_terms": 51814,
      "sha256": "46dc0702a8367e145d91484ecae3319b310afc50aaef491589c642ff272c14ec",
      "shard_path": "results/adynkra_11d_gauge_fixed_invariant_supercurvature_operator_v4_col3_20260824.json.columns-v3/column_089.bin",
      "shard_sha256": "8d0dca0ea293d7a27b09fb1c5a6f9b6911b83afd4daef4dc87513e39afc1a891",
      "shard_byte_count": 7603722,
      "shard_reused": true
    },
    {
      "ordinal": 90,
      "source_coordinate": "h_spatial_v3_spinor26",
      "nonzero_terms": 113487,
      "raw_w_bianchi_residual_terms": 358226,
      "raw_w_candidate_residual_terms": 51814,
      "sha256": "5348db655f9266d6f4c8169d285accad92b2dfbf96efa5c2cfc5cee2d50f2d45",
      "shard_path": "results/adynkra_11d_gauge_fixed_invariant_supercurvature_operator_v4_col3_20260824.json.columns-v3/column_090.bin",
      "shard_sha256": "9c76af1bdcdb38051a2ed20cec1efe497e0ff8f355ff57a71b7f39af561ebd27",
      "shard_byte_count": 7603722,
      "shard_reused": true
    },
    {
      "ordinal": 91,
      "source_coordinate": "h_spatial_v3_spinor27",
      "nonzero_terms": 113487,
      "raw_w_bianchi_residual_terms": 358224,
      "raw_w_candidate_residual_terms": 51814,
      "sha256": "910cd513172bcd4782516d16699f253780fb703cd4d04424d3fd0b3e20f49ffe",
      "shard_path": "results/adynkra_11d_gauge_fixed_invariant_supercurvature_operator_v4_col3_20260824.json.columns-v3/column_091.bin",
      "shard_sha256": "11e0ebb8b6d4743c5a0ecc274685da2ddc442ddfd13a20e73d97b4e42ecea472",
      "shard_byte_count": 7603722,
      "shard_reused": true
    },
    {
      "ordinal": 92,
      "source_coordinate": "h_spatial_v3_spinor28",
      "nonzero_terms": 113487,
      "raw_w_bianchi_residual_terms": 358221,
      "raw_w_candidate_residual_terms": 51814,
      "sha256": "2ebbcd9f50b61a1c33f54f14f67d20c18d30caaeacf913152b55ec686cebf9e9",
      "shard_path": "results/adynkra_11d_gauge_fixed_invariant_supercurvature_operator_v4_col3_20260824.json.columns-v3/column_092.bin",
      "shard_sha256": "70e9de51995408568d72330c429bc1f4b281b54c21be5152b2cb72979c3ef156",
      "shard_byte_count": 7603722,
      "shard_reused": true
    },
    {
      "ordinal": 93,
      "source_coordinate": "h_spatial_v3_spinor29",
      "nonzero_terms": 113487,
      "raw_w_bianchi_residual_terms": 358213,
      "raw_w_candidate_residual_terms": 51814,
      "sha256": "036c93cd0b44d59a75e5d513435f8f7606c652cff5c2687bf518edc95a5082ce",
      "shard_path": "results/adynkra_11d_gauge_fixed_invariant_supercurvature_operator_v4_col3_20260824.json.columns-v3/column_093.bin",
      "shard_sha256": "4851d6f0fd4adcd667699ea0d80fcc99102874a496b1be921dfaffc8e7f235c4",
      "shard_byte_count": 7603722,
      "shard_reused": true
    },
    {
      "ordinal": 94,
      "source_coordinate": "h_spatial_v3_spinor30",
      "nonzero_terms": 113487,
      "raw_w_bianchi_residual_terms": 358217,
      "raw_w_candidate_residual_terms": 51814,
      "sha256": "17305d6f7b7df284a3705cd0e3d56cc8df806e4b31df50cf37b8d49adcd17361",
      "shard_path": "results/adynkra_11d_gauge_fixed_invariant_supercurvature_operator_v4_col3_20260824.json.columns-v3/column_094.bin",
      "shard_sha256": "2e70fa4f606eb7907de2410598d7e51fa155ddd25fe358f38ffa09dcb8860e13",
      "shard_byte_count": 7603722,
      "shard_reused": true
    },
    {
      "ordinal": 95,
      "source_coordinate": "h_spatial_v3_spinor31",
      "nonzero_terms": 113487,
      "raw_w_bianchi_residual_terms": 358223,
      "raw_w_candidate_residual_terms": 51814,
      "sha256": "c1637e2e5c9b9dd184b341157410e0a505be636ea2ad93d4371931a1b16db690",
      "shard_path": "results/adynkra_11d_gauge_fixed_invariant_supercurvature_operator_v4_col3_20260824.json.columns-v3/column_095.bin",
      "shard_sha256": "b8a546fb84a3376f73dbcc344f8d6fa4893d4d1fda9e6438045c70c951654a30",
      "shard_byte_count": 7603722,
      "shard_reused": true
    },
    {
      "ordinal": 96,
      "source_coordinate": "h_spatial_v4_spinor0",
      "nonzero_terms": 113487,
      "raw_w_bianchi_residual_terms": 358225,
      "raw_w_candidate_residual_terms": 51823,
      "sha256": "a13c41596da28331caecea23c8d254a5d6c5be7c5a161f0201798a0aee3cb0c2",
      "shard_path": "results/adynkra_11d_gauge_fixed_invariant_supercurvature_operator_v4_col3_20260824.json.columns-v3/column_096.bin",
      "shard_sha256": "e4ba84e3e5ff521de7aa4e0f3a4d72b6b85a06f97b299b1beafded8f0ed61389",
      "shard_byte_count": 7603721,
      "shard_reused": true
    },
    {
      "ordinal": 97,
      "source_coordinate": "h_spatial_v4_spinor1",
      "nonzero_terms": 113487,
      "raw_w_bianchi_residual_terms": 358229,
      "raw_w_candidate_residual_terms": 51823,
      "sha256": "3eb8b7205004e6fe83d19b7a921eda96fd920328652a628141f78c611b120a24",
      "shard_path": "results/adynkra_11d_gauge_fixed_invariant_supercurvature_operator_v4_col3_20260824.json.columns-v3/column_097.bin",
      "shard_sha256": "10e526caddab9ef7152b2fa7cbbd1e9beaa41bf9ab490f6aac943e520de4c8dd",
      "shard_byte_count": 7603721,
      "shard_reused": true
    },
    {
      "ordinal": 98,
      "source_coordinate": "h_spatial_v4_spinor2",
      "nonzero_terms": 113487,
      "raw_w_bianchi_residual_terms": 358221,
      "raw_w_candidate_residual_terms": 51823,
      "sha256": "437fbca48d5d938858440e3a4d221ec94b87154aa687672fdc99e1348948dfb4",
      "shard_path": "results/adynkra_11d_gauge_fixed_invariant_supercurvature_operator_v4_col3_20260824.json.columns-v3/column_098.bin",
      "shard_sha256": "19b72e4a52d60f7f33e353ecb12e51fbd83f3dd67d1e8bec44bf6cfa24bc9a24",
      "shard_byte_count": 7603721,
      "shard_reused": true
    },
    {
      "ordinal": 99,
      "source_coordinate": "h_spatial_v4_spinor3",
      "nonzero_terms": 113487,
      "raw_w_bianchi_residual_terms": 358221,
      "raw_w_candidate_residual_terms": 51823,
      "sha256": "055e7b1677172d982b8415f47b73b864c6c762ffe4eadb34d8dfad7a182e8d18",
      "shard_path": "results/adynkra_11d_gauge_fixed_invariant_supercurvature_operator_v4_col3_20260824.json.columns-v3/column_099.bin",
      "shard_sha256": "f04e6624ff4e0a92d991cc17c0b18b61e36ef5841590ffeb44d7aa81d5fbbe49",
      "shard_byte_count": 7603721,
      "shard_reused": true
    },
    {
      "ordinal": 100,
      "source_coordinate": "h_spatial_v4_spinor4",
      "nonzero_terms": 113487,
      "raw_w_bianchi_residual_terms": 358224,
      "raw_w_candidate_residual_terms": 51823,
      "sha256": "cd8368e6cccdf0e312f2095a9e0ee604fe691edfa90525178c44563c30152ed9",
      "shard_path": "results/adynkra_11d_gauge_fixed_invariant_supercurvature_operator_v4_col3_20260824.json.columns-v3/column_100.bin",
      "shard_sha256": "66ff83d3bccb01d36c1c2ac06155385fc4079bf7d5aff116afeb0997e6c955fb",
      "shard_byte_count": 7603721,
      "shard_reused": true
    },
    {
      "ordinal": 101,
      "source_coordinate": "h_spatial_v4_spinor5",
      "nonzero_terms": 113487,
      "raw_w_bianchi_residual_terms": 358228,
      "raw_w_candidate_residual_terms": 51823,
      "sha256": "4465a8423381d7e6762f5e832f4fa08a76f0ae0a99e614d31dac158bfd0c4257",
      "shard_path": "results/adynkra_11d_gauge_fixed_invariant_supercurvature_operator_v4_col3_20260824.json.columns-v3/column_101.bin",
      "shard_sha256": "159681abb448ba10e981d36437367a92e676b38cbc6f4367a41682b512f80090",
      "shard_byte_count": 7603721,
      "shard_reused": true
    },
    {
      "ordinal": 102,
      "source_coordinate": "h_spatial_v4_spinor6",
      "nonzero_terms": 113487,
      "raw_w_bianchi_residual_terms": 358216,
      "raw_w_candidate_residual_terms": 51823,
      "sha256": "2083dd0d1ab7cadb27ff8b741c8c0d2b66b9ce6c1b5ca3f118a9d79496a657ba",
      "shard_path": "results/adynkra_11d_gauge_fixed_invariant_supercurvature_operator_v4_col3_20260824.json.columns-v3/column_102.bin",
      "shard_sha256": "5cd8d13cf4060d55cdcc695872d213117e9741ad41d15f5624e9906f6529e898",
      "shard_byte_count": 7603721,
      "shard_reused": true
    },
    {
      "ordinal": 103,
      "source_coordinate": "h_spatial_v4_spinor7",
      "nonzero_terms": 113487,
      "raw_w_bianchi_residual_terms": 358216,
      "raw_w_candidate_residual_terms": 51823,
      "sha256": "6ef4879ffa749a4d7d3d93f1d1141103a4bf433564496186337ece42021e2a5b",
      "shard_path": "results/adynkra_11d_gauge_fixed_invariant_supercurvature_operator_v4_col3_20260824.json.columns-v3/column_103.bin",
      "shard_sha256": "2635912a13ae4deb214f07c0ff11c467495ad813af08b752f06d6062ddb23b4d",
      "shard_byte_count": 7603721,
      "shard_reused": true
    },
    {
      "ordinal": 104,
      "source_coordinate": "h_spatial_v4_spinor8",
      "nonzero_terms": 113487,
      "raw_w_bianchi_residual_terms": 358225,
      "raw_w_candidate_residual_terms": 51823,
      "sha256": "563aec2a35c831bbfed317b2c9167f48271a0f52f8bc77fc7f866d5bf4c6bcec",
      "shard_path": "results/adynkra_11d_gauge_fixed_invariant_supercurvature_operator_v4_col3_20260824.json.columns-v3/column_104.bin",
      "shard_sha256": "1f27fea2851b6cc57e97a6668c22b3f8a8d776c4d1c8035759363aa983aa2753",
      "shard_byte_count": 7603721,
      "shard_reused": true
    },
    {
      "ordinal": 105,
      "source_coordinate": "h_spatial_v4_spinor9",
      "nonzero_terms": 113487,
      "raw_w_bianchi_residual_terms": 358229,
      "raw_w_candidate_residual_terms": 51823,
      "sha256": "9fa8948d58beeda7995a3b01ec51fc988b7f88465117638a401d91fae543739b",
      "shard_path": "results/adynkra_11d_gauge_fixed_invariant_supercurvature_operator_v4_col3_20260824.json.columns-v3/column_105.bin",
      "shard_sha256": "63a30bc4aad2f267d96071805e83d26ef20d303bfe318f65824a9329371911c5",
      "shard_byte_count": 7603721,
      "shard_reused": true
    },
    {
      "ordinal": 106,
      "source_coordinate": "h_spatial_v4_spinor10",
      "nonzero_terms": 113487,
      "raw_w_bianchi_residual_terms": 358221,
      "raw_w_candidate_residual_terms": 51823,
      "sha256": "1b5509653bb1e46926c591fc2356e26cd2ff08a49b69399759fcc696ac4cd959",
      "shard_path": "results/adynkra_11d_gauge_fixed_invariant_supercurvature_operator_v4_col3_20260824.json.columns-v3/column_106.bin",
      "shard_sha256": "b4954608c38c1ce3ad6e6cfae38c030d60f3eed9bb28f41d7adfbce828318cb3",
      "shard_byte_count": 7603722,
      "shard_reused": true
    },
    {
      "ordinal": 107,
      "source_coordinate": "h_spatial_v4_spinor11",
      "nonzero_terms": 113487,
      "raw_w_bianchi_residual_terms": 358221,
      "raw_w_candidate_residual_terms": 51823,
      "sha256": "341d5b970e09d19c132ca5f524bc5ed45609cf5a94fd773f434527ae3a7b8e0f",
      "shard_path": "results/adynkra_11d_gauge_fixed_invariant_supercurvature_operator_v4_col3_20260824.json.columns-v3/column_107.bin",
      "shard_sha256": "2090f19cfe6e73bc69dff939a47fc4034abe53bdbdc0c89d0e5f3a0ee3300ce6",
      "shard_byte_count": 7603722,
      "shard_reused": true
    },
    {
      "ordinal": 108,
      "source_coordinate": "h_spatial_v4_spinor12",
      "nonzero_terms": 113487,
      "raw_w_bianchi_residual_terms": 358224,
      "raw_w_candidate_residual_terms": 51823,
      "sha256": "74792b46667fde6b395429200c90b8d1bf63e3d9ee2121797caf8caf1ff68358",
      "shard_path": "results/adynkra_11d_gauge_fixed_invariant_supercurvature_operator_v4_col3_20260824.json.columns-v3/column_108.bin",
      "shard_sha256": "4fa351cf49f205d23a49e08523f0927ead5e414ff08adecd4065c14b5a7b4757",
      "shard_byte_count": 7603722,
      "shard_reused": true
    },
    {
      "ordinal": 109,
      "source_coordinate": "h_spatial_v4_spinor13",
      "nonzero_terms": 113487,
      "raw_w_bianchi_residual_terms": 358228,
      "raw_w_candidate_residual_terms": 51823,
      "sha256": "9b9c944a279f870184b5456a1bb4689b50df5f73c92c987bdadfdf9fc60e057b",
      "shard_path": "results/adynkra_11d_gauge_fixed_invariant_supercurvature_operator_v4_col3_20260824.json.columns-v3/column_109.bin",
      "shard_sha256": "6d4bf48cba3881865eb49e6ccc3ca9253a0bd01ac10b8238d75b238fb3a167e2",
      "shard_byte_count": 7603722,
      "shard_reused": true
    },
    {
      "ordinal": 110,
      "source_coordinate": "h_spatial_v4_spinor14",
      "nonzero_terms": 113487,
      "raw_w_bianchi_residual_terms": 358216,
      "raw_w_candidate_residual_terms": 51823,
      "sha256": "692d88ebff8c892e5bf6bd458642ee46589d1cba2778ae1f8bb21af852211b14",
      "shard_path": "results/adynkra_11d_gauge_fixed_invariant_supercurvature_operator_v4_col3_20260824.json.columns-v3/column_110.bin",
      "shard_sha256": "ae2881798dfe35b4f40cc6f292983d12ab325bfbb59c80051d8e7b2a13d4836b",
      "shard_byte_count": 7603722,
      "shard_reused": true
    },
    {
      "ordinal": 111,
      "source_coordinate": "h_spatial_v4_spinor15",
      "nonzero_terms": 113487,
      "raw_w_bianchi_residual_terms": 358216,
      "raw_w_candidate_residual_terms": 51823,
      "sha256": "b4546684c012a04b41ce1d653342c46ce0e6c392c3893bed9158b65e339ee526",
      "shard_path": "results/adynkra_11d_gauge_fixed_invariant_supercurvature_operator_v4_col3_20260824.json.columns-v3/column_111.bin",
      "shard_sha256": "de9b2cdf24a97db7aecbacd556d4acc30da25824eaa6dccf464a88cac749e38c",
      "shard_byte_count": 7603722,
      "shard_reused": true
    },
    {
      "ordinal": 112,
      "source_coordinate": "h_spatial_v4_spinor16",
      "nonzero_terms": 113487,
      "raw_w_bianchi_residual_terms": 358229,
      "raw_w_candidate_residual_terms": 51823,
      "sha256": "11ba65e44baffe11fe64c9f144c9e4d446d5c954cea412c8732d66f9d7ed87ab",
      "shard_path": "results/adynkra_11d_gauge_fixed_invariant_supercurvature_operator_v4_col3_20260824.json.columns-v3/column_112.bin",
      "shard_sha256": "2230fbe3c9113c8f96ef57b2e62d6a9d46db53a8ec4c29d01ffd35b10c9493dc",
      "shard_byte_count": 7603722,
      "shard_reused": true
    },
    {
      "ordinal": 113,
      "source_coordinate": "h_spatial_v4_spinor17",
      "nonzero_terms": 113487,
      "raw_w_bianchi_residual_terms": 358225,
      "raw_w_candidate_residual_terms": 51823,
      "sha256": "1a6e9e63cf34610f09ac497a5f7722ac7ffe434d648188e9e31470c4b16dcd11",
      "shard_path": "results/adynkra_11d_gauge_fixed_invariant_supercurvature_operator_v4_col3_20260824.json.columns-v3/column_113.bin",
      "shard_sha256": "e7b0ef1620b127bf1e1bd9bdef2341b6d1708854b3bc2963d47e9f66968d7c64",
      "shard_byte_count": 7603722,
      "shard_reused": true
    },
    {
      "ordinal": 114,
      "source_coordinate": "h_spatial_v4_spinor18",
      "nonzero_terms": 113487,
      "raw_w_bianchi_residual_terms": 358221,
      "raw_w_candidate_residual_terms": 51823,
      "sha256": "b8c98e44f82009fd81534d2c104dbec77a8d30e001fe3d62f7dc33c2bbce1536",
      "shard_path": "results/adynkra_11d_gauge_fixed_invariant_supercurvature_operator_v4_col3_20260824.json.columns-v3/column_114.bin",
      "shard_sha256": "c4bdaa53305cabc9ff9c66626fde472440a6bbbb02c0c72691d8bf28431d90bf",
      "shard_byte_count": 7603722,
      "shard_reused": true
    },
    {
      "ordinal": 115,
      "source_coordinate": "h_spatial_v4_spinor19",
      "nonzero_terms": 113487,
      "raw_w_bianchi_residual_terms": 358221,
      "raw_w_candidate_residual_terms": 51823,
      "sha256": "87137f187978ca15d80ec92d31696a2fa09a0c5ba65647dc380a55e3680b585d",
      "shard_path": "results/adynkra_11d_gauge_fixed_invariant_supercurvature_operator_v4_col3_20260824.json.columns-v3/column_115.bin",
      "shard_sha256": "99b2f341aa43fc35ba9cea7dc52da6acf52011df766dc58185e210374a117a6e",
      "shard_byte_count": 7603722,
      "shard_reused": true
    },
    {
      "ordinal": 116,
      "source_coordinate": "h_spatial_v4_spinor20",
      "nonzero_terms": 113487,
      "raw_w_bianchi_residual_terms": 358228,
      "raw_w_candidate_residual_terms": 51823,
      "sha256": "d128b2f832e5e9312d3a093e922b82f34356372c7348da75fdf60b524959651d",
      "shard_path": "results/adynkra_11d_gauge_fixed_invariant_supercurvature_operator_v4_col3_20260824.json.columns-v3/column_116.bin",
      "shard_sha256": "e35b23797a94dd51ee149ec8ef68d0c3b745c8282b15c2ee1b4ef56401ba0aea",
      "shard_byte_count": 7603722,
      "shard_reused": true
    },
    {
      "ordinal": 117,
      "source_coordinate": "h_spatial_v4_spinor21",
      "nonzero_terms": 113487,
      "raw_w_bianchi_residual_terms": 358224,
      "raw_w_candidate_residual_terms": 51823,
      "sha256": "8faf2e0c37136ba13a86210f6b13d049075726f2ddc88af2f3543cf6c71f5de9",
      "shard_path": "results/adynkra_11d_gauge_fixed_invariant_supercurvature_operator_v4_col3_20260824.json.columns-v3/column_117.bin",
      "shard_sha256": "d2916b1ae68e5a433e77644beb58b5cfcc66bcd445268f8fb0611f18343ed9e2",
      "shard_byte_count": 7603722,
      "shard_reused": true
    },
    {
      "ordinal": 118,
      "source_coordinate": "h_spatial_v4_spinor22",
      "nonzero_terms": 113487,
      "raw_w_bianchi_residual_terms": 358216,
      "raw_w_candidate_residual_terms": 51823,
      "sha256": "e0eea00ea89204090017de713e882e66f75cfc29e173266a5eeb08c105a9f741",
      "shard_path": "results/adynkra_11d_gauge_fixed_invariant_supercurvature_operator_v4_col3_20260824.json.columns-v3/column_118.bin",
      "shard_sha256": "4ac800137a0e72fdd63c7f820f1a09d98fe73cef8700fc5aee547d0d71f0d346",
      "shard_byte_count": 7603722,
      "shard_reused": true
    },
    {
      "ordinal": 119,
      "source_coordinate": "h_spatial_v4_spinor23",
      "nonzero_terms": 113487,
      "raw_w_bianchi_residual_terms": 358216,
      "raw_w_candidate_residual_terms": 51823,
      "sha256": "38f7104daa7881a6fc44a4a7d61ae5aeffb7feb20340ae82b6459aee59377e05",
      "shard_path": "results/adynkra_11d_gauge_fixed_invariant_supercurvature_operator_v4_col3_20260824.json.columns-v3/column_119.bin",
      "shard_sha256": "26a3b55085cd1f1777bffec3b353914b0d12492f5de58f530db594d5b7304922",
      "shard_byte_count": 7603722,
      "shard_reused": true
    },
    {
      "ordinal": 120,
      "source_coordinate": "h_spatial_v4_spinor24",
      "nonzero_terms": 113487,
      "raw_w_bianchi_residual_terms": 358229,
      "raw_w_candidate_residual_terms": 51823,
      "sha256": "0d17c69d096a9ca2b184185658be6a8fe4932f6452349b3ca4011ac207cc0164",
      "shard_path": "results/adynkra_11d_gauge_fixed_invariant_supercurvature_operator_v4_col3_20260824.json.columns-v3/column_120.bin",
      "shard_sha256": "671c70ce5cbef1b9566409673ac7b9361d2932853bf1eb07cb06bafca11b4f7b",
      "shard_byte_count": 7603722,
      "shard_reused": true
    },
    {
      "ordinal": 121,
      "source_coordinate": "h_spatial_v4_spinor25",
      "nonzero_terms": 113487,
      "raw_w_bianchi_residual_terms": 358225,
      "raw_w_candidate_residual_terms": 51823,
      "sha256": "1458fc9fbeaf9fffd51cdddd7494a6d01ebb8cb47be2bbe79cd892dcb486383c",
      "shard_path": "results/adynkra_11d_gauge_fixed_invariant_supercurvature_operator_v4_col3_20260824.json.columns-v3/column_121.bin",
      "shard_sha256": "e8d8b79327cabda3702996c3dc23177ce2a233c7052705898e01e71810daa60f",
      "shard_byte_count": 7603722,
      "shard_reused": true
    },
    {
      "ordinal": 122,
      "source_coordinate": "h_spatial_v4_spinor26",
      "nonzero_terms": 113487,
      "raw_w_bianchi_residual_terms": 358221,
      "raw_w_candidate_residual_terms": 51823,
      "sha256": "69e0be6648ab0643996691a6b80f4b8c60945203737fb55b2f92c1e68a557915",
      "shard_path": "results/adynkra_11d_gauge_fixed_invariant_supercurvature_operator_v4_col3_20260824.json.columns-v3/column_122.bin",
      "shard_sha256": "1ce8cc0d773eaace11e9aabbc7607869d101f6559bd5b784596e92f72ad953fe",
      "shard_byte_count": 7603722,
      "shard_reused": true
    },
    {
      "ordinal": 123,
      "source_coordinate": "h_spatial_v4_spinor27",
      "nonzero_terms": 113487,
      "raw_w_bianchi_residual_terms": 358221,
      "raw_w_candidate_residual_terms": 51823,
      "sha256": "7ef3c7bb0a5e209784753b3c6ec37e387a86fee83344fc32e1b7ccc7ee873649",
      "shard_path": "results/adynkra_11d_gauge_fixed_invariant_supercurvature_operator_v4_col3_20260824.json.columns-v3/column_123.bin",
      "shard_sha256": "b64b540f85f39e879375466257a1324f0ce9ac2972ce869c161dbbe2e443b1be",
      "shard_byte_count": 7603722,
      "shard_reused": true
    },
    {
      "ordinal": 124,
      "source_coordinate": "h_spatial_v4_spinor28",
      "nonzero_terms": 113487,
      "raw_w_bianchi_residual_terms": 358228,
      "raw_w_candidate_residual_terms": 51823,
      "sha256": "f22a857d37017194fbc016b5487c0f0b3f0c638ba495d4c7ba9a0fd706cd7f49",
      "shard_path": "results/adynkra_11d_gauge_fixed_invariant_supercurvature_operator_v4_col3_20260824.json.columns-v3/column_124.bin",
      "shard_sha256": "1e6ac3c1e67152151c51e7a36bc91f0310ccf4fbb747156d435a0a01c9a32738",
      "shard_byte_count": 7603722,
      "shard_reused": true
    },
    {
      "ordinal": 125,
      "source_coordinate": "h_spatial_v4_spinor29",
      "nonzero_terms": 113487,
      "raw_w_bianchi_residual_terms": 358224,
      "raw_w_candidate_residual_terms": 51823,
      "sha256": "03d4cc0d6ecfec050c60f736ebe9bcd456ad9dd954b7c265d67595caf83ea04d",
      "shard_path": "results/adynkra_11d_gauge_fixed_invariant_supercurvature_operator_v4_col3_20260824.json.columns-v3/column_125.bin",
      "shard_sha256": "23d3e418718152377fb823b2889439f84b612c650b0506d9c40c3bfd69c0905a",
      "shard_byte_count": 7603722,
      "shard_reused": true
    },
    {
      "ordinal": 126,
      "source_coordinate": "h_spatial_v4_spinor30",
      "nonzero_terms": 113487,
      "raw_w_bianchi_residual_terms": 358216,
      "raw_w_candidate_residual_terms": 51823,
      "sha256": "1781d3fea4ba32cf2a311394d8c8074c6269358f3c9f1d47cb8d148f28fb9dcf",
      "shard_path": "results/adynkra_11d_gauge_fixed_invariant_supercurvature_operator_v4_col3_20260824.json.columns-v3/column_126.bin",
      "shard_sha256": "bdfe4b86c4094d12ec3db9bf9042c8279ecf9559526e532254439eaec6432b48",
      "shard_byte_count": 7603722,
      "shard_reused": true
    },
    {
      "ordinal": 127,
      "source_coordinate": "h_spatial_v4_spinor31",
      "nonzero_terms": 113487,
      "raw_w_bianchi_residual_terms": 358216,
      "raw_w_candidate_residual_terms": 51823,
      "sha256": "8915e16ad0548bcf76916f7881aa3f16defbfbb33faf1485ce184351efb7b180",
      "shard_path": "results/adynkra_11d_gauge_fixed_invariant_supercurvature_operator_v4_col3_20260824.json.columns-v3/column_127.bin",
      "shard_sha256": "9cf15e1be837b8ccfe452433a8f97d9f5abfc9ac53cc658dcf531a8e41ee7396",
      "shard_byte_count": 7603722,
      "shard_reused": true
    },
    {
      "ordinal": 128,
      "source_coordinate": "h_spatial_v5_spinor0",
      "nonzero_terms": 113487,
      "raw_w_bianchi_residual_terms": 358213,
      "raw_w_candidate_residual_terms": 51820,
      "sha256": "0341c0eeecfc1ceea62dda89376cee5583333c0280464b3596537610c06cf223",
      "shard_path": "results/adynkra_11d_gauge_fixed_invariant_supercurvature_operator_v4_col3_20260824.json.columns-v3/column_128.bin",
      "shard_sha256": "2bf0c7f4952c7ee07b76765990774ec50f5d1f37c722c72a11f5c93b1d9fffb8",
      "shard_byte_count": 7603721,
      "shard_reused": true
    },
    {
      "ordinal": 129,
      "source_coordinate": "h_spatial_v5_spinor1",
      "nonzero_terms": 113487,
      "raw_w_bianchi_residual_terms": 358204,
      "raw_w_candidate_residual_terms": 51820,
      "sha256": "523c8dbb99bb46a1a3fcf92fa41bdedfb5ad221ab5765e4f51ddf7f387e2b3df",
      "shard_path": "results/adynkra_11d_gauge_fixed_invariant_supercurvature_operator_v4_col3_20260824.json.columns-v3/column_129.bin",
      "shard_sha256": "d97a3595dd755958a0eed453e2cfef5a41c3241323d7cc8c10039e81ad47717a",
      "shard_byte_count": 7603721,
      "shard_reused": true
    },
    {
      "ordinal": 130,
      "source_coordinate": "h_spatial_v5_spinor2",
      "nonzero_terms": 113487,
      "raw_w_bianchi_residual_terms": 358206,
      "raw_w_candidate_residual_terms": 51820,
      "sha256": "fd68471fb24af2943447aa3e133cb4d8e01c5ca15949362289fdf9d97e7e1d16",
      "shard_path": "results/adynkra_11d_gauge_fixed_invariant_supercurvature_operator_v4_col3_20260824.json.columns-v3/column_130.bin",
      "shard_sha256": "501678ec24de9f8f2f013adc9fa1eaabc2b1adca3ba55f81d4beb397524bf06b",
      "shard_byte_count": 7603721,
      "shard_reused": true
    },
    {
      "ordinal": 131,
      "source_coordinate": "h_spatial_v5_spinor3",
      "nonzero_terms": 113487,
      "raw_w_bianchi_residual_terms": 358201,
      "raw_w_candidate_residual_terms": 51820,
      "sha256": "11ed9f4870fd1454e7643f2122231d0704e9d34840279fdb035c8efe388c9109",
      "shard_path": "results/adynkra_11d_gauge_fixed_invariant_supercurvature_operator_v4_col3_20260824.json.columns-v3/column_131.bin",
      "shard_sha256": "cf41cc725213298437e5e5d08ac2452a21892312cbbdea645ce9378de509dbb8",
      "shard_byte_count": 7603721,
      "shard_reused": true
    },
    {
      "ordinal": 132,
      "source_coordinate": "h_spatial_v5_spinor4",
      "nonzero_terms": 113487,
      "raw_w_bianchi_residual_terms": 358211,
      "raw_w_candidate_residual_terms": 51820,
      "sha256": "de6f4ba9213dee4676922d5cb5c4a3c6323844b08c69d30883f874b70941c30f",
      "shard_path": "results/adynkra_11d_gauge_fixed_invariant_supercurvature_operator_v4_col3_20260824.json.columns-v3/column_132.bin",
      "shard_sha256": "b17df57feb93679a523d4a666679995b4cb653b18c998947bed17d489abb7ffe",
      "shard_byte_count": 7603721,
      "shard_reused": true
    },
    {
      "ordinal": 133,
      "source_coordinate": "h_spatial_v5_spinor5",
      "nonzero_terms": 113487,
      "raw_w_bianchi_residual_terms": 358206,
      "raw_w_candidate_residual_terms": 51820,
      "sha256": "5c03979593b4e67eb6be6c99ce07d9b4b6b8d0a061281865204069917292d37c",
      "shard_path": "results/adynkra_11d_gauge_fixed_invariant_supercurvature_operator_v4_col3_20260824.json.columns-v3/column_133.bin",
      "shard_sha256": "8eeccb391f4b1934af5e5ec0b032e7a9560c8c58c11e159c2d9d009d5b98e262",
      "shard_byte_count": 7603721,
      "shard_reused": true
    },
    {
      "ordinal": 134,
      "source_coordinate": "h_spatial_v5_spinor6",
      "nonzero_terms": 113487,
      "raw_w_bianchi_residual_terms": 358190,
      "raw_w_candidate_residual_terms": 51820,
      "sha256": "e795f0dd4b7f9342ce8fa06d008e1b61a4badb05072fbc14f32725b83390dcfd",
      "shard_path": "results/adynkra_11d_gauge_fixed_invariant_supercurvature_operator_v4_col3_20260824.json.columns-v3/column_134.bin",
      "shard_sha256": "9c7253bf6919d43707fcf48640ee37a1efbd084d9477873b98a86891f646f5de",
      "shard_byte_count": 7603721,
      "shard_reused": true
    },
    {
      "ordinal": 135,
      "source_coordinate": "h_spatial_v5_spinor7",
      "nonzero_terms": 113487,
      "raw_w_bianchi_residual_terms": 358209,
      "raw_w_candidate_residual_terms": 51820,
      "sha256": "4e7279ce6d2f822440aaed4f77267348c33eb879ccf1d1469b7472867a10086a",
      "shard_path": "results/adynkra_11d_gauge_fixed_invariant_supercurvature_operator_v4_col3_20260824.json.columns-v3/column_135.bin",
      "shard_sha256": "e5c6c362f19504186b0e9dfd89cd92a87bb8cc2c6f1904da684d4671c7c92b50",
      "shard_byte_count": 7603721,
      "shard_reused": true
    },
    {
      "ordinal": 136,
      "source_coordinate": "h_spatial_v5_spinor8",
      "nonzero_terms": 113487,
      "raw_w_bianchi_residual_terms": 358204,
      "raw_w_candidate_residual_terms": 51820,
      "sha256": "6580ec85a783f5b4d4e9786c7ad8f059d33ee00986ef3d8e659430f284a50c6b",
      "shard_path": "results/adynkra_11d_gauge_fixed_invariant_supercurvature_operator_v4_col3_20260824.json.columns-v3/column_136.bin",
      "shard_sha256": "84c455b0e101593032346675408c2c7752f96768daa7b460c7398b5b5ed8c0f0",
      "shard_byte_count": 7603721,
      "shard_reused": true
    },
    {
      "ordinal": 137,
      "source_coordinate": "h_spatial_v5_spinor9",
      "nonzero_terms": 113487,
      "raw_w_bianchi_residual_terms": 358213,
      "raw_w_candidate_residual_terms": 51820,
      "sha256": "b2daee286f04cd13d247e6564b7a2522ef6dcdbe3780794e6cc0db09ea6db9cd",
      "shard_path": "results/adynkra_11d_gauge_fixed_invariant_supercurvature_operator_v4_col3_20260824.json.columns-v3/column_137.bin",
      "shard_sha256": "d051f5eca3d23a920d0fab0c8ba68e2fa54f4b73c6128f1631e670c55383b726",
      "shard_byte_count": 7603721,
      "shard_reused": true
    },
    {
      "ordinal": 138,
      "source_coordinate": "h_spatial_v5_spinor10",
      "nonzero_terms": 113487,
      "raw_w_bianchi_residual_terms": 358201,
      "raw_w_candidate_residual_terms": 51820,
      "sha256": "d06dfff3ee0ccd4f80c9942a7aa90042e4908506a598cc002b016963a290cd5c",
      "shard_path": "results/adynkra_11d_gauge_fixed_invariant_supercurvature_operator_v4_col3_20260824.json.columns-v3/column_138.bin",
      "shard_sha256": "a75005dcf5a71dd4fe0e959a74ea34a3db46e1efd3919847d7e1ee71076998d7",
      "shard_byte_count": 7603722,
      "shard_reused": true
    },
    {
      "ordinal": 139,
      "source_coordinate": "h_spatial_v5_spinor11",
      "nonzero_terms": 113487,
      "raw_w_bianchi_residual_terms": 358206,
      "raw_w_candidate_residual_terms": 51820,
      "sha256": "1e4894b6bb81daaa28e6afb9e3284179f59efc6576cab235d1beefd5e78960c3",
      "shard_path": "results/adynkra_11d_gauge_fixed_invariant_supercurvature_operator_v4_col3_20260824.json.columns-v3/column_139.bin",
      "shard_sha256": "90652dd4c0aa890b0fb03fac2493783f24bbb625f688738dd85dcadfbd44deff",
      "shard_byte_count": 7603722,
      "shard_reused": true
    },
    {
      "ordinal": 140,
      "source_coordinate": "h_spatial_v5_spinor12",
      "nonzero_terms": 113487,
      "raw_w_bianchi_residual_terms": 358206,
      "raw_w_candidate_residual_terms": 51820,
      "sha256": "fee41d72b6c77bd1b2c9fb2b7ce986ee97bdfd2a7d15f1d910922703e8498f8b",
      "shard_path": "results/adynkra_11d_gauge_fixed_invariant_supercurvature_operator_v4_col3_20260824.json.columns-v3/column_140.bin",
      "shard_sha256": "9bbf3184eebf511668d5b0145251ca9eb896ba12e4cf1a646dfa1745def04650",
      "shard_byte_count": 7603722,
      "shard_reused": true
    },
    {
      "ordinal": 141,
      "source_coordinate": "h_spatial_v5_spinor13",
      "nonzero_terms": 113487,
      "raw_w_bianchi_residual_terms": 358211,
      "raw_w_candidate_residual_terms": 51820,
      "sha256": "cb75a7fdf04c58a9ccc81b2fa93617c33f22ce29a58b0b5c628daed5706b5418",
      "shard_path": "results/adynkra_11d_gauge_fixed_invariant_supercurvature_operator_v4_col3_20260824.json.columns-v3/column_141.bin",
      "shard_sha256": "c0767444f3d1fd35529c369b8a38bde701dd6fb025e723632b1be69b57d01288",
      "shard_byte_count": 7603722,
      "shard_reused": true
    },
    {
      "ordinal": 142,
      "source_coordinate": "h_spatial_v5_spinor14",
      "nonzero_terms": 113487,
      "raw_w_bianchi_residual_terms": 358209,
      "raw_w_candidate_residual_terms": 51820,
      "sha256": "e27927e86151c834d6f70765bdc11b08184ca50a7a9756b5df9b9d7545259a0c",
      "shard_path": "results/adynkra_11d_gauge_fixed_invariant_supercurvature_operator_v4_col3_20260824.json.columns-v3/column_142.bin",
      "shard_sha256": "5b577400ef4094b371adf915ca3dadc79f275360129f159417f1450350748b67",
      "shard_byte_count": 7603722,
      "shard_reused": true
    },
    {
      "ordinal": 143,
      "source_coordinate": "h_spatial_v5_spinor15",
      "nonzero_terms": 113487,
      "raw_w_bianchi_residual_terms": 358190,
      "raw_w_candidate_residual_terms": 51820,
      "sha256": "e0db4bef370d9c73065a043dc353a762cc34d95e316bf628492dfa2480dd46d9",
      "shard_path": "results/adynkra_11d_gauge_fixed_invariant_supercurvature_operator_v4_col3_20260824.json.columns-v3/column_143.bin",
      "shard_sha256": "72299f771ceef5d1741a841492401d56a277661f3e9c2fdd5132e8bb03bd1be7",
      "shard_byte_count": 7603722,
      "shard_reused": true
    },
    {
      "ordinal": 144,
      "source_coordinate": "h_spatial_v5_spinor16",
      "nonzero_terms": 113487,
      "raw_w_bianchi_residual_terms": 358204,
      "raw_w_candidate_residual_terms": 51820,
      "sha256": "8ded50a01b4f9564fccdd987b20f6c24ccba86a1758d695395d3daa5633cbd65",
      "shard_path": "results/adynkra_11d_gauge_fixed_invariant_supercurvature_operator_v4_col3_20260824.json.columns-v3/column_144.bin",
      "shard_sha256": "0285ee8c3199cb4174eb274687be04c2bd19fc161e657311896099f1973fbdba",
      "shard_byte_count": 7603722,
      "shard_reused": true
    },
    {
      "ordinal": 145,
      "source_coordinate": "h_spatial_v5_spinor17",
      "nonzero_terms": 113487,
      "raw_w_bianchi_residual_terms": 358213,
      "raw_w_candidate_residual_terms": 51820,
      "sha256": "97a71028a90227f168f713934da4af679d4d96d8a80d45f9fc4de9c90932c712",
      "shard_path": "results/adynkra_11d_gauge_fixed_invariant_supercurvature_operator_v4_col3_20260824.json.columns-v3/column_145.bin",
      "shard_sha256": "8b0d257d176e5fe16eb646de2d078a09dbd84eb6ca0b9a4b8d1e4e25905a4482",
      "shard_byte_count": 7603722,
      "shard_reused": true
    },
    {
      "ordinal": 146,
      "source_coordinate": "h_spatial_v5_spinor18",
      "nonzero_terms": 113487,
      "raw_w_bianchi_residual_terms": 358201,
      "raw_w_candidate_residual_terms": 51820,
      "sha256": "4fb9e9bd6947ca3018468bc906bc342dba7475aeb6bdc1f012bb755b0c4fea40",
      "shard_path": "results/adynkra_11d_gauge_fixed_invariant_supercurvature_operator_v4_col3_20260824.json.columns-v3/column_146.bin",
      "shard_sha256": "a09b63875eb68565e382639bcea71207e1cfff398afe5fab1e52fad17ceb6195",
      "shard_byte_count": 7603722,
      "shard_reused": true
    },
    {
      "ordinal": 147,
      "source_coordinate": "h_spatial_v5_spinor19",
      "nonzero_terms": 113487,
      "raw_w_bianchi_residual_terms": 358206,
      "raw_w_candidate_residual_terms": 51820,
      "sha256": "06684c546a6e5672f0ff62b0e845e749d984df1a81f4d0c09eda6d49f9a15349",
      "shard_path": "results/adynkra_11d_gauge_fixed_invariant_supercurvature_operator_v4_col3_20260824.json.columns-v3/column_147.bin",
      "shard_sha256": "e948af1141c248d3393abdeaea0973515e286c7744320cb24580cf3674417167",
      "shard_byte_count": 7603722,
      "shard_reused": true
    },
    {
      "ordinal": 148,
      "source_coordinate": "h_spatial_v5_spinor20",
      "nonzero_terms": 113487,
      "raw_w_bianchi_residual_terms": 358206,
      "raw_w_candidate_residual_terms": 51820,
      "sha256": "0c3a96fda5a4146ceb8b179d28d19075faea94fcc87e44c627fa5db7c9ff6f15",
      "shard_path": "results/adynkra_11d_gauge_fixed_invariant_supercurvature_operator_v4_col3_20260824.json.columns-v3/column_148.bin",
      "shard_sha256": "5037d9f5acfdfc6ef761fefa19f4dd8f31ecb28734668c5306d322fe822d2e4b",
      "shard_byte_count": 7603722,
      "shard_reused": true
    },
    {
      "ordinal": 149,
      "source_coordinate": "h_spatial_v5_spinor21",
      "nonzero_terms": 113487,
      "raw_w_bianchi_residual_terms": 358211,
      "raw_w_candidate_residual_terms": 51820,
      "sha256": "cfb1c8dd83b42ce1c8734101fd0cffcfc08ea821fcabb4b6202a5f62dc424ff3",
      "shard_path": "results/adynkra_11d_gauge_fixed_invariant_supercurvature_operator_v4_col3_20260824.json.columns-v3/column_149.bin",
      "shard_sha256": "50a3d4052c2ab1b36a68c6dbab802c0579b336a855256d12b139d22d9675f779",
      "shard_byte_count": 7603722,
      "shard_reused": true
    },
    {
      "ordinal": 150,
      "source_coordinate": "h_spatial_v5_spinor22",
      "nonzero_terms": 113487,
      "raw_w_bianchi_residual_terms": 358209,
      "raw_w_candidate_residual_terms": 51820,
      "sha256": "11673d429a8391fb89db8659cb0c4de5e1fafaa821f161a6fd596fe2f8481ac5",
      "shard_path": "results/adynkra_11d_gauge_fixed_invariant_supercurvature_operator_v4_col3_20260824.json.columns-v3/column_150.bin",
      "shard_sha256": "696479fb38df14444b445d30f2658cc853a5db32f72f0f3baf3101d06412af3c",
      "shard_byte_count": 7603722,
      "shard_reused": true
    },
    {
      "ordinal": 151,
      "source_coordinate": "h_spatial_v5_spinor23",
      "nonzero_terms": 113487,
      "raw_w_bianchi_residual_terms": 358190,
      "raw_w_candidate_residual_terms": 51820,
      "sha256": "cea83e132646e344afdcf851d250f7399d72b2e22e12fce3b577d2ca32b6a72e",
      "shard_path": "results/adynkra_11d_gauge_fixed_invariant_supercurvature_operator_v4_col3_20260824.json.columns-v3/column_151.bin",
      "shard_sha256": "6d6bbb6cfaa747d3644ecd4d222f1fb24da98fe50995f43c3c60844913c8ee72",
      "shard_byte_count": 7603722,
      "shard_reused": true
    },
    {
      "ordinal": 152,
      "source_coordinate": "h_spatial_v5_spinor24",
      "nonzero_terms": 113487,
      "raw_w_bianchi_residual_terms": 358213,
      "raw_w_candidate_residual_terms": 51820,
      "sha256": "1acb21093f4582cf50695618ec7bb9246d2ba9da10f371d9b348e87c6998864d",
      "shard_path": "results/adynkra_11d_gauge_fixed_invariant_supercurvature_operator_v4_col3_20260824.json.columns-v3/column_152.bin",
      "shard_sha256": "605b1526162d441a022cbf49d72120c55836b698422143bf3b90d587a40013b3",
      "shard_byte_count": 7603722,
      "shard_reused": true
    },
    {
      "ordinal": 153,
      "source_coordinate": "h_spatial_v5_spinor25",
      "nonzero_terms": 113487,
      "raw_w_bianchi_residual_terms": 358204,
      "raw_w_candidate_residual_terms": 51820,
      "sha256": "25d89abbef59dbf3f5c3104bb54a3ff1f64d798aceb1b7fd7380c989c4ea5789",
      "shard_path": "results/adynkra_11d_gauge_fixed_invariant_supercurvature_operator_v4_col3_20260824.json.columns-v3/column_153.bin",
      "shard_sha256": "d3887bef4f4375580531a2a71318d2b53b841e6423d95e112e4dde37cc58f084",
      "shard_byte_count": 7603722,
      "shard_reused": true
    },
    {
      "ordinal": 154,
      "source_coordinate": "h_spatial_v5_spinor26",
      "nonzero_terms": 113487,
      "raw_w_bianchi_residual_terms": 358206,
      "raw_w_candidate_residual_terms": 51820,
      "sha256": "e46f9892442c536a041c3c0fedf48052334b6bc121ae0a1a900bde5e71d56684",
      "shard_path": "results/adynkra_11d_gauge_fixed_invariant_supercurvature_operator_v4_col3_20260824.json.columns-v3/column_154.bin",
      "shard_sha256": "705d7768096b55941a89256e2f933928f52a9760b9c2c25318ada098723fdf19",
      "shard_byte_count": 7603722,
      "shard_reused": true
    },
    {
      "ordinal": 155,
      "source_coordinate": "h_spatial_v5_spinor27",
      "nonzero_terms": 113487,
      "raw_w_bianchi_residual_terms": 358201,
      "raw_w_candidate_residual_terms": 51820,
      "sha256": "98f0d974a5346f214f6f46c6aa9ac4d9d00b0f3a250db24c9b58ed092352c637",
      "shard_path": "results/adynkra_11d_gauge_fixed_invariant_supercurvature_operator_v4_col3_20260824.json.columns-v3/column_155.bin",
      "shard_sha256": "7d2de5f93e58c9cba1c25630e3c5124de18a9ca1245fbe6108ee55151790b8a6",
      "shard_byte_count": 7603722,
      "shard_reused": true
    },
    {
      "ordinal": 156,
      "source_coordinate": "h_spatial_v5_spinor28",
      "nonzero_terms": 113487,
      "raw_w_bianchi_residual_terms": 358211,
      "raw_w_candidate_residual_terms": 51820,
      "sha256": "a9b710cdf1e5d72f62b1daf299d41b5dbcb41c51e8c0f8cc474360eedda62443",
      "shard_path": "results/adynkra_11d_gauge_fixed_invariant_supercurvature_operator_v4_col3_20260824.json.columns-v3/column_156.bin",
      "shard_sha256": "6d9d6d3013b2698d6f71d8cb474d7d148eaed595b672c6cb263893af635277b9",
      "shard_byte_count": 7603722,
      "shard_reused": true
    },
    {
      "ordinal": 157,
      "source_coordinate": "h_spatial_v5_spinor29",
      "nonzero_terms": 113487,
      "raw_w_bianchi_residual_terms": 358206,
      "raw_w_candidate_residual_terms": 51820,
      "sha256": "9fe1bb1b6d005f17c8ed9c13098854fbc434ea6b025e7fd07bf57234d18f0ecb",
      "shard_path": "results/adynkra_11d_gauge_fixed_invariant_supercurvature_operator_v4_col3_20260824.json.columns-v3/column_157.bin",
      "shard_sha256": "6011d7ba6619853e1f12ec9a3cb31749c26917a7256153c4942b29bef319e641",
      "shard_byte_count": 7603722,
      "shard_reused": true
    },
    {
      "ordinal": 158,
      "source_coordinate": "h_spatial_v5_spinor30",
      "nonzero_terms": 113487,
      "raw_w_bianchi_residual_terms": 358190,
      "raw_w_candidate_residual_terms": 51820,
      "sha256": "56da93b6660ca4010bb68c8116e0aeb7f5f72756c5d03a6f9537fa32d2ee6c17",
      "shard_path": "results/adynkra_11d_gauge_fixed_invariant_supercurvature_operator_v4_col3_20260824.json.columns-v3/column_158.bin",
      "shard_sha256": "aea273b237c4147ba64c7d1566ec7e85fbf33d7ec5b6d8f4d5ad747798e12763",
      "shard_byte_count": 7603722,
      "shard_reused": true
    },
    {
      "ordinal": 159,
      "source_coordinate": "h_spatial_v5_spinor31",
      "nonzero_terms": 113487,
      "raw_w_bianchi_residual_terms": 358209,
      "raw_w_candidate_residual_terms": 51820,
      "sha256": "c236ee523490015fc40460ebb54c1fcc2d46df39fe0749295cb816dc7cc75825",
      "shard_path": "results/adynkra_11d_gauge_fixed_invariant_supercurvature_operator_v4_col3_20260824.json.columns-v3/column_159.bin",
      "shard_sha256": "da659e0d08a73ac86aae819b7f1c07e6bbd513d7a303dc3423ab7320639cc604",
      "shard_byte_count": 7603722,
      "shard_reused": true
    },
    {
      "ordinal": 160,
      "source_coordinate": "h_spatial_v6_spinor0",
      "nonzero_terms": 113487,
      "raw_w_bianchi_residual_terms": 358229,
      "raw_w_candidate_residual_terms": 51811,
      "sha256": "719e7f7cdbf3263970dd0e8147bb57039b07733fa7e106dd01f3777c161425b4",
      "shard_path": "results/adynkra_11d_gauge_fixed_invariant_supercurvature_operator_v4_col3_20260824.json.columns-v3/column_160.bin",
      "shard_sha256": "eeed9655d99d5833858ee89debfca109456d8f7887b0bc09b2fed229385d8a8e",
      "shard_byte_count": 7603721,
      "shard_reused": true
    },
    {
      "ordinal": 161,
      "source_coordinate": "h_spatial_v6_spinor1",
      "nonzero_terms": 113487,
      "raw_w_bianchi_residual_terms": 358224,
      "raw_w_candidate_residual_terms": 51811,
      "sha256": "69f2c0116662af9bef45608123a4c2aec52f94ff2a49a6c46d886b5ffdc44e76",
      "shard_path": "results/adynkra_11d_gauge_fixed_invariant_supercurvature_operator_v4_col3_20260824.json.columns-v3/column_161.bin",
      "shard_sha256": "3d063f1ac76eda85ef4aea39644084357130e5a22061781f95996afae9e322b8",
      "shard_byte_count": 7603721,
      "shard_reused": true
    },
    {
      "ordinal": 162,
      "source_coordinate": "h_spatial_v6_spinor2",
      "nonzero_terms": 113487,
      "raw_w_bianchi_residual_terms": 358213,
      "raw_w_candidate_residual_terms": 51811,
      "sha256": "19a77ecb8f966453ee8f28a69b0ef49e1fcad21a8d97b004020132e29c573ea6",
      "shard_path": "results/adynkra_11d_gauge_fixed_invariant_supercurvature_operator_v4_col3_20260824.json.columns-v3/column_162.bin",
      "shard_sha256": "c0e34827c3fca1c74ac338a6de56e6b1c7303074ce320cb8e0a08e90402239ba",
      "shard_byte_count": 7603721,
      "shard_reused": true
    },
    {
      "ordinal": 163,
      "source_coordinate": "h_spatial_v6_spinor3",
      "nonzero_terms": 113487,
      "raw_w_bianchi_residual_terms": 358220,
      "raw_w_candidate_residual_terms": 51811,
      "sha256": "d1d20bc335194a1df6aecdd3c10e37cbbb6d1dc38e511854175ff7e6f184a8b6",
      "shard_path": "results/adynkra_11d_gauge_fixed_invariant_supercurvature_operator_v4_col3_20260824.json.columns-v3/column_163.bin",
      "shard_sha256": "7035cda9e503dc68f444113324b962674c4d60c9793119bf4de20024505c4da9",
      "shard_byte_count": 7603721,
      "shard_reused": true
    },
    {
      "ordinal": 164,
      "source_coordinate": "h_spatial_v6_spinor4",
      "nonzero_terms": 113487,
      "raw_w_bianchi_residual_terms": 358229,
      "raw_w_candidate_residual_terms": 51811,
      "sha256": "4632a0bf2db4b1254663d860e348c71c6ea4b2f42865ee4c0049a0646932667b",
      "shard_path": "results/adynkra_11d_gauge_fixed_invariant_supercurvature_operator_v4_col3_20260824.json.columns-v3/column_164.bin",
      "shard_sha256": "cf2eb40b194a2b6b9ab71a3ab3f3185435d355adb2e3ddfecea36716ac7221fe",
      "shard_byte_count": 7603721,
      "shard_reused": true
    },
    {
      "ordinal": 165,
      "source_coordinate": "h_spatial_v6_spinor5",
      "nonzero_terms": 113487,
      "raw_w_bianchi_residual_terms": 358224,
      "raw_w_candidate_residual_terms": 51811,
      "sha256": "886d31eb3e8086d53cc30eb7fe84fef1bf021efbdbd8870b4f74164424f225fe",
      "shard_path": "results/adynkra_11d_gauge_fixed_invariant_supercurvature_operator_v4_col3_20260824.json.columns-v3/column_165.bin",
      "shard_sha256": "61ff133d4754247b07bb0e9a7a095f321c546880fc1ae25c1c832932ed5707ad",
      "shard_byte_count": 7603721,
      "shard_reused": true
    },
    {
      "ordinal": 166,
      "source_coordinate": "h_spatial_v6_spinor6",
      "nonzero_terms": 113487,
      "raw_w_bianchi_residual_terms": 358213,
      "raw_w_candidate_residual_terms": 51811,
      "sha256": "58efbe2eace197d7974390ba24538d62fc3d6a1f85cd2a0e769b32df48011383",
      "shard_path": "results/adynkra_11d_gauge_fixed_invariant_supercurvature_operator_v4_col3_20260824.json.columns-v3/column_166.bin",
      "shard_sha256": "07ddc02c1bac111d235d41e3dc2c9403b64c0eb3759cddfc1ecc98743f1dc3a6",
      "shard_byte_count": 7603721,
      "shard_reused": true
    },
    {
      "ordinal": 167,
      "source_coordinate": "h_spatial_v6_spinor7",
      "nonzero_terms": 113487,
      "raw_w_bianchi_residual_terms": 358220,
      "raw_w_candidate_residual_terms": 51811,
      "sha256": "cdbd8861fd5f4f7ed2106878576ce5e64666493ca1b700068f43c9ef0c57eb87",
      "shard_path": "results/adynkra_11d_gauge_fixed_invariant_supercurvature_operator_v4_col3_20260824.json.columns-v3/column_167.bin",
      "shard_sha256": "b2dfdd1ca4bf94e2905b5de0d6c0a69005252de689621c064832b4d6b9f2a9f8",
      "shard_byte_count": 7603721,
      "shard_reused": true
    },
    {
      "ordinal": 168,
      "source_coordinate": "h_spatial_v6_spinor8",
      "nonzero_terms": 113487,
      "raw_w_bianchi_residual_terms": 358220,
      "raw_w_candidate_residual_terms": 51811,
      "sha256": "b20f8e35781bcc14458d8baf4bbc7533f9381b292b7da7613777310b31dd4ac0",
      "shard_path": "results/adynkra_11d_gauge_fixed_invariant_supercurvature_operator_v4_col3_20260824.json.columns-v3/column_168.bin",
      "shard_sha256": "4e314ea7f25abf222312f073415795babccc4aa7e93d4d6fb1f4da9e15bad95a",
      "shard_byte_count": 7603721,
      "shard_reused": true
    },
    {
      "ordinal": 169,
      "source_coordinate": "h_spatial_v6_spinor9",
      "nonzero_terms": 113487,
      "raw_w_bianchi_residual_terms": 358227,
      "raw_w_candidate_residual_terms": 51811,
      "sha256": "cdf2672f9348b37e17193e572f8c14edf45d0761817d83a626ab22a39eca84c5",
      "shard_path": "results/adynkra_11d_gauge_fixed_invariant_supercurvature_operator_v4_col3_20260824.json.columns-v3/column_169.bin",
      "shard_sha256": "b896bab51af22abcac3c02f37792866218a3109d35b12fb0677e5e74f94b3eae",
      "shard_byte_count": 7603721,
      "shard_reused": true
    },
    {
      "ordinal": 170,
      "source_coordinate": "h_spatial_v6_spinor10",
      "nonzero_terms": 113487,
      "raw_w_bianchi_residual_terms": 358222,
      "raw_w_candidate_residual_terms": 51811,
      "sha256": "b24968f011f5cd663463f7565933f423daa736a2fbc600387ba28d3cd0838fde",
      "shard_path": "results/adynkra_11d_gauge_fixed_invariant_supercurvature_operator_v4_col3_20260824.json.columns-v3/column_170.bin",
      "shard_sha256": "652717397b8b4029c9284e7a3a2f2c4677a8d3230a6f86534997e77cc2d96e48",
      "shard_byte_count": 7603722,
      "shard_reused": true
    },
    {
      "ordinal": 171,
      "source_coordinate": "h_spatial_v6_spinor11",
      "nonzero_terms": 113487,
      "raw_w_bianchi_residual_terms": 358217,
      "raw_w_candidate_residual_terms": 51811,
      "sha256": "83ce53453afa98ebbf1c5aee648ab64702ee1652a5bfc0d5de50faa9a1ed5021",
      "shard_path": "results/adynkra_11d_gauge_fixed_invariant_supercurvature_operator_v4_col3_20260824.json.columns-v3/column_171.bin",
      "shard_sha256": "797a60339636de8d0b16909aa5b75f41dfdeb59aae680bda81857e0dddc1ba6b",
      "shard_byte_count": 7603722,
      "shard_reused": true
    },
    {
      "ordinal": 172,
      "source_coordinate": "h_spatial_v6_spinor12",
      "nonzero_terms": 113487,
      "raw_w_bianchi_residual_terms": 358220,
      "raw_w_candidate_residual_terms": 51811,
      "sha256": "997ae423e7bb6b8b1d47ccd40ccf98f41561eafd21bf0c9457724a70a1eab7a2",
      "shard_path": "results/adynkra_11d_gauge_fixed_invariant_supercurvature_operator_v4_col3_20260824.json.columns-v3/column_172.bin",
      "shard_sha256": "9121f7f614bcd494b093107ba218c8f1f63851fdc72632b965961789173918fb",
      "shard_byte_count": 7603722,
      "shard_reused": true
    },
    {
      "ordinal": 173,
      "source_coordinate": "h_spatial_v6_spinor13",
      "nonzero_terms": 113487,
      "raw_w_bianchi_residual_terms": 358227,
      "raw_w_candidate_residual_terms": 51811,
      "sha256": "5ee59f80e5f7d53f599cc709baa74fb1bc989310e4936c5a18e9402a48fa0c87",
      "shard_path": "results/adynkra_11d_gauge_fixed_invariant_supercurvature_operator_v4_col3_20260824.json.columns-v3/column_173.bin",
      "shard_sha256": "08596679234819b24f57455d2f56f632c8f3c97c161de46095b47b15401549a4",
      "shard_byte_count": 7603722,
      "shard_reused": true
    },
    {
      "ordinal": 174,
      "source_coordinate": "h_spatial_v6_spinor14",
      "nonzero_terms": 113487,
      "raw_w_bianchi_residual_terms": 358222,
      "raw_w_candidate_residual_terms": 51811,
      "sha256": "a052fe4e68ae949fa6a5f2bd3e2f04acb75bcf8fb6a690df11742fd56ee45fa8",
      "shard_path": "results/adynkra_11d_gauge_fixed_invariant_supercurvature_operator_v4_col3_20260824.json.columns-v3/column_174.bin",
      "shard_sha256": "f00ccaf6822f8890941a342cd8257578cf4ee5600183a544521a1afb9fb4a785",
      "shard_byte_count": 7603722,
      "shard_reused": true
    },
    {
      "ordinal": 175,
      "source_coordinate": "h_spatial_v6_spinor15",
      "nonzero_terms": 113487,
      "raw_w_bianchi_residual_terms": 358217,
      "raw_w_candidate_residual_terms": 51811,
      "sha256": "86028ffa3a169078045076491f9def4c1d4a1c0f3551b87fb028079436b92f3d",
      "shard_path": "results/adynkra_11d_gauge_fixed_invariant_supercurvature_operator_v4_col3_20260824.json.columns-v3/column_175.bin",
      "shard_sha256": "c72aa403732c0e5c61542301b5189f04ecb554060d3afd53775315e277eca8a4",
      "shard_byte_count": 7603722,
      "shard_reused": true
    },
    {
      "ordinal": 176,
      "source_coordinate": "h_spatial_v6_spinor16",
      "nonzero_terms": 113487,
      "raw_w_bianchi_residual_terms": 358224,
      "raw_w_candidate_residual_terms": 51811,
      "sha256": "d56a93e70f4969f269d89487391923dff1f66248d120c3823bf57b60baa90dc4",
      "shard_path": "results/adynkra_11d_gauge_fixed_invariant_supercurvature_operator_v4_col3_20260824.json.columns-v3/column_176.bin",
      "shard_sha256": "5485ea672a9edde405fc6a628098f4ace37e6710c9344d79780b06a01e64ee88",
      "shard_byte_count": 7603722,
      "shard_reused": true
    },
    {
      "ordinal": 177,
      "source_coordinate": "h_spatial_v6_spinor17",
      "nonzero_terms": 113487,
      "raw_w_bianchi_residual_terms": 358229,
      "raw_w_candidate_residual_terms": 51811,
      "sha256": "c2e3a357d54b1935e26c96844b4a25aa438eaf92a709fdf0340b19afaf9f58d6",
      "shard_path": "results/adynkra_11d_gauge_fixed_invariant_supercurvature_operator_v4_col3_20260824.json.columns-v3/column_177.bin",
      "shard_sha256": "d914f775ec64acad59e44225d5e4e0ddcf595dab00378a0d986186d1d10ca4d7",
      "shard_byte_count": 7603722,
      "shard_reused": true
    },
    {
      "ordinal": 178,
      "source_coordinate": "h_spatial_v6_spinor18",
      "nonzero_terms": 113487,
      "raw_w_bianchi_residual_terms": 358220,
      "raw_w_candidate_residual_terms": 51811,
      "sha256": "3a7a2e45860a29d359b560dd469221cd70587861397c998458d0b91f40805a48",
      "shard_path": "results/adynkra_11d_gauge_fixed_invariant_supercurvature_operator_v4_col3_20260824.json.columns-v3/column_178.bin",
      "shard_sha256": "0e2e15b37625a5822637c9a024c5018132ff3e1b648ceada4018628bb466d8a0",
      "shard_byte_count": 7603722,
      "shard_reused": true
    },
    {
      "ordinal": 179,
      "source_coordinate": "h_spatial_v6_spinor19",
      "nonzero_terms": 113487,
      "raw_w_bianchi_residual_terms": 358213,
      "raw_w_candidate_residual_terms": 51811,
      "sha256": "2706261e724ec505f6b36dd05685120a85d608bbe18c40d5e59ceef67cf967fd",
      "shard_path": "results/adynkra_11d_gauge_fixed_invariant_supercurvature_operator_v4_col3_20260824.json.columns-v3/column_179.bin",
      "shard_sha256": "87711ef013a9e125944cd5958e6fb99e9be09d00b1a0f1819c94a95b573a197a",
      "shard_byte_count": 7603722,
      "shard_reused": true
    },
    {
      "ordinal": 180,
      "source_coordinate": "h_spatial_v6_spinor20",
      "nonzero_terms": 113487,
      "raw_w_bianchi_residual_terms": 358224,
      "raw_w_candidate_residual_terms": 51811,
      "sha256": "664058be74fcead5049f68feb4e9f327759eaf18069389709f2a2f7a03849f88",
      "shard_path": "results/adynkra_11d_gauge_fixed_invariant_supercurvature_operator_v4_col3_20260824.json.columns-v3/column_180.bin",
      "shard_sha256": "a3235dff90d0109cd8019ceede9ada5d987c983d4ebdf227a788c32c2406ae73",
      "shard_byte_count": 7603722,
      "shard_reused": true
    },
    {
      "ordinal": 181,
      "source_coordinate": "h_spatial_v6_spinor21",
      "nonzero_terms": 113487,
      "raw_w_bianchi_residual_terms": 358229,
      "raw_w_candidate_residual_terms": 51811,
      "sha256": "29b08d2c11d5410741add65898b66cb9343f00aeab7cfe96c6053e1727a9bdd9",
      "shard_path": "results/adynkra_11d_gauge_fixed_invariant_supercurvature_operator_v4_col3_20260824.json.columns-v3/column_181.bin",
      "shard_sha256": "0f5a93d5ed449cc3029cf090f7a568e9b803cb834fb46b925fbd42a28c2f39b9",
      "shard_byte_count": 7603722,
      "shard_reused": true
    },
    {
      "ordinal": 182,
      "source_coordinate": "h_spatial_v6_spinor22",
      "nonzero_terms": 113487,
      "raw_w_bianchi_residual_terms": 358220,
      "raw_w_candidate_residual_terms": 51811,
      "sha256": "7c6b88105ba9f949eec08d4fdc84955c9ce486cfe3c87b36ab65120be302256e",
      "shard_path": "results/adynkra_11d_gauge_fixed_invariant_supercurvature_operator_v4_col3_20260824.json.columns-v3/column_182.bin",
      "shard_sha256": "413bad9d156a6733d6aceb2488718d6b16154a18e3b2192db45bea37c0e4e27a",
      "shard_byte_count": 7603722,
      "shard_reused": true
    },
    {
      "ordinal": 183,
      "source_coordinate": "h_spatial_v6_spinor23",
      "nonzero_terms": 113487,
      "raw_w_bianchi_residual_terms": 358213,
      "raw_w_candidate_residual_terms": 51811,
      "sha256": "8d5999be40ddba47ff77a523b7ec2b6c618fee4c6faa2c97801f70a6943d43e3",
      "shard_path": "results/adynkra_11d_gauge_fixed_invariant_supercurvature_operator_v4_col3_20260824.json.columns-v3/column_183.bin",
      "shard_sha256": "903113f9146e09afb56de638dd78ca60a77ba2999f55e5814748531cb3f55fb3",
      "shard_byte_count": 7603722,
      "shard_reused": true
    },
    {
      "ordinal": 184,
      "source_coordinate": "h_spatial_v6_spinor24",
      "nonzero_terms": 113487,
      "raw_w_bianchi_residual_terms": 358227,
      "raw_w_candidate_residual_terms": 51811,
      "sha256": "80554b3b41bd2f3ed79563fb30b802f53b36818bc3d4513bf50440440f3d4135",
      "shard_path": "results/adynkra_11d_gauge_fixed_invariant_supercurvature_operator_v4_col3_20260824.json.columns-v3/column_184.bin",
      "shard_sha256": "801209a4f6963785c31f77bc0cfb08db8b55acd53360bb3b19ae495295771dd4",
      "shard_byte_count": 7603722,
      "shard_reused": true
    },
    {
      "ordinal": 185,
      "source_coordinate": "h_spatial_v6_spinor25",
      "nonzero_terms": 113487,
      "raw_w_bianchi_residual_terms": 358220,
      "raw_w_candidate_residual_terms": 51811,
      "sha256": "a6722d1c5150ed9c46206b147e4a0b05e2c895396d0845e5f71da771730102a9",
      "shard_path": "results/adynkra_11d_gauge_fixed_invariant_supercurvature_operator_v4_col3_20260824.json.columns-v3/column_185.bin",
      "shard_sha256": "36e6df716d174d83e7418177ade99337b72bf02584397390bd33b02faad65dd4",
      "shard_byte_count": 7603722,
      "shard_reused": true
    },
    {
      "ordinal": 186,
      "source_coordinate": "h_spatial_v6_spinor26",
      "nonzero_terms": 113487,
      "raw_w_bianchi_residual_terms": 358217,
      "raw_w_candidate_residual_terms": 51811,
      "sha256": "15b9ef066dfc55673b3d28dd1bac7a542930f552d87754c6608039b190d60f0f",
      "shard_path": "results/adynkra_11d_gauge_fixed_invariant_supercurvature_operator_v4_col3_20260824.json.columns-v3/column_186.bin",
      "shard_sha256": "fb00b5fb134d75b360e96e1e55579befa217a7d9374a5b300e0e240c481e83b2",
      "shard_byte_count": 7603722,
      "shard_reused": true
    },
    {
      "ordinal": 187,
      "source_coordinate": "h_spatial_v6_spinor27",
      "nonzero_terms": 113487,
      "raw_w_bianchi_residual_terms": 358222,
      "raw_w_candidate_residual_terms": 51811,
      "sha256": "a1c235900b206bfc07c213c1eb305d5da70f2ba027095439d4742c0e7de19173",
      "shard_path": "results/adynkra_11d_gauge_fixed_invariant_supercurvature_operator_v4_col3_20260824.json.columns-v3/column_187.bin",
      "shard_sha256": "2431ff991903c11d0287cea15a4da4c94da1345a23122fcfd14a42343af7833c",
      "shard_byte_count": 7603722,
      "shard_reused": true
    },
    {
      "ordinal": 188,
      "source_coordinate": "h_spatial_v6_spinor28",
      "nonzero_terms": 113487,
      "raw_w_bianchi_residual_terms": 358227,
      "raw_w_candidate_residual_terms": 51811,
      "sha256": "dcdbe3a2ed7bed4118463bdc4d9117c458cbf14469fd023c4c99f333e0a96e2f",
      "shard_path": "results/adynkra_11d_gauge_fixed_invariant_supercurvature_operator_v4_col3_20260824.json.columns-v3/column_188.bin",
      "shard_sha256": "8776a4e0d7e217db54fadfbb8a3893f1fc513c85ca016f1dfc9955c01312d1a9",
      "shard_byte_count": 7603722,
      "shard_reused": true
    },
    {
      "ordinal": 189,
      "source_coordinate": "h_spatial_v6_spinor29",
      "nonzero_terms": 113487,
      "raw_w_bianchi_residual_terms": 358220,
      "raw_w_candidate_residual_terms": 51811,
      "sha256": "f79a7fe17de9e166731717a4c61d2bc01c96f4d6689341fe70a7750ea70130c1",
      "shard_path": "results/adynkra_11d_gauge_fixed_invariant_supercurvature_operator_v4_col3_20260824.json.columns-v3/column_189.bin",
      "shard_sha256": "d1cd84df333658c305b6056d80863f89df0cfb97afd82abd43d40991f07df8b3",
      "shard_byte_count": 7603722,
      "shard_reused": true
    },
    {
      "ordinal": 190,
      "source_coordinate": "h_spatial_v6_spinor30",
      "nonzero_terms": 113487,
      "raw_w_bianchi_residual_terms": 358217,
      "raw_w_candidate_residual_terms": 51811,
      "sha256": "90adaaa5ebdcf03cabeda4642eb9c77237aff812a75afc602e0e39ee2f4ac045",
      "shard_path": "results/adynkra_11d_gauge_fixed_invariant_supercurvature_operator_v4_col3_20260824.json.columns-v3/column_190.bin",
      "shard_sha256": "3205e91ea99c3eb7b3864ff99ea9e40dff80f662acfb9a52c34c419a39a6644c",
      "shard_byte_count": 7603722,
      "shard_reused": true
    },
    {
      "ordinal": 191,
      "source_coordinate": "h_spatial_v6_spinor31",
      "nonzero_terms": 113487,
      "raw_w_bianchi_residual_terms": 358222,
      "raw_w_candidate_residual_terms": 51811,
      "sha256": "cdc3f22f416a47d334790ceb38e7eaf8cb7f492a407f9df11b9d139c5b27fe42",
      "shard_path": "results/adynkra_11d_gauge_fixed_invariant_supercurvature_operator_v4_col3_20260824.json.columns-v3/column_191.bin",
      "shard_sha256": "4f3ddc113473915069c93220156726ee5af6b69ef1b1d0be74e9cd162efd0198",
      "shard_byte_count": 7603722,
      "shard_reused": true
    },
    {
      "ordinal": 192,
      "source_coordinate": "h_spatial_v7_spinor0",
      "nonzero_terms": 113487,
      "raw_w_bianchi_residual_terms": 358221,
      "raw_w_candidate_residual_terms": 51822,
      "sha256": "5677791568e21a0c12eef79b9e4a85036a352d314ef7851052a8e102a30406ad",
      "shard_path": "results/adynkra_11d_gauge_fixed_invariant_supercurvature_operator_v4_col3_20260824.json.columns-v3/column_192.bin",
      "shard_sha256": "f8fdb5209418923a0e3e01fd0cd3e33835a88b81e4c226717b982beed6d0f23f",
      "shard_byte_count": 7603721,
      "shard_reused": true
    },
    {
      "ordinal": 193,
      "source_coordinate": "h_spatial_v7_spinor1",
      "nonzero_terms": 113487,
      "raw_w_bianchi_residual_terms": 358220,
      "raw_w_candidate_residual_terms": 51822,
      "sha256": "682856397b51e5bfeea73ed08fa99ba481e113572181aa43607aa5a768e72a9a",
      "shard_path": "results/adynkra_11d_gauge_fixed_invariant_supercurvature_operator_v4_col3_20260824.json.columns-v3/column_193.bin",
      "shard_sha256": "fe5f21a63fc93dddb8f9d487a32359efd075ff2a82d57d265a0ec66ea168b3ea",
      "shard_byte_count": 7603721,
      "shard_reused": true
    },
    {
      "ordinal": 194,
      "source_coordinate": "h_spatial_v7_spinor2",
      "nonzero_terms": 113487,
      "raw_w_bianchi_residual_terms": 358218,
      "raw_w_candidate_residual_terms": 51822,
      "sha256": "5f86cf262fce4a38d8b023d37b4b82aaea8b77c01276a1a040b35e03d8efb17d",
      "shard_path": "results/adynkra_11d_gauge_fixed_invariant_supercurvature_operator_v4_col3_20260824.json.columns-v3/column_194.bin",
      "shard_sha256": "63989ef17d340511fa8d9cfbf5d47713c3a1aad8639e4b27e6419a2c30d0df50",
      "shard_byte_count": 7603721,
      "shard_reused": true
    },
    {
      "ordinal": 195,
      "source_coordinate": "h_spatial_v7_spinor3",
      "nonzero_terms": 113487,
      "raw_w_bianchi_residual_terms": 358205,
      "raw_w_candidate_residual_terms": 51822,
      "sha256": "f68b2b34d59f780cdd7675b2ef249a5c031ab0a963551090a1c8cbdd024b222f",
      "shard_path": "results/adynkra_11d_gauge_fixed_invariant_supercurvature_operator_v4_col3_20260824.json.columns-v3/column_195.bin",
      "shard_sha256": "1824588886d695ceb52e419299f3215e82a44870bd8bc23257585f3a194c4f60",
      "shard_byte_count": 7603721,
      "shard_reused": true
    },
    {
      "ordinal": 196,
      "source_coordinate": "h_spatial_v7_spinor4",
      "nonzero_terms": 113487,
      "raw_w_bianchi_residual_terms": 358220,
      "raw_w_candidate_residual_terms": 51822,
      "sha256": "68b398d4bc21b9d8f6c696a8903435f75d61251756ff562808f2f8685fb45af7",
      "shard_path": "results/adynkra_11d_gauge_fixed_invariant_supercurvature_operator_v4_col3_20260824.json.columns-v3/column_196.bin",
      "shard_sha256": "aadfb1a506ba446104ad6b24c976db0db48f05834b2687fe13942bd1da524416",
      "shard_byte_count": 7603721,
      "shard_reused": true
    },
    {
      "ordinal": 197,
      "source_coordinate": "h_spatial_v7_spinor5",
      "nonzero_terms": 113487,
      "raw_w_bianchi_residual_terms": 358221,
      "raw_w_candidate_residual_terms": 51822,
      "sha256": "0e47e15ec00a641781230ed9d3a800aa53bf16ac81bda59b08d53b16a4a76164",
      "shard_path": "results/adynkra_11d_gauge_fixed_invariant_supercurvature_operator_v4_col3_20260824.json.columns-v3/column_197.bin",
      "shard_sha256": "836ffe81e6030fae2428b886d998b9614049779709d106063d73ad2912f16ce4",
      "shard_byte_count": 7603721,
      "shard_reused": true
    },
    {
      "ordinal": 198,
      "source_coordinate": "h_spatial_v7_spinor6",
      "nonzero_terms": 113487,
      "raw_w_bianchi_residual_terms": 358205,
      "raw_w_candidate_residual_terms": 51822,
      "sha256": "bd79e1fb4e028038bdc22f99e5beae733b5414cc0c48fc5bd1cea850948da0b0",
      "shard_path": "results/adynkra_11d_gauge_fixed_invariant_supercurvature_operator_v4_col3_20260824.json.columns-v3/column_198.bin",
      "shard_sha256": "ad54f8d915574d5533d8f4ae0834967711d2bcc34fae0284b398ecd7c60a4f93",
      "shard_byte_count": 7603721,
      "shard_reused": true
    },
    {
      "ordinal": 199,
      "source_coordinate": "h_spatial_v7_spinor7",
      "nonzero_terms": 113487,
      "raw_w_bianchi_residual_terms": 358218,
      "raw_w_candidate_residual_terms": 51822,
      "sha256": "e279e23a60b892a6fe6854a7076439c1d00e5be1b309373b14a620a26a3dc2cc",
      "shard_path": "results/adynkra_11d_gauge_fixed_invariant_supercurvature_operator_v4_col3_20260824.json.columns-v3/column_199.bin",
      "shard_sha256": "794b1144eca8a0a91223d215a365eaa0f16229a00f1d8a54e5e8265c724daeed",
      "shard_byte_count": 7603721,
      "shard_reused": true
    },
    {
      "ordinal": 200,
      "source_coordinate": "h_spatial_v7_spinor8",
      "nonzero_terms": 113487,
      "raw_w_bianchi_residual_terms": 358218,
      "raw_w_candidate_residual_terms": 51822,
      "sha256": "03fa9da0f561189cc8592962da2d699103aa68314ab57e6daaf66f4c1d690a9e",
      "shard_path": "results/adynkra_11d_gauge_fixed_invariant_supercurvature_operator_v4_col3_20260824.json.columns-v3/column_200.bin",
      "shard_sha256": "ececa0c785e93062700d732c43c98e58d7eb32c185de4d13e83415d91cc88fab",
      "shard_byte_count": 7603721,
      "shard_reused": true
    },
    {
      "ordinal": 201,
      "source_coordinate": "h_spatial_v7_spinor9",
      "nonzero_terms": 113487,
      "raw_w_bianchi_residual_terms": 358217,
      "raw_w_candidate_residual_terms": 51822,
      "sha256": "284966688f399c8fc1a248b92de34e32ec975a76506c44da4353bb3ec3b19d26",
      "shard_path": "results/adynkra_11d_gauge_fixed_invariant_supercurvature_operator_v4_col3_20260824.json.columns-v3/column_201.bin",
      "shard_sha256": "94a3342523842753bbd03351a7d94d681a7a198f12b02d25d5564c6c6ad22575",
      "shard_byte_count": 7603721,
      "shard_reused": true
    },
    {
      "ordinal": 202,
      "source_coordinate": "h_spatial_v7_spinor10",
      "nonzero_terms": 113487,
      "raw_w_bianchi_residual_terms": 358209,
      "raw_w_candidate_residual_terms": 51822,
      "sha256": "df02eb373d57cda8288cb75d3c1f430a57c95ddf0a13c546773daaedf3ac6280",
      "shard_path": "results/adynkra_11d_gauge_fixed_invariant_supercurvature_operator_v4_col3_20260824.json.columns-v3/column_202.bin",
      "shard_sha256": "76864f57296c6cab42a256c77784b1888ad5faaa782149c1946336904bffe705",
      "shard_byte_count": 7603722,
      "shard_reused": true
    },
    {
      "ordinal": 203,
      "source_coordinate": "h_spatial_v7_spinor11",
      "nonzero_terms": 113487,
      "raw_w_bianchi_residual_terms": 358220,
      "raw_w_candidate_residual_terms": 51822,
      "sha256": "917f8c819a03d7cfab81fa3c683a092059b54babbc5ad904f58b9a4d311001d5",
      "shard_path": "results/adynkra_11d_gauge_fixed_invariant_supercurvature_operator_v4_col3_20260824.json.columns-v3/column_203.bin",
      "shard_sha256": "13dc2447a0bdc4c94327673cc3c93d5baca33c4a5120f4f3485bf5e4b1afe0ef",
      "shard_byte_count": 7603722,
      "shard_reused": true
    },
    {
      "ordinal": 204,
      "source_coordinate": "h_spatial_v7_spinor12",
      "nonzero_terms": 113487,
      "raw_w_bianchi_residual_terms": 358217,
      "raw_w_candidate_residual_terms": 51822,
      "sha256": "c192088673ec9f34971ef7c5b7b343d4519b1fdec5e056a55612c3a7cfa8e1c8",
      "shard_path": "results/adynkra_11d_gauge_fixed_invariant_supercurvature_operator_v4_col3_20260824.json.columns-v3/column_204.bin",
      "shard_sha256": "5f247e1cb011db292bec35fdef177c10d92dc2b109d3fefb51f3a9d7cb1dc9eb",
      "shard_byte_count": 7603722,
      "shard_reused": true
    },
    {
      "ordinal": 205,
      "source_coordinate": "h_spatial_v7_spinor13",
      "nonzero_terms": 113487,
      "raw_w_bianchi_residual_terms": 358218,
      "raw_w_candidate_residual_terms": 51822,
      "sha256": "80229c9cca876c94ee90d1539b8cf81da0de70e2f3831defdbe7419d87cd0659",
      "shard_path": "results/adynkra_11d_gauge_fixed_invariant_supercurvature_operator_v4_col3_20260824.json.columns-v3/column_205.bin",
      "shard_sha256": "79ef45ed9b44c9939b1a65a2b3f3c4b110d002dd9939c3e9bb9070b40a2acbf2",
      "shard_byte_count": 7603722,
      "shard_reused": true
    },
    {
      "ordinal": 206,
      "source_coordinate": "h_spatial_v7_spinor14",
      "nonzero_terms": 113487,
      "raw_w_bianchi_residual_terms": 358220,
      "raw_w_candidate_residual_terms": 51822,
      "sha256": "7125c66a23355d10d9f66f08f0fce51daf219ff6b5b9a4906ad450f37d20a96c",
      "shard_path": "results/adynkra_11d_gauge_fixed_invariant_supercurvature_operator_v4_col3_20260824.json.columns-v3/column_206.bin",
      "shard_sha256": "563c390d66e923ba5adc20bcb4c1f13d88cbf06409bab8501b190eb3569b078b",
      "shard_byte_count": 7603722,
      "shard_reused": true
    },
    {
      "ordinal": 207,
      "source_coordinate": "h_spatial_v7_spinor15",
      "nonzero_terms": 113487,
      "raw_w_bianchi_residual_terms": 358209,
      "raw_w_candidate_residual_terms": 51822,
      "sha256": "c7c86d0f04d29fabbbc71e3b12faff2240012a6ee7e1bdb888b7c6730576d81a",
      "shard_path": "results/adynkra_11d_gauge_fixed_invariant_supercurvature_operator_v4_col3_20260824.json.columns-v3/column_207.bin",
      "shard_sha256": "84572595cf346540be35e59a9fadded1e1981c5eb08cae2abe64e26f7bdd662f",
      "shard_byte_count": 7603722,
      "shard_reused": true
    },
    {
      "ordinal": 208,
      "source_coordinate": "h_spatial_v7_spinor16",
      "nonzero_terms": 113487,
      "raw_w_bianchi_residual_terms": 358220,
      "raw_w_candidate_residual_terms": 51822,
      "sha256": "21418e599b89120490b60d396fa02e0dfd95b38c15eb8bd6bf6607212a3d0f9e",
      "shard_path": "results/adynkra_11d_gauge_fixed_invariant_supercurvature_operator_v4_col3_20260824.json.columns-v3/column_208.bin",
      "shard_sha256": "114011b95d073a9081160d6221e509798a51b0e91302fea5349db33a2b4b09f9",
      "shard_byte_count": 7603722,
      "shard_reused": true
    },
    {
      "ordinal": 209,
      "source_coordinate": "h_spatial_v7_spinor17",
      "nonzero_terms": 113487,
      "raw_w_bianchi_residual_terms": 358221,
      "raw_w_candidate_residual_terms": 51822,
      "sha256": "e894bbc172fd2262c0e81b168aa535e590b3a59dafb45949a865e5100178453d",
      "shard_path": "results/adynkra_11d_gauge_fixed_invariant_supercurvature_operator_v4_col3_20260824.json.columns-v3/column_209.bin",
      "shard_sha256": "d00da2873d2b04af12a43b16cc4bce9113815ca9972e00e9a7979058f4adf545",
      "shard_byte_count": 7603722,
      "shard_reused": true
    },
    {
      "ordinal": 210,
      "source_coordinate": "h_spatial_v7_spinor18",
      "nonzero_terms": 113487,
      "raw_w_bianchi_residual_terms": 358205,
      "raw_w_candidate_residual_terms": 51822,
      "sha256": "7a1b0652b6534a50ee7e5a57dd7bcf2de99990952c85642491bd633006896afc",
      "shard_path": "results/adynkra_11d_gauge_fixed_invariant_supercurvature_operator_v4_col3_20260824.json.columns-v3/column_210.bin",
      "shard_sha256": "b204ec00c9a3c480e2b9c157bc214be52f5f4794eecde46993120b4ddd79e2f0",
      "shard_byte_count": 7603722,
      "shard_reused": true
    },
    {
      "ordinal": 211,
      "source_coordinate": "h_spatial_v7_spinor19",
      "nonzero_terms": 113487,
      "raw_w_bianchi_residual_terms": 358218,
      "raw_w_candidate_residual_terms": 51822,
      "sha256": "627ac8e4470ae9f45e85969c9c6d0a4941ed597c287cdbdd8e2ce63e4066a237",
      "shard_path": "results/adynkra_11d_gauge_fixed_invariant_supercurvature_operator_v4_col3_20260824.json.columns-v3/column_211.bin",
      "shard_sha256": "126a82c4c60beb754204cc95ea6c0544b34cfc937f66a9d7566082daa5fa96b1",
      "shard_byte_count": 7603722,
      "shard_reused": true
    },
    {
      "ordinal": 212,
      "source_coordinate": "h_spatial_v7_spinor20",
      "nonzero_terms": 113487,
      "raw_w_bianchi_residual_terms": 358221,
      "raw_w_candidate_residual_terms": 51822,
      "sha256": "2df800a984a6678eade652ea3b4b55df2a856e02ea4857ed21c32b6b6a713142",
      "shard_path": "results/adynkra_11d_gauge_fixed_invariant_supercurvature_operator_v4_col3_20260824.json.columns-v3/column_212.bin",
      "shard_sha256": "5de4c3bd03d7d0d22168b557ee4d0fe6d88284a10e73bfbadb03f6fa11282399",
      "shard_byte_count": 7603722,
      "shard_reused": true
    },
    {
      "ordinal": 213,
      "source_coordinate": "h_spatial_v7_spinor21",
      "nonzero_terms": 113487,
      "raw_w_bianchi_residual_terms": 358220,
      "raw_w_candidate_residual_terms": 51822,
      "sha256": "4da146da728272c4d6364698e52c55119f28509a5a93cda734f38d4c0b6e08d7",
      "shard_path": "results/adynkra_11d_gauge_fixed_invariant_supercurvature_operator_v4_col3_20260824.json.columns-v3/column_213.bin",
      "shard_sha256": "efd7deba6bf1441d5bb4ec45089fc4622fc493e53e650175cf44293a6adc4372",
      "shard_byte_count": 7603722,
      "shard_reused": true
    },
    {
      "ordinal": 214,
      "source_coordinate": "h_spatial_v7_spinor22",
      "nonzero_terms": 113487,
      "raw_w_bianchi_residual_terms": 358218,
      "raw_w_candidate_residual_terms": 51822,
      "sha256": "30415a088a672ee4a44dafc2df3acbcde9959f1cc7656e1c8f46b3d7afc23907",
      "shard_path": "results/adynkra_11d_gauge_fixed_invariant_supercurvature_operator_v4_col3_20260824.json.columns-v3/column_214.bin",
      "shard_sha256": "ff480849738cd832076203b2194ba8ccaa381e1c6b837acaca6da99f9482850f",
      "shard_byte_count": 7603722,
      "shard_reused": true
    },
    {
      "ordinal": 215,
      "source_coordinate": "h_spatial_v7_spinor23",
      "nonzero_terms": 113487,
      "raw_w_bianchi_residual_terms": 358205,
      "raw_w_candidate_residual_terms": 51822,
      "sha256": "99e997ed10791fcf817b755ab95ba776fac7688507876ac7fb2ccb0c5031c1bd",
      "shard_path": "results/adynkra_11d_gauge_fixed_invariant_supercurvature_operator_v4_col3_20260824.json.columns-v3/column_215.bin",
      "shard_sha256": "5a4e9eacda48d0112865f28e9b894f3f223ca50f4a43fb426d4bc33677f9537c",
      "shard_byte_count": 7603722,
      "shard_reused": true
    },
    {
      "ordinal": 216,
      "source_coordinate": "h_spatial_v7_spinor24",
      "nonzero_terms": 113487,
      "raw_w_bianchi_residual_terms": 358217,
      "raw_w_candidate_residual_terms": 51822,
      "sha256": "9eb651a1bd8809aa405ac62addea1e1279f6142d262a5849c93a9ab8234a6d9f",
      "shard_path": "results/adynkra_11d_gauge_fixed_invariant_supercurvature_operator_v4_col3_20260824.json.columns-v3/column_216.bin",
      "shard_sha256": "e7864fdebef44fb70cbb156ff3797410794aaf846fc9620b8d4ee040fbc43f86",
      "shard_byte_count": 7603722,
      "shard_reused": true
    },
    {
      "ordinal": 217,
      "source_coordinate": "h_spatial_v7_spinor25",
      "nonzero_terms": 113487,
      "raw_w_bianchi_residual_terms": 358218,
      "raw_w_candidate_residual_terms": 51822,
      "sha256": "5dc4b02145ec55ebe9b10adf2a1407df41646febca35a0d46bd07fa6b7588b0a",
      "shard_path": "results/adynkra_11d_gauge_fixed_invariant_supercurvature_operator_v4_col3_20260824.json.columns-v3/column_217.bin",
      "shard_sha256": "ce2a3e1e7318358f054503e51c98151aef81ba6a15f105ca1044e72f95f58e90",
      "shard_byte_count": 7603722,
      "shard_reused": true
    },
    {
      "ordinal": 218,
      "source_coordinate": "h_spatial_v7_spinor26",
      "nonzero_terms": 113487,
      "raw_w_bianchi_residual_terms": 358220,
      "raw_w_candidate_residual_terms": 51822,
      "sha256": "ca33f8b38ebf38175be575b6664c6c32ff44db28b73e5ac212d5c0b9ad212288",
      "shard_path": "results/adynkra_11d_gauge_fixed_invariant_supercurvature_operator_v4_col3_20260824.json.columns-v3/column_218.bin",
      "shard_sha256": "4133a832830c81bc601e15679352d826ec66527ade00fe0452501e6166a6bea5",
      "shard_byte_count": 7603722,
      "shard_reused": true
    },
    {
      "ordinal": 219,
      "source_coordinate": "h_spatial_v7_spinor27",
      "nonzero_terms": 113487,
      "raw_w_bianchi_residual_terms": 358209,
      "raw_w_candidate_residual_terms": 51822,
      "sha256": "01937e337d137070738b98929f53f6c3826e2fea29b54e048a6fa502dd6b108e",
      "shard_path": "results/adynkra_11d_gauge_fixed_invariant_supercurvature_operator_v4_col3_20260824.json.columns-v3/column_219.bin",
      "shard_sha256": "302604fea243451aa9ba3a485da3ba9c891501f30d96a3432491bd5c47fac793",
      "shard_byte_count": 7603722,
      "shard_reused": true
    },
    {
      "ordinal": 220,
      "source_coordinate": "h_spatial_v7_spinor28",
      "nonzero_terms": 113487,
      "raw_w_bianchi_residual_terms": 358218,
      "raw_w_candidate_residual_terms": 51822,
      "sha256": "e04c43598bd7eefd117035da74d4df187c73a14f3ecd768f697441ab2807ee09",
      "shard_path": "results/adynkra_11d_gauge_fixed_invariant_supercurvature_operator_v4_col3_20260824.json.columns-v3/column_220.bin",
      "shard_sha256": "16546ea4d0c780aef9e9e09c87c80cb59b30e79a5abd6b4a8f65257cfe6054bb",
      "shard_byte_count": 7603722,
      "shard_reused": true
    },
    {
      "ordinal": 221,
      "source_coordinate": "h_spatial_v7_spinor29",
      "nonzero_terms": 113487,
      "raw_w_bianchi_residual_terms": 358217,
      "raw_w_candidate_residual_terms": 51822,
      "sha256": "c60f962f4f70a5a4295992231daeb86389e5d60a42fcf157823741ef6398689f",
      "shard_path": "results/adynkra_11d_gauge_fixed_invariant_supercurvature_operator_v4_col3_20260824.json.columns-v3/column_221.bin",
      "shard_sha256": "610b2eb298c61fd4236cbc66217628c82403a8e5bf469b3372a6516d72d40a3f",
      "shard_byte_count": 7603722,
      "shard_reused": true
    },
    {
      "ordinal": 222,
      "source_coordinate": "h_spatial_v7_spinor30",
      "nonzero_terms": 113487,
      "raw_w_bianchi_residual_terms": 358209,
      "raw_w_candidate_residual_terms": 51822,
      "sha256": "304d5a1091f87fa2acdf3c3a42af9d64a6483a715dcea908d5791606deb18a27",
      "shard_path": "results/adynkra_11d_gauge_fixed_invariant_supercurvature_operator_v4_col3_20260824.json.columns-v3/column_222.bin",
      "shard_sha256": "ddc723ec3a77c0253d3dbaad72e5700c5d5c7ed8c23808c64c04f80f5d27b7b4",
      "shard_byte_count": 7603722,
      "shard_reused": true
    },
    {
      "ordinal": 223,
      "source_coordinate": "h_spatial_v7_spinor31",
      "nonzero_terms": 113487,
      "raw_w_bianchi_residual_terms": 358220,
      "raw_w_candidate_residual_terms": 51822,
      "sha256": "06f3c1661d32b4cb0abdeb99e65b147eb964b38cc5f8ad649b8802cad4af6ebc",
      "shard_path": "results/adynkra_11d_gauge_fixed_invariant_supercurvature_operator_v4_col3_20260824.json.columns-v3/column_223.bin",
      "shard_sha256": "a9448d186cb1a0ecf5daba213703a88f0c0a088ab66107d9fb28698178f36eb7",
      "shard_byte_count": 7603722,
      "shard_reused": true
    },
    {
      "ordinal": 224,
      "source_coordinate": "h_spatial_v8_spinor0",
      "nonzero_terms": 113487,
      "raw_w_bianchi_residual_terms": 358215,
      "raw_w_candidate_residual_terms": 51816,
      "sha256": "72546de30c8b508d484a95cbe76b48f045c46519534e6ee960d1628dd3e50453",
      "shard_path": "results/adynkra_11d_gauge_fixed_invariant_supercurvature_operator_v4_col3_20260824.json.columns-v3/column_224.bin",
      "shard_sha256": "7f4f18454a74ba9c16aa21e192b9bc64aaa2ba4c13e352f4e49c6e32aff66ec6",
      "shard_byte_count": 7603721,
      "shard_reused": true
    },
    {
      "ordinal": 225,
      "source_coordinate": "h_spatial_v8_spinor1",
      "nonzero_terms": 113487,
      "raw_w_bianchi_residual_terms": 358210,
      "raw_w_candidate_residual_terms": 51816,
      "sha256": "9efe5a43adf9a90073f0961fbffd6a04068e8246f8d47bff4506ca51e5a68f92",
      "shard_path": "results/adynkra_11d_gauge_fixed_invariant_supercurvature_operator_v4_col3_20260824.json.columns-v3/column_225.bin",
      "shard_sha256": "aaef7dfa36a29c20621c9b280e23d6ca6b04d56ab876455ccded5ca64c629fe4",
      "shard_byte_count": 7603721,
      "shard_reused": true
    },
    {
      "ordinal": 226,
      "source_coordinate": "h_spatial_v8_spinor2",
      "nonzero_terms": 113487,
      "raw_w_bianchi_residual_terms": 358215,
      "raw_w_candidate_residual_terms": 51816,
      "sha256": "ffb18b5d4315a2055651d1cd4a12dd74eaef9b36be5a733966cf7d899226ee4c",
      "shard_path": "results/adynkra_11d_gauge_fixed_invariant_supercurvature_operator_v4_col3_20260824.json.columns-v3/column_226.bin",
      "shard_sha256": "a87332549a072f04f153616ab25442e594c8b4c3082558d005410ff0061fbd98",
      "shard_byte_count": 7603721,
      "shard_reused": true
    },
    {
      "ordinal": 227,
      "source_coordinate": "h_spatial_v8_spinor3",
      "nonzero_terms": 113487,
      "raw_w_bianchi_residual_terms": 358210,
      "raw_w_candidate_residual_terms": 51816,
      "sha256": "607fdcdae5fe8ae8de87f95a6df7f22f569f1b6318915ffc957ec8c539023887",
      "shard_path": "results/adynkra_11d_gauge_fixed_invariant_supercurvature_operator_v4_col3_20260824.json.columns-v3/column_227.bin",
      "shard_sha256": "3a2d122ea21217a216b96c17fa4485adb36859eeb4b7b323603f336a63e4f6ad",
      "shard_byte_count": 7603721,
      "shard_reused": true
    },
    {
      "ordinal": 228,
      "source_coordinate": "h_spatial_v8_spinor4",
      "nonzero_terms": 113487,
      "raw_w_bianchi_residual_terms": 358211,
      "raw_w_candidate_residual_terms": 51816,
      "sha256": "92ffb808d3438623a861d68daf5d95fe7006a58519f2503f4be5c886071970c5",
      "shard_path": "results/adynkra_11d_gauge_fixed_invariant_supercurvature_operator_v4_col3_20260824.json.columns-v3/column_228.bin",
      "shard_sha256": "09d34efbe82a7f361a1d13fb4de7ab9a1d5c0a7126c2eb35fbad76e481a74d6b",
      "shard_byte_count": 7603721,
      "shard_reused": true
    },
    {
      "ordinal": 229,
      "source_coordinate": "h_spatial_v8_spinor5",
      "nonzero_terms": 113487,
      "raw_w_bianchi_residual_terms": 358220,
      "raw_w_candidate_residual_terms": 51816,
      "sha256": "dbc30054a77395803f9047f90ad62b965f2e0a98f8b8a3b5d167fafce369a4a9",
      "shard_path": "results/adynkra_11d_gauge_fixed_invariant_supercurvature_operator_v4_col3_20260824.json.columns-v3/column_229.bin",
      "shard_sha256": "1febaa3f5da5b26a7f266f058a4b4d15949143ac6972a443d72a8d508ce0d5be",
      "shard_byte_count": 7603721,
      "shard_reused": true
    },
    {
      "ordinal": 230,
      "source_coordinate": "h_spatial_v8_spinor6",
      "nonzero_terms": 113487,
      "raw_w_bianchi_residual_terms": 358211,
      "raw_w_candidate_residual_terms": 51816,
      "sha256": "13e2783ae40e1e67a397a9737b5bb7d6d8dbc33c793b0d983fc93e1a9f482b83",
      "shard_path": "results/adynkra_11d_gauge_fixed_invariant_supercurvature_operator_v4_col3_20260824.json.columns-v3/column_230.bin",
      "shard_sha256": "7a86b05bd70b4c33a12d0814cc8ebf109dd2f0bb8c0cebe8fc72c2f3e2e8f71c",
      "shard_byte_count": 7603721,
      "shard_reused": true
    },
    {
      "ordinal": 231,
      "source_coordinate": "h_spatial_v8_spinor7",
      "nonzero_terms": 113487,
      "raw_w_bianchi_residual_terms": 358220,
      "raw_w_candidate_residual_terms": 51816,
      "sha256": "aa36ca33cf50c2b769d66c0c633466adecaf310461aa1204d0ff9c77ebb12f26",
      "shard_path": "results/adynkra_11d_gauge_fixed_invariant_supercurvature_operator_v4_col3_20260824.json.columns-v3/column_231.bin",
      "shard_sha256": "03937c3ddce90f3b19810c89e78ea73b92dd313c59f20a26c86694e47fe6d76d",
      "shard_byte_count": 7603721,
      "shard_reused": true
    },
    {
      "ordinal": 232,
      "source_coordinate": "h_spatial_v8_spinor8",
      "nonzero_terms": 113487,
      "raw_w_bianchi_residual_terms": 358214,
      "raw_w_candidate_residual_terms": 51816,
      "sha256": "362bf0da46a3d6cb8a2a533e30a245fd212badad2b53cbedf812abd8725a006f",
      "shard_path": "results/adynkra_11d_gauge_fixed_invariant_supercurvature_operator_v4_col3_20260824.json.columns-v3/column_232.bin",
      "shard_sha256": "3e0e167218bdd0e66ad6ace5649686e62d158f433631d8605acd86e9c42adf42",
      "shard_byte_count": 7603721,
      "shard_reused": true
    },
    {
      "ordinal": 233,
      "source_coordinate": "h_spatial_v8_spinor9",
      "nonzero_terms": 113487,
      "raw_w_bianchi_residual_terms": 358221,
      "raw_w_candidate_residual_terms": 51816,
      "sha256": "7c466b88e3c4804f33eceacd6175d8fb738c2d0887f748a45d68eb0027336ea7",
      "shard_path": "results/adynkra_11d_gauge_fixed_invariant_supercurvature_operator_v4_col3_20260824.json.columns-v3/column_233.bin",
      "shard_sha256": "b2f473853ce6960bcf04696033ff630ae267c967ea7b96f227c5c58ca5c1b211",
      "shard_byte_count": 7603721,
      "shard_reused": true
    },
    {
      "ordinal": 234,
      "source_coordinate": "h_spatial_v8_spinor10",
      "nonzero_terms": 113487,
      "raw_w_bianchi_residual_terms": 358214,
      "raw_w_candidate_residual_terms": 51816,
      "sha256": "23bdf128f5ab662d691a2b30ce33a9a93ecd8a480fb6006f31d3250ed6e5be97",
      "shard_path": "results/adynkra_11d_gauge_fixed_invariant_supercurvature_operator_v4_col3_20260824.json.columns-v3/column_234.bin",
      "shard_sha256": "a945e313f98e327c2ee2e65c7ac67c6a3671a1bd717e4a10d5c9b235a027d623",
      "shard_byte_count": 7603722,
      "shard_reused": true
    },
    {
      "ordinal": 235,
      "source_coordinate": "h_spatial_v8_spinor11",
      "nonzero_terms": 113487,
      "raw_w_bianchi_residual_terms": 358221,
      "raw_w_candidate_residual_terms": 51816,
      "sha256": "c213a4cb9dabbf6bd5a6665a4b3fc1bdfa9c184c10262d7b5450002711f31387",
      "shard_path": "results/adynkra_11d_gauge_fixed_invariant_supercurvature_operator_v4_col3_20260824.json.columns-v3/column_235.bin",
      "shard_sha256": "437196a95466ae288c23c56b05c930ccf77edbc9005dcce9c71797311a41c756",
      "shard_byte_count": 7603722,
      "shard_reused": true
    },
    {
      "ordinal": 236,
      "source_coordinate": "h_spatial_v8_spinor12",
      "nonzero_terms": 113487,
      "raw_w_bianchi_residual_terms": 358212,
      "raw_w_candidate_residual_terms": 51816,
      "sha256": "f78468d9e83bb95537e9995ea8f29e66d918e0e52f3c4ea3fabb21a845165c4a",
      "shard_path": "results/adynkra_11d_gauge_fixed_invariant_supercurvature_operator_v4_col3_20260824.json.columns-v3/column_236.bin",
      "shard_sha256": "8d315a98aca37c836404d24a614013193da1dc57e00a2efcdc19c25cf5ad8b50",
      "shard_byte_count": 7603722,
      "shard_reused": true
    },
    {
      "ordinal": 237,
      "source_coordinate": "h_spatial_v8_spinor13",
      "nonzero_terms": 113487,
      "raw_w_bianchi_residual_terms": 358209,
      "raw_w_candidate_residual_terms": 51816,
      "sha256": "f6a16823ab61773f1245747b4e69f860a1d5ae57b82eaf4f7747391732b672cd",
      "shard_path": "results/adynkra_11d_gauge_fixed_invariant_supercurvature_operator_v4_col3_20260824.json.columns-v3/column_237.bin",
      "shard_sha256": "a246dc19440a341139d7c0d6cdd74cb7f5091c77f2e9e5a884bb505e27fb6ff8",
      "shard_byte_count": 7603722,
      "shard_reused": true
    },
    {
      "ordinal": 238,
      "source_coordinate": "h_spatial_v8_spinor14",
      "nonzero_terms": 113487,
      "raw_w_bianchi_residual_terms": 358212,
      "raw_w_candidate_residual_terms": 51816,
      "sha256": "5f574a444354923f2087951a07649aa01221cf91c54075ee388a78b3ba27280f",
      "shard_path": "results/adynkra_11d_gauge_fixed_invariant_supercurvature_operator_v4_col3_20260824.json.columns-v3/column_238.bin",
      "shard_sha256": "307408aa07d8afc0c4deac9e0a3428dffebc7c8e2b705ce9bab7ebfa0699399e",
      "shard_byte_count": 7603722,
      "shard_reused": true
    },
    {
      "ordinal": 239,
      "source_coordinate": "h_spatial_v8_spinor15",
      "nonzero_terms": 113487,
      "raw_w_bianchi_residual_terms": 358209,
      "raw_w_candidate_residual_terms": 51816,
      "sha256": "ded4ff0e4e9f780cb70e11b304f5bc20897e2da4b7434043548d4316fa7b805a",
      "shard_path": "results/adynkra_11d_gauge_fixed_invariant_supercurvature_operator_v4_col3_20260824.json.columns-v3/column_239.bin",
      "shard_sha256": "38af62eab9a2705f05de8023214985ab93e71996bc0b1711a86e393549233299",
      "shard_byte_count": 7603722,
      "shard_reused": true
    },
    {
      "ordinal": 240,
      "source_coordinate": "h_spatial_v8_spinor16",
      "nonzero_terms": 113487,
      "raw_w_bianchi_residual_terms": 358210,
      "raw_w_candidate_residual_terms": 51816,
      "sha256": "1ac71074d1eb9ba0c5f663296ec1974694a3407254a5564136d1c4c402168a11",
      "shard_path": "results/adynkra_11d_gauge_fixed_invariant_supercurvature_operator_v4_col3_20260824.json.columns-v3/column_240.bin",
      "shard_sha256": "54f1e8a51f02f4c8ce972aca83b0c7a758db1f5f1380ef4b37f5646dcab43640",
      "shard_byte_count": 7603722,
      "shard_reused": true
    },
    {
      "ordinal": 241,
      "source_coordinate": "h_spatial_v8_spinor17",
      "nonzero_terms": 113487,
      "raw_w_bianchi_residual_terms": 358215,
      "raw_w_candidate_residual_terms": 51816,
      "sha256": "d87c73dc4330c2028047f850436b1296b755c66bb070d12a4961eb66d00ee096",
      "shard_path": "results/adynkra_11d_gauge_fixed_invariant_supercurvature_operator_v4_col3_20260824.json.columns-v3/column_241.bin",
      "shard_sha256": "52169e03fa9e3298c599e12a700b78770db7b74c8d71a93c5a6ac779a7f1bb3d",
      "shard_byte_count": 7603722,
      "shard_reused": true
    },
    {
      "ordinal": 242,
      "source_coordinate": "h_spatial_v8_spinor18",
      "nonzero_terms": 113487,
      "raw_w_bianchi_residual_terms": 358210,
      "raw_w_candidate_residual_terms": 51816,
      "sha256": "21bd340badc36e3e8c8294bdcf4cf8427b5e9ea10d071590d52a78e9d7884e93",
      "shard_path": "results/adynkra_11d_gauge_fixed_invariant_supercurvature_operator_v4_col3_20260824.json.columns-v3/column_242.bin",
      "shard_sha256": "c5c8489defd130c0399189281f78579af23d2934388428954e449024cdd29f2c",
      "shard_byte_count": 7603722,
      "shard_reused": true
    },
    {
      "ordinal": 243,
      "source_coordinate": "h_spatial_v8_spinor19",
      "nonzero_terms": 113487,
      "raw_w_bianchi_residual_terms": 358215,
      "raw_w_candidate_residual_terms": 51816,
      "sha256": "4db34c4fe26f7cfd6f9b6448893e54a43aca9ea1a570dfd2c9a49576fc203a72",
      "shard_path": "results/adynkra_11d_gauge_fixed_invariant_supercurvature_operator_v4_col3_20260824.json.columns-v3/column_243.bin",
      "shard_sha256": "6b7bac2893dd71e3e61622c843d3b81643200eb8daacd66205bfc4cd0b117c46",
      "shard_byte_count": 7603722,
      "shard_reused": true
    },
    {
      "ordinal": 244,
      "source_coordinate": "h_spatial_v8_spinor20",
      "nonzero_terms": 113487,
      "raw_w_bianchi_residual_terms": 358220,
      "raw_w_candidate_residual_terms": 51816,
      "sha256": "252224d7fe29e0eb285eb22da17651b5626e306ef71530c101b651d11bd0b255",
      "shard_path": "results/adynkra_11d_gauge_fixed_invariant_supercurvature_operator_v4_col3_20260824.json.columns-v3/column_244.bin",
      "shard_sha256": "fb38b0ca88e79bf22ef1b82983ee71c270880443d5001e8d2df7e985c97e35cb",
      "shard_byte_count": 7603722,
      "shard_reused": true
    },
    {
      "ordinal": 245,
      "source_coordinate": "h_spatial_v8_spinor21",
      "nonzero_terms": 113487,
      "raw_w_bianchi_residual_terms": 358211,
      "raw_w_candidate_residual_terms": 51816,
      "sha256": "6ba6205a2d110bd5eb06e3c93012f4573b0efba45e6d008e79412b90ee390834",
      "shard_path": "results/adynkra_11d_gauge_fixed_invariant_supercurvature_operator_v4_col3_20260824.json.columns-v3/column_245.bin",
      "shard_sha256": "ebe2a6d9d96583bf7b71b332db966d981881b2f9e5a23867bf42d05b7d69e03a",
      "shard_byte_count": 7603722,
      "shard_reused": true
    },
    {
      "ordinal": 246,
      "source_coordinate": "h_spatial_v8_spinor22",
      "nonzero_terms": 113487,
      "raw_w_bianchi_residual_terms": 358220,
      "raw_w_candidate_residual_terms": 51816,
      "sha256": "fc3169f566c19eb034bfc630240f1763780e171b3ec68e36b5f2b25712f4738c",
      "shard_path": "results/adynkra_11d_gauge_fixed_invariant_supercurvature_operator_v4_col3_20260824.json.columns-v3/column_246.bin",
      "shard_sha256": "cebc08c63bab4da800d6973aa75a864789f89d5744cf522904343221a2636c3b",
      "shard_byte_count": 7603722,
      "shard_reused": true
    },
    {
      "ordinal": 247,
      "source_coordinate": "h_spatial_v8_spinor23",
      "nonzero_terms": 113487,
      "raw_w_bianchi_residual_terms": 358211,
      "raw_w_candidate_residual_terms": 51816,
      "sha256": "4431d3112b7ba40d0616cdef4599528bfaeafc06be9076ee201b8317656c3291",
      "shard_path": "results/adynkra_11d_gauge_fixed_invariant_supercurvature_operator_v4_col3_20260824.json.columns-v3/column_247.bin",
      "shard_sha256": "9d22d14fad127cb074abc5fc3aefa833d0817e00f928f5973a80c6edeea157c3",
      "shard_byte_count": 7603722,
      "shard_reused": true
    },
    {
      "ordinal": 248,
      "source_coordinate": "h_spatial_v8_spinor24",
      "nonzero_terms": 113487,
      "raw_w_bianchi_residual_terms": 358221,
      "raw_w_candidate_residual_terms": 51816,
      "sha256": "4b92c283f561fa6a4af96dd2ec7c475194e4c86da26ffb2f938845bc9165184b",
      "shard_path": "results/adynkra_11d_gauge_fixed_invariant_supercurvature_operator_v4_col3_20260824.json.columns-v3/column_248.bin",
      "shard_sha256": "41f2e60ac1b84b7e864104d05510e72036345e206f4795655c0ef4d7d9fb7453",
      "shard_byte_count": 7603722,
      "shard_reused": true
    },
    {
      "ordinal": 249,
      "source_coordinate": "h_spatial_v8_spinor25",
      "nonzero_terms": 113487,
      "raw_w_bianchi_residual_terms": 358214,
      "raw_w_candidate_residual_terms": 51816,
      "sha256": "eda5554ac963004bdf4f0f720c7ec308d83f572d8eda885e6b31ea54a9aee496",
      "shard_path": "results/adynkra_11d_gauge_fixed_invariant_supercurvature_operator_v4_col3_20260824.json.columns-v3/column_249.bin",
      "shard_sha256": "df130730586554bef62fd6db8a9366faa6d0b4b7f044c78aebac89a6a48dc651",
      "shard_byte_count": 7603722,
      "shard_reused": true
    },
    {
      "ordinal": 250,
      "source_coordinate": "h_spatial_v8_spinor26",
      "nonzero_terms": 113487,
      "raw_w_bianchi_residual_terms": 358221,
      "raw_w_candidate_residual_terms": 51816,
      "sha256": "9918c8531b3f6848e8a458d1a23d65adc6947edd963fcaddf50eab4f7dec74d5",
      "shard_path": "results/adynkra_11d_gauge_fixed_invariant_supercurvature_operator_v4_col3_20260824.json.columns-v3/column_250.bin",
      "shard_sha256": "6155a6c94955020c2265213e62a60d27ee7f5c5d6cb83205cd3b753c7c99412e",
      "shard_byte_count": 7603722,
      "shard_reused": true
    },
    {
      "ordinal": 251,
      "source_coordinate": "h_spatial_v8_spinor27",
      "nonzero_terms": 113487,
      "raw_w_bianchi_residual_terms": 358214,
      "raw_w_candidate_residual_terms": 51816,
      "sha256": "0918268e053d4dbe705ad0296172ffed96f91a18860533908756b08380736a4f",
      "shard_path": "results/adynkra_11d_gauge_fixed_invariant_supercurvature_operator_v4_col3_20260824.json.columns-v3/column_251.bin",
      "shard_sha256": "16f1de4a1eaf4b265bd1963e6eb278e5192be334fd8bc7b734491186c2365c60",
      "shard_byte_count": 7603722,
      "shard_reused": true
    },
    {
      "ordinal": 252,
      "source_coordinate": "h_spatial_v8_spinor28",
      "nonzero_terms": 113487,
      "raw_w_bianchi_residual_terms": 358209,
      "raw_w_candidate_residual_terms": 51816,
      "sha256": "5de3d77ed088edd9bce34ac96d079094c1a890f3928d83d4b122fbf89dbf79bd",
      "shard_path": "results/adynkra_11d_gauge_fixed_invariant_supercurvature_operator_v4_col3_20260824.json.columns-v3/column_252.bin",
      "shard_sha256": "d65e9e5c64fdb56c2109c804ea5c1dd0ff7995c15605b3b802543c45641ece39",
      "shard_byte_count": 7603722,
      "shard_reused": true
    },
    {
      "ordinal": 253,
      "source_coordinate": "h_spatial_v8_spinor29",
      "nonzero_terms": 113487,
      "raw_w_bianchi_residual_terms": 358212,
      "raw_w_candidate_residual_terms": 51816,
      "sha256": "aaef8fd56251d1066fb3ff2d5b84ee6b63df4de89b5712e50c7d239ff2c1fdd0",
      "shard_path": "results/adynkra_11d_gauge_fixed_invariant_supercurvature_operator_v4_col3_20260824.json.columns-v3/column_253.bin",
      "shard_sha256": "61787542f3948a7cb2f40b80e57125391a1acca93e91ca7f4230b0453a6c7371",
      "shard_byte_count": 7603722,
      "shard_reused": true
    },
    {
      "ordinal": 254,
      "source_coordinate": "h_spatial_v8_spinor30",
      "nonzero_terms": 113487,
      "raw_w_bianchi_residual_terms": 358209,
      "raw_w_candidate_residual_terms": 51816,
      "sha256": "83660c665f52f96d76f958c350c91d1571a5cb46461831167065a48e43202d0f",
      "shard_path": "results/adynkra_11d_gauge_fixed_invariant_supercurvature_operator_v4_col3_20260824.json.columns-v3/column_254.bin",
      "shard_sha256": "c13fc2ecaa5ca37f78d8598d44cb2ec301ed44b17a5a7c56c0f9ce96d2f00882",
      "shard_byte_count": 7603722,
      "shard_reused": true
    },
    {
      "ordinal": 255,
      "source_coordinate": "h_spatial_v8_spinor31",
      "nonzero_terms": 113487,
      "raw_w_bianchi_residual_terms": 358212,
      "raw_w_candidate_residual_terms": 51816,
      "sha256": "e05844eb346e9610aeead1ae63391bf58c8e31ad1b7f65481c8dd1039c2e80d0",
      "shard_path": "results/adynkra_11d_gauge_fixed_invariant_supercurvature_operator_v4_col3_20260824.json.columns-v3/column_255.bin",
      "shard_sha256": "7ccd92a4bb37e7905eadbfb1903e47e6442ce7c00f4024ebf86bc310453e04f2",
      "shard_byte_count": 7603722,
      "shard_reused": true
    },
    {
      "ordinal": 256,
      "source_coordinate": "h_spatial_v9_spinor0",
      "nonzero_terms": 113487,
      "raw_w_bianchi_residual_terms": 358208,
      "raw_w_candidate_residual_terms": 51809,
      "sha256": "7acb0bfbc49d2b201c1da267f53edeacbc0be47ce9f49bc886a2285713127b72",
      "shard_path": "results/adynkra_11d_gauge_fixed_invariant_supercurvature_operator_v4_col3_20260824.json.columns-v3/column_256.bin",
      "shard_sha256": "3f1408f38176738befc641e53a1279ff5a327cbcc143df86d463d07c3ee081fb",
      "shard_byte_count": 7603721,
      "shard_reused": true
    },
    {
      "ordinal": 257,
      "source_coordinate": "h_spatial_v9_spinor1",
      "nonzero_terms": 113487,
      "raw_w_bianchi_residual_terms": 358208,
      "raw_w_candidate_residual_terms": 51809,
      "sha256": "572baeb123beb9e219b5cc7c96a463cd927dddf9f46a64ee9cdc44de49450749",
      "shard_path": "results/adynkra_11d_gauge_fixed_invariant_supercurvature_operator_v4_col3_20260824.json.columns-v3/column_257.bin",
      "shard_sha256": "5008c4fab7c63df757366a7861b212211489d751dcdbb73d6f0507dfebb9a27f",
      "shard_byte_count": 7603721,
      "shard_reused": true
    },
    {
      "ordinal": 258,
      "source_coordinate": "h_spatial_v9_spinor2",
      "nonzero_terms": 113487,
      "raw_w_bianchi_residual_terms": 358208,
      "raw_w_candidate_residual_terms": 51809,
      "sha256": "545d54bca9b4bd8c090f009ec71269dbbf9452bd5ae58d822d6708dd95527b1a",
      "shard_path": "results/adynkra_11d_gauge_fixed_invariant_supercurvature_operator_v4_col3_20260824.json.columns-v3/column_258.bin",
      "shard_sha256": "20bd0366b149ee68da57e8f471b901f05f16a70b0565867132d97f8f63fc2b25",
      "shard_byte_count": 7603721,
      "shard_reused": true
    },
    {
      "ordinal": 259,
      "source_coordinate": "h_spatial_v9_spinor3",
      "nonzero_terms": 113487,
      "raw_w_bianchi_residual_terms": 358208,
      "raw_w_candidate_residual_terms": 51809,
      "sha256": "dfb0470989b5a5b4b5fbc467f4e4a208d47de87c9cc50354e18a6315b98c3eef",
      "shard_path": "results/adynkra_11d_gauge_fixed_invariant_supercurvature_operator_v4_col3_20260824.json.columns-v3/column_259.bin",
      "shard_sha256": "cccb607d27ad9701de7fbd887859308e4ddf5730e216f1e8600beec92bc251e2",
      "shard_byte_count": 7603721,
      "shard_reused": true
    },
    {
      "ordinal": 260,
      "source_coordinate": "h_spatial_v9_spinor4",
      "nonzero_terms": 113487,
      "raw_w_bianchi_residual_terms": 358217,
      "raw_w_candidate_residual_terms": 51809,
      "sha256": "4b8f5a2d82e38c22af6b14c3244599da3b38138daa64adfb2f1e94f08fc49d54",
      "shard_path": "results/adynkra_11d_gauge_fixed_invariant_supercurvature_operator_v4_col3_20260824.json.columns-v3/column_260.bin",
      "shard_sha256": "db6728aa0ba67bf537a274f7a1d184844f8098e8de6b7f4ddb6bfed3e6887f20",
      "shard_byte_count": 7603721,
      "shard_reused": true
    },
    {
      "ordinal": 261,
      "source_coordinate": "h_spatial_v9_spinor5",
      "nonzero_terms": 113487,
      "raw_w_bianchi_residual_terms": 358207,
      "raw_w_candidate_residual_terms": 51809,
      "sha256": "bf99652edd4e2cc42df6b033c33203cf0cda1360a1b8d876656f782f5f8d3ebe",
      "shard_path": "results/adynkra_11d_gauge_fixed_invariant_supercurvature_operator_v4_col3_20260824.json.columns-v3/column_261.bin",
      "shard_sha256": "cef919871a1aa9fa0ad49d32df9ef597ce3e20cd815b2b63b6141c664a25ecff",
      "shard_byte_count": 7603721,
      "shard_reused": true
    },
    {
      "ordinal": 262,
      "source_coordinate": "h_spatial_v9_spinor6",
      "nonzero_terms": 113487,
      "raw_w_bianchi_residual_terms": 358207,
      "raw_w_candidate_residual_terms": 51809,
      "sha256": "96fd30b020ae4d8f6f588acba32633425aaedd2beed6698d28ea89bf906155aa",
      "shard_path": "results/adynkra_11d_gauge_fixed_invariant_supercurvature_operator_v4_col3_20260824.json.columns-v3/column_262.bin",
      "shard_sha256": "10e98a4526f466a9298ea69fedb9f774ab9fe325b78a2cd84470b47fc451d627",
      "shard_byte_count": 7603721,
      "shard_reused": true
    },
    {
      "ordinal": 263,
      "source_coordinate": "h_spatial_v9_spinor7",
      "nonzero_terms": 113487,
      "raw_w_bianchi_residual_terms": 358217,
      "raw_w_candidate_residual_terms": 51809,
      "sha256": "3e7d23561ebfc73baecc15f75f61ad62fb3ea07db8ceaab9f1b00dc1890b32f2",
      "shard_path": "results/adynkra_11d_gauge_fixed_invariant_supercurvature_operator_v4_col3_20260824.json.columns-v3/column_263.bin",
      "shard_sha256": "52cadc2e3f7cd12dbb10f68ab2f0f3985e166d88f6427df4ac5b2fb0ef727adc",
      "shard_byte_count": 7603721,
      "shard_reused": true
    },
    {
      "ordinal": 264,
      "source_coordinate": "h_spatial_v9_spinor8",
      "nonzero_terms": 113487,
      "raw_w_bianchi_residual_terms": 358212,
      "raw_w_candidate_residual_terms": 51809,
      "sha256": "de6f0c4fb4ddf44798893c9c8763488239dc9814b522691d8515d159d0d8b778",
      "shard_path": "results/adynkra_11d_gauge_fixed_invariant_supercurvature_operator_v4_col3_20260824.json.columns-v3/column_264.bin",
      "shard_sha256": "ece8abd1e9e2cde01e0c45dd649bf14871d6dadc147b59d2c41e6d6492e35b05",
      "shard_byte_count": 7603721,
      "shard_reused": true
    },
    {
      "ordinal": 265,
      "source_coordinate": "h_spatial_v9_spinor9",
      "nonzero_terms": 113487,
      "raw_w_bianchi_residual_terms": 358216,
      "raw_w_candidate_residual_terms": 51809,
      "sha256": "30ea363c62e087b449e4720ceae1b1c762d9fa2fe5f627f9d1f7d631a4eddb72",
      "shard_path": "results/adynkra_11d_gauge_fixed_invariant_supercurvature_operator_v4_col3_20260824.json.columns-v3/column_265.bin",
      "shard_sha256": "77cc2825639927701732aa1750aaf939e590fba73114be33a628a57f10b4e64b",
      "shard_byte_count": 7603721,
      "shard_reused": true
    },
    {
      "ordinal": 266,
      "source_coordinate": "h_spatial_v9_spinor10",
      "nonzero_terms": 113487,
      "raw_w_bianchi_residual_terms": 358216,
      "raw_w_candidate_residual_terms": 51809,
      "sha256": "a4cea6ed449079acd527ddf383a3441ab08f1f09d38de00c5b1a95ba3c410495",
      "shard_path": "results/adynkra_11d_gauge_fixed_invariant_supercurvature_operator_v4_col3_20260824.json.columns-v3/column_266.bin",
      "shard_sha256": "f062d2c3f38bf524c13f1baa20eead874ee9502cb086e21d15e5a3d3ad4dc7f2",
      "shard_byte_count": 7603722,
      "shard_reused": true
    },
    {
      "ordinal": 267,
      "source_coordinate": "h_spatial_v9_spinor11",
      "nonzero_terms": 113487,
      "raw_w_bianchi_residual_terms": 358212,
      "raw_w_candidate_residual_terms": 51809,
      "sha256": "ca29036ca122255b56e10b84210da6d6bcc22ae59b72e14630fa0d7815518a59",
      "shard_path": "results/adynkra_11d_gauge_fixed_invariant_supercurvature_operator_v4_col3_20260824.json.columns-v3/column_267.bin",
      "shard_sha256": "b8ff412eef391a1bab97b8d13565fb753a9ce236849234a32e37c9d36ec2ccc2",
      "shard_byte_count": 7603722,
      "shard_reused": true
    },
    {
      "ordinal": 268,
      "source_coordinate": "h_spatial_v9_spinor12",
      "nonzero_terms": 113487,
      "raw_w_bianchi_residual_terms": 358199,
      "raw_w_candidate_residual_terms": 51809,
      "sha256": "96fa8bdca3904e953b3685fa15bb98d343c0fc375e588d2c3c2ab1c0a0a1b38f",
      "shard_path": "results/adynkra_11d_gauge_fixed_invariant_supercurvature_operator_v4_col3_20260824.json.columns-v3/column_268.bin",
      "shard_sha256": "0ccd79b9447b7d96ef1ee68ca38abc7e9c4061a6f66869c957bfea1c62051a84",
      "shard_byte_count": 7603722,
      "shard_reused": true
    },
    {
      "ordinal": 269,
      "source_coordinate": "h_spatial_v9_spinor13",
      "nonzero_terms": 113487,
      "raw_w_bianchi_residual_terms": 358213,
      "raw_w_candidate_residual_terms": 51809,
      "sha256": "7977aa9d03e30db2bc196344e14d329527b52fd01b5259a747f8080e2c527118",
      "shard_path": "results/adynkra_11d_gauge_fixed_invariant_supercurvature_operator_v4_col3_20260824.json.columns-v3/column_269.bin",
      "shard_sha256": "fd661ade1609e4b69a09b270781bd517a4ae120b2ab33b51a859900492880b8e",
      "shard_byte_count": 7603722,
      "shard_reused": true
    },
    {
      "ordinal": 270,
      "source_coordinate": "h_spatial_v9_spinor14",
      "nonzero_terms": 113487,
      "raw_w_bianchi_residual_terms": 358213,
      "raw_w_candidate_residual_terms": 51809,
      "sha256": "9b066ea7e6ca82d2303ab7b148e3dfc0b9726941dcca1909ed15cf9552966857",
      "shard_path": "results/adynkra_11d_gauge_fixed_invariant_supercurvature_operator_v4_col3_20260824.json.columns-v3/column_270.bin",
      "shard_sha256": "d67f4e23d5629c3f5630c3ae094af5173974c9f1ca5815230ba99b20d18c36df",
      "shard_byte_count": 7603722,
      "shard_reused": true
    },
    {
      "ordinal": 271,
      "source_coordinate": "h_spatial_v9_spinor15",
      "nonzero_terms": 113487,
      "raw_w_bianchi_residual_terms": 358199,
      "raw_w_candidate_residual_terms": 51809,
      "sha256": "f40053b64417d3ba301fd401bb9037ff056d545fb0bd3a46390bbf579656f593",
      "shard_path": "results/adynkra_11d_gauge_fixed_invariant_supercurvature_operator_v4_col3_20260824.json.columns-v3/column_271.bin",
      "shard_sha256": "7844cf12766d71c5c8602c34557dfea1e3de7563aa92463f92d01fac1a129c31",
      "shard_byte_count": 7603722,
      "shard_reused": true
    },
    {
      "ordinal": 272,
      "source_coordinate": "h_spatial_v9_spinor16",
      "nonzero_terms": 113487,
      "raw_w_bianchi_residual_terms": 358208,
      "raw_w_candidate_residual_terms": 51809,
      "sha256": "b946a1dbd6b36dc9179983d06fba7d83551b8d24520068a786eecba7a5182293",
      "shard_path": "results/adynkra_11d_gauge_fixed_invariant_supercurvature_operator_v4_col3_20260824.json.columns-v3/column_272.bin",
      "shard_sha256": "f4c281059da60a216dcc65b6b403d6678cabe15c62721c565cf8911507ef852e",
      "shard_byte_count": 7603722,
      "shard_reused": true
    },
    {
      "ordinal": 273,
      "source_coordinate": "h_spatial_v9_spinor17",
      "nonzero_terms": 113487,
      "raw_w_bianchi_residual_terms": 358208,
      "raw_w_candidate_residual_terms": 51809,
      "sha256": "4fba5d3346af3fb1b11160d683a93c9c5f6f28472c84a598fbb164998bb26005",
      "shard_path": "results/adynkra_11d_gauge_fixed_invariant_supercurvature_operator_v4_col3_20260824.json.columns-v3/column_273.bin",
      "shard_sha256": "5467b5d702d59d27bb07ba64cd5b051983b44fa74cb3190384912b4d9de34f7c",
      "shard_byte_count": 7603722,
      "shard_reused": true
    },
    {
      "ordinal": 274,
      "source_coordinate": "h_spatial_v9_spinor18",
      "nonzero_terms": 113487,
      "raw_w_bianchi_residual_terms": 358208,
      "raw_w_candidate_residual_terms": 51809,
      "sha256": "5440d796f6d2c119efaa22f941734b3e1cbbf061b9eb6cb5959d1c364696dc59",
      "shard_path": "results/adynkra_11d_gauge_fixed_invariant_supercurvature_operator_v4_col3_20260824.json.columns-v3/column_274.bin",
      "shard_sha256": "6086b55450e55f747dd0078718341cf5cfc9b0d4c3f99909f8d41f35ea0b306d",
      "shard_byte_count": 7603722,
      "shard_reused": true
    },
    {
      "ordinal": 275,
      "source_coordinate": "h_spatial_v9_spinor19",
      "nonzero_terms": 113487,
      "raw_w_bianchi_residual_terms": 358208,
      "raw_w_candidate_residual_terms": 51809,
      "sha256": "18297e41d00f51bced235cd2fda4175b395481a0cddef4d81ba04395a96aeb7f",
      "shard_path": "results/adynkra_11d_gauge_fixed_invariant_supercurvature_operator_v4_col3_20260824.json.columns-v3/column_275.bin",
      "shard_sha256": "fd1d937f255ee53c4b28b98521f7bb6cd2b40728cc9085a53ac069e6d75b5ab2",
      "shard_byte_count": 7603722,
      "shard_reused": true
    },
    {
      "ordinal": 276,
      "source_coordinate": "h_spatial_v9_spinor20",
      "nonzero_terms": 113487,
      "raw_w_bianchi_residual_terms": 358207,
      "raw_w_candidate_residual_terms": 51809,
      "sha256": "aa23b83e7eb01419c01acd141deba8c2a92ecd37cb0a7f525276753aa398810f",
      "shard_path": "results/adynkra_11d_gauge_fixed_invariant_supercurvature_operator_v4_col3_20260824.json.columns-v3/column_276.bin",
      "shard_sha256": "8e3088fb1701483f6f5360aab3d5192a0b6c608401003e2ff2160efc05f598cc",
      "shard_byte_count": 7603722,
      "shard_reused": true
    },
    {
      "ordinal": 277,
      "source_coordinate": "h_spatial_v9_spinor21",
      "nonzero_terms": 113487,
      "raw_w_bianchi_residual_terms": 358217,
      "raw_w_candidate_residual_terms": 51809,
      "sha256": "5f15bd221c7f4e589a647208a79aefce8d1ffad475fb64ec2b5983fd94b4748e",
      "shard_path": "results/adynkra_11d_gauge_fixed_invariant_supercurvature_operator_v4_col3_20260824.json.columns-v3/column_277.bin",
      "shard_sha256": "77fbab776abb044ceef937f708d0e062d8f855fae6db43b8ee5c9a9cae5da90f",
      "shard_byte_count": 7603722,
      "shard_reused": true
    },
    {
      "ordinal": 278,
      "source_coordinate": "h_spatial_v9_spinor22",
      "nonzero_terms": 113487,
      "raw_w_bianchi_residual_terms": 358217,
      "raw_w_candidate_residual_terms": 51809,
      "sha256": "29676ea0b2f958bc8809a97507b9e39190b6c8891593eafd2f4419735ef4594b",
      "shard_path": "results/adynkra_11d_gauge_fixed_invariant_supercurvature_operator_v4_col3_20260824.json.columns-v3/column_278.bin",
      "shard_sha256": "c80a8b4428b75903b348556007835f8db51a5a766036a23105000f83ea7c25b8",
      "shard_byte_count": 7603722,
      "shard_reused": true
    },
    {
      "ordinal": 279,
      "source_coordinate": "h_spatial_v9_spinor23",
      "nonzero_terms": 113487,
      "raw_w_bianchi_residual_terms": 358207,
      "raw_w_candidate_residual_terms": 51809,
      "sha256": "3b7f6cbf28387df76989e773c6db2772c1ba2e79b608e15dcb99519dfad1498b",
      "shard_path": "results/adynkra_11d_gauge_fixed_invariant_supercurvature_operator_v4_col3_20260824.json.columns-v3/column_279.bin",
      "shard_sha256": "c57337951353b206dc7cbfdc49561850d75acd7d3aad759f7432a400c93a5802",
      "shard_byte_count": 7603722,
      "shard_reused": true
    },
    {
      "ordinal": 280,
      "source_coordinate": "h_spatial_v9_spinor24",
      "nonzero_terms": 113487,
      "raw_w_bianchi_residual_terms": 358216,
      "raw_w_candidate_residual_terms": 51809,
      "sha256": "a49b96c07ff4f9d8bf70506ba37c1487af438a50e044486abb63bed4d78050d8",
      "shard_path": "results/adynkra_11d_gauge_fixed_invariant_supercurvature_operator_v4_col3_20260824.json.columns-v3/column_280.bin",
      "shard_sha256": "5bb1e73258f5231f3554c837417c8ae0abd75cc47b9e5c1ec82866cb532da9ae",
      "shard_byte_count": 7603722,
      "shard_reused": true
    },
    {
      "ordinal": 281,
      "source_coordinate": "h_spatial_v9_spinor25",
      "nonzero_terms": 113487,
      "raw_w_bianchi_residual_terms": 358212,
      "raw_w_candidate_residual_terms": 51809,
      "sha256": "285f6c5a79b39c29da5d89b82c96e4e5e12c677de1d6ba4857961c91abb26238",
      "shard_path": "results/adynkra_11d_gauge_fixed_invariant_supercurvature_operator_v4_col3_20260824.json.columns-v3/column_281.bin",
      "shard_sha256": "4c22315cb74cbfe0cd1c379b792fe326a5d394f9d5a0a526c219c0082ad13907",
      "shard_byte_count": 7603722,
      "shard_reused": true
    },
    {
      "ordinal": 282,
      "source_coordinate": "h_spatial_v9_spinor26",
      "nonzero_terms": 113487,
      "raw_w_bianchi_residual_terms": 358212,
      "raw_w_candidate_residual_terms": 51809,
      "sha256": "f1a4044e3cc436a263c18a9faeec1037f58cfd11c30d2164f56c71c0377d5479",
      "shard_path": "results/adynkra_11d_gauge_fixed_invariant_supercurvature_operator_v4_col3_20260824.json.columns-v3/column_282.bin",
      "shard_sha256": "639ccd62c03a45c9ca8be37ce2a4113018b9ca0c8f2f3f9823f43e1658165cdf",
      "shard_byte_count": 7603722,
      "shard_reused": true
    },
    {
      "ordinal": 283,
      "source_coordinate": "h_spatial_v9_spinor27",
      "nonzero_terms": 113487,
      "raw_w_bianchi_residual_terms": 358216,
      "raw_w_candidate_residual_terms": 51809,
      "sha256": "2def9a10491dac332038da1bf2b954679e61ca8d364d5fdad6262191e4bc703f",
      "shard_path": "results/adynkra_11d_gauge_fixed_invariant_supercurvature_operator_v4_col3_20260824.json.columns-v3/column_283.bin",
      "shard_sha256": "f2d94a4f05bbf35dd5d28aaa891232d6e396673c5743d33584e1060f09049b8b",
      "shard_byte_count": 7603722,
      "shard_reused": true
    },
    {
      "ordinal": 284,
      "source_coordinate": "h_spatial_v9_spinor28",
      "nonzero_terms": 113487,
      "raw_w_bianchi_residual_terms": 358213,
      "raw_w_candidate_residual_terms": 51809,
      "sha256": "e4459f5b20723e8749381a60ffa360e77064cff29563779d1b19eb1d82862e65",
      "shard_path": "results/adynkra_11d_gauge_fixed_invariant_supercurvature_operator_v4_col3_20260824.json.columns-v3/column_284.bin",
      "shard_sha256": "6419c6ce1697e74d38b385157a15704e9cde10a4e2fa52e42022100488adadc8",
      "shard_byte_count": 7603722,
      "shard_reused": true
    },
    {
      "ordinal": 285,
      "source_coordinate": "h_spatial_v9_spinor29",
      "nonzero_terms": 113487,
      "raw_w_bianchi_residual_terms": 358199,
      "raw_w_candidate_residual_terms": 51809,
      "sha256": "0c4aebf43730ec5845b2d55ad249d8e8e2888d47929688847ed19854b2ad8eb0",
      "shard_path": "results/adynkra_11d_gauge_fixed_invariant_supercurvature_operator_v4_col3_20260824.json.columns-v3/column_285.bin",
      "shard_sha256": "96fbc38346e2f743c7e7c5526d00720ead130895881b240ad4ddc92d80753df7",
      "shard_byte_count": 7603722,
      "shard_reused": true
    },
    {
      "ordinal": 286,
      "source_coordinate": "h_spatial_v9_spinor30",
      "nonzero_terms": 113487,
      "raw_w_bianchi_residual_terms": 358199,
      "raw_w_candidate_residual_terms": 51809,
      "sha256": "8ebc49972a206802c42edff787fc02089e8d3d5ea67517642ab3449a4e49ad40",
      "shard_path": "results/adynkra_11d_gauge_fixed_invariant_supercurvature_operator_v4_col3_20260824.json.columns-v3/column_286.bin",
      "shard_sha256": "34888f5fdd3b41f33f4a66615bd305ab1908f60a4cdfcd2539044e53766deb5e",
      "shard_byte_count": 7603722,
      "shard_reused": true
    },
    {
      "ordinal": 287,
      "source_coordinate": "h_spatial_v9_spinor31",
      "nonzero_terms": 113487,
      "raw_w_bianchi_residual_terms": 358213,
      "raw_w_candidate_residual_terms": 51809,
      "sha256": "ea5cd879cfb18d9f28469060db8aea8053414d72da4ddfc35f1b7d82dba13a48",
      "shard_path": "results/adynkra_11d_gauge_fixed_invariant_supercurvature_operator_v4_col3_20260824.json.columns-v3/column_287.bin",
      "shard_sha256": "128737642b539acd43d5e1bc0a04b372aaa4741fd564160583c1df050706cbde",
      "shard_byte_count": 7603722,
      "shard_reused": true
    },
    {
      "ordinal": 288,
      "source_coordinate": "h_spatial_v10_spinor0",
      "nonzero_terms": 108818,
      "raw_w_bianchi_residual_terms": 326545,
      "raw_w_candidate_residual_terms": 47291,
      "sha256": "13329eb5a0bb2ccd67328d2aab0709211ba49e9b5740124424e1bf6664f2cfbb",
      "shard_path": "results/adynkra_11d_gauge_fixed_invariant_supercurvature_operator_v4_col3_20260824.json.columns-v3/column_288.bin",
      "shard_sha256": "b92975afe28addde3b2a9eb4c2cee16dcc3514088cdff2a6a5bdf654be2ccd18",
      "shard_byte_count": 7290899,
      "shard_reused": true
    },
    {
      "ordinal": 289,
      "source_coordinate": "h_spatial_v10_spinor1",
      "nonzero_terms": 108818,
      "raw_w_bianchi_residual_terms": 326541,
      "raw_w_candidate_residual_terms": 47291,
      "sha256": "52533b7f2deafeb0b30b7c42f3c37312d4aa67582107c7c0dbb9a320e309c0dc",
      "shard_path": "results/adynkra_11d_gauge_fixed_invariant_supercurvature_operator_v4_col3_20260824.json.columns-v3/column_289.bin",
      "shard_sha256": "df97f57caaa470ef6556541ab6bb160fae952f157bab5dba5f765683ec0d26c0",
      "shard_byte_count": 7290899,
      "shard_reused": true
    },
    {
      "ordinal": 290,
      "source_coordinate": "h_spatial_v10_spinor2",
      "nonzero_terms": 108818,
      "raw_w_bianchi_residual_terms": 326539,
      "raw_w_candidate_residual_terms": 47291,
      "sha256": "1c5801284f6a0701e3e649d448db62c574e507ebf416d37612c412d893272c13",
      "shard_path": "results/adynkra_11d_gauge_fixed_invariant_supercurvature_operator_v4_col3_20260824.json.columns-v3/column_290.bin",
      "shard_sha256": "91ab7ecc608607fc394e744c87d7ec5c693e97b8c8dd5cae46e3f99811e2119d",
      "shard_byte_count": 7290899,
      "shard_reused": true
    },
    {
      "ordinal": 291,
      "source_coordinate": "h_spatial_v10_spinor3",
      "nonzero_terms": 108818,
      "raw_w_bianchi_residual_terms": 326533,
      "raw_w_candidate_residual_terms": 47291,
      "sha256": "9e3a029de4f4abc3c61b421184f05dd20e15e410fd58ddaad29d531734a1b2c0",
      "shard_path": "results/adynkra_11d_gauge_fixed_invariant_supercurvature_operator_v4_col3_20260824.json.columns-v3/column_291.bin",
      "shard_sha256": "b2f764f64ccc86608a5d65eac650da3970f28025edd1ac6d2be3140d5af8d969",
      "shard_byte_count": 7290899,
      "shard_reused": true
    },
    {
      "ordinal": 292,
      "source_coordinate": "h_spatial_v10_spinor4",
      "nonzero_terms": 108818,
      "raw_w_bianchi_residual_terms": 326551,
      "raw_w_candidate_residual_terms": 47291,
      "sha256": "6d1ac51e20e68eefe032e37660d076be99a6daaafa5744326016f95521e72e4f",
      "shard_path": "results/adynkra_11d_gauge_fixed_invariant_supercurvature_operator_v4_col3_20260824.json.columns-v3/column_292.bin",
      "shard_sha256": "6c246c445966523fa2428366bd37aafe15c23f28a6b240755848100bd84e9ff3",
      "shard_byte_count": 7290899,
      "shard_reused": true
    },
    {
      "ordinal": 293,
      "source_coordinate": "h_spatial_v10_spinor5",
      "nonzero_terms": 108818,
      "raw_w_bianchi_residual_terms": 326549,
      "raw_w_candidate_residual_terms": 47291,
      "sha256": "8e03909090306d31b980d94667cbc3c35fbec559afea74f2c1e00ea2fe721539",
      "shard_path": "results/adynkra_11d_gauge_fixed_invariant_supercurvature_operator_v4_col3_20260824.json.columns-v3/column_293.bin",
      "shard_sha256": "d821e3066f6b20b113e8a3cbdc487a342b4b7a483ac6529af46e200dd9dfe0af",
      "shard_byte_count": 7290899,
      "shard_reused": true
    },
    {
      "ordinal": 294,
      "source_coordinate": "h_spatial_v10_spinor6",
      "nonzero_terms": 108818,
      "raw_w_bianchi_residual_terms": 326527,
      "raw_w_candidate_residual_terms": 47291,
      "sha256": "d23ddfeac22b0221b416360719fd270cf094864d33cc86e78c08ca199fd30945",
      "shard_path": "results/adynkra_11d_gauge_fixed_invariant_supercurvature_operator_v4_col3_20260824.json.columns-v3/column_294.bin",
      "shard_sha256": "1e17b42417c8ed6cd07548b408344411bc187509c9d67d7ea2cd758316a77913",
      "shard_byte_count": 7290899,
      "shard_reused": true
    },
    {
      "ordinal": 295,
      "source_coordinate": "h_spatial_v10_spinor7",
      "nonzero_terms": 108818,
      "raw_w_bianchi_residual_terms": 326547,
      "raw_w_candidate_residual_terms": 47291,
      "sha256": "8bc27af59fbc4ca248b8f79e531e7e2c4fdfb912f80c27a3753ed3bd34ffd5f8",
      "shard_path": "results/adynkra_11d_gauge_fixed_invariant_supercurvature_operator_v4_col3_20260824.json.columns-v3/column_295.bin",
      "shard_sha256": "37100ddb48ee07848e64105ef99ebf6f4ebdb292d7e6975ceb1694f3218c0627",
      "shard_byte_count": 7290899,
      "shard_reused": true
    },
    {
      "ordinal": 296,
      "source_coordinate": "h_spatial_v10_spinor8",
      "nonzero_terms": 108818,
      "raw_w_bianchi_residual_terms": 326542,
      "raw_w_candidate_residual_terms": 47291,
      "sha256": "515c7a3d680e5547badca8e4a4ff80494ac74d1ba0bab27ba927a60562f30172",
      "shard_path": "results/adynkra_11d_gauge_fixed_invariant_supercurvature_operator_v4_col3_20260824.json.columns-v3/column_296.bin",
      "shard_sha256": "e125ba9fb86b27143e0415e72914e80471fe0f1b7447f38244e52bafcb55c4ed",
      "shard_byte_count": 7290899,
      "shard_reused": true
    },
    {
      "ordinal": 297,
      "source_coordinate": "h_spatial_v10_spinor9",
      "nonzero_terms": 108818,
      "raw_w_bianchi_residual_terms": 326552,
      "raw_w_candidate_residual_terms": 47291,
      "sha256": "8af5620727e9553095f259649776a98a6fd5a4c9ea654875ae32b775213b271f",
      "shard_path": "results/adynkra_11d_gauge_fixed_invariant_supercurvature_operator_v4_col3_20260824.json.columns-v3/column_297.bin",
      "shard_sha256": "32a42e9101116e324c2356b67b9c6e0e3f2de84785661a902951100d5487115a",
      "shard_byte_count": 7290899,
      "shard_reused": true
    },
    {
      "ordinal": 298,
      "source_coordinate": "h_spatial_v10_spinor10",
      "nonzero_terms": 108818,
      "raw_w_bianchi_residual_terms": 326542,
      "raw_w_candidate_residual_terms": 47291,
      "sha256": "3da80f0579eff449a03ef13b97ef6e5959042550597381ae251a0a20d3ed4598",
      "shard_path": "results/adynkra_11d_gauge_fixed_invariant_supercurvature_operator_v4_col3_20260824.json.columns-v3/column_298.bin",
      "shard_sha256": "130c65216f2879ffb91e2c5c6418f74d373a34be1ae07c36e8cba63f8be27661",
      "shard_byte_count": 7290900,
      "shard_reused": true
    },
    {
      "ordinal": 299,
      "source_coordinate": "h_spatial_v10_spinor11",
      "nonzero_terms": 108818,
      "raw_w_bianchi_residual_terms": 326546,
      "raw_w_candidate_residual_terms": 47291,
      "sha256": "92a5aecd4c79e9a8583ef82696c92f4fdcf9fdfccd4649c81873e8445a88df4a",
      "shard_path": "results/adynkra_11d_gauge_fixed_invariant_supercurvature_operator_v4_col3_20260824.json.columns-v3/column_299.bin",
      "shard_sha256": "64ef42369f38b2077e6c847f96ed7257c43f544915c674fcc1991296d07de196",
      "shard_byte_count": 7290900,
      "shard_reused": true
    },
    {
      "ordinal": 300,
      "source_coordinate": "h_spatial_v10_spinor12",
      "nonzero_terms": 108818,
      "raw_w_bianchi_residual_terms": 326534,
      "raw_w_candidate_residual_terms": 47291,
      "sha256": "f09f37a3e2d9c65df4799fd455a104549add2841b864e8c7c809d16476e5171a",
      "shard_path": "results/adynkra_11d_gauge_fixed_invariant_supercurvature_operator_v4_col3_20260824.json.columns-v3/column_300.bin",
      "shard_sha256": "1b363de979add7ab2c6065ee6b048c44978c18aa7e584c39ffc6f837f2472663",
      "shard_byte_count": 7290900,
      "shard_reused": true
    },
    {
      "ordinal": 301,
      "source_coordinate": "h_spatial_v10_spinor13",
      "nonzero_terms": 108818,
      "raw_w_bianchi_residual_terms": 326546,
      "raw_w_candidate_residual_terms": 47291,
      "sha256": "7cc1ca946b0bb03bd8e3f731a1edfd4b9791f55535ea43aea33c249fa81e5f83",
      "shard_path": "results/adynkra_11d_gauge_fixed_invariant_supercurvature_operator_v4_col3_20260824.json.columns-v3/column_301.bin",
      "shard_sha256": "c3e4825c0326475b518ea9c2b5c8c483976be58c284765763b83c3f27b1ff227",
      "shard_byte_count": 7290900,
      "shard_reused": true
    },
    {
      "ordinal": 302,
      "source_coordinate": "h_spatial_v10_spinor14",
      "nonzero_terms": 108818,
      "raw_w_bianchi_residual_terms": 326544,
      "raw_w_candidate_residual_terms": 47291,
      "sha256": "b7aabd6a3b5bad40282300cbb221b1d8646b324ebfd7b8e0de27064403c29f24",
      "shard_path": "results/adynkra_11d_gauge_fixed_invariant_supercurvature_operator_v4_col3_20260824.json.columns-v3/column_302.bin",
      "shard_sha256": "5fde236520cf410866b7036f3c79c9ae9fd247f9950dc625211bd09284b50988",
      "shard_byte_count": 7290900,
      "shard_reused": true
    },
    {
      "ordinal": 303,
      "source_coordinate": "h_spatial_v10_spinor15",
      "nonzero_terms": 108818,
      "raw_w_bianchi_residual_terms": 326526,
      "raw_w_candidate_residual_terms": 47291,
      "sha256": "246d9ced4d3cff20725156552bf076450af2c617d15155d6ca634c1afcc5e491",
      "shard_path": "results/adynkra_11d_gauge_fixed_invariant_supercurvature_operator_v4_col3_20260824.json.columns-v3/column_303.bin",
      "shard_sha256": "a09cc0cc3be07731bedaa4c818dc73cc39651d99e9f3a290e4e09bb517d9f688",
      "shard_byte_count": 7290900,
      "shard_reused": true
    },
    {
      "ordinal": 304,
      "source_coordinate": "h_spatial_v10_spinor16",
      "nonzero_terms": 108818,
      "raw_w_bianchi_residual_terms": 326541,
      "raw_w_candidate_residual_terms": 47291,
      "sha256": "b227affd1e3ef962715c5d618b3c12541e5350b4842f3395f4002dfd9ec3b2fc",
      "shard_path": "results/adynkra_11d_gauge_fixed_invariant_supercurvature_operator_v4_col3_20260824.json.columns-v3/column_304.bin",
      "shard_sha256": "024aa5fe9dfde27710c865a03770523caf51a9a4acd38192c62a69900a38e7f0",
      "shard_byte_count": 7290900,
      "shard_reused": true
    },
    {
      "ordinal": 305,
      "source_coordinate": "h_spatial_v10_spinor17",
      "nonzero_terms": 108818,
      "raw_w_bianchi_residual_terms": 326545,
      "raw_w_candidate_residual_terms": 47291,
      "sha256": "b6aa2d1fc5a777baa4c2975d63ea72990e1b6df0966b7c81beef8c4f83e1120a",
      "shard_path": "results/adynkra_11d_gauge_fixed_invariant_supercurvature_operator_v4_col3_20260824.json.columns-v3/column_305.bin",
      "shard_sha256": "3a2e065c3499e16b834b0250b00260f2bcacf000523447059e750710e01920e1",
      "shard_byte_count": 7290900,
      "shard_reused": true
    },
    {
      "ordinal": 306,
      "source_coordinate": "h_spatial_v10_spinor18",
      "nonzero_terms": 108818,
      "raw_w_bianchi_residual_terms": 326533,
      "raw_w_candidate_residual_terms": 47291,
      "sha256": "cb463b1ec710db03d4a70412db9622d267ba0a9d7781ff6989bb6ba6e6568ab6",
      "shard_path": "results/adynkra_11d_gauge_fixed_invariant_supercurvature_operator_v4_col3_20260824.json.columns-v3/column_306.bin",
      "shard_sha256": "37f884cf67cbdf3388e34df4b2828fb0989b1eb69d9df33d2bcb307197ca2d14",
      "shard_byte_count": 7290900,
      "shard_reused": true
    },
    {
      "ordinal": 307,
      "source_coordinate": "h_spatial_v10_spinor19",
      "nonzero_terms": 108818,
      "raw_w_bianchi_residual_terms": 326539,
      "raw_w_candidate_residual_terms": 47291,
      "sha256": "58f6667406eb3bcf747e424216024832c15e2349df9428dc7fedf2e6b9c37cbe",
      "shard_path": "results/adynkra_11d_gauge_fixed_invariant_supercurvature_operator_v4_col3_20260824.json.columns-v3/column_307.bin",
      "shard_sha256": "d9ee87c0e30e5ab4d89ae32e65c73f2630f9392368183cf1fb9361e32c97264d",
      "shard_byte_count": 7290900,
      "shard_reused": true
    },
    {
      "ordinal": 308,
      "source_coordinate": "h_spatial_v10_spinor20",
      "nonzero_terms": 108818,
      "raw_w_bianchi_residual_terms": 326549,
      "raw_w_candidate_residual_terms": 47291,
      "sha256": "07d111adc49cf815624b2b6616e70df85053bf89a1a3581d67d08de328c74dc4",
      "shard_path": "results/adynkra_11d_gauge_fixed_invariant_supercurvature_operator_v4_col3_20260824.json.columns-v3/column_308.bin",
      "shard_sha256": "ccac91a2b4c3d74898790a1835f8029c0f0646b95c53298c2980b1e440bbff5f",
      "shard_byte_count": 7290900,
      "shard_reused": true
    },
    {
      "ordinal": 309,
      "source_coordinate": "h_spatial_v10_spinor21",
      "nonzero_terms": 108818,
      "raw_w_bianchi_residual_terms": 326551,
      "raw_w_candidate_residual_terms": 47291,
      "sha256": "ca5eeec4f026da36bf6cd5bca7d8c37187fbac87db673f8b30652b2efc717738",
      "shard_path": "results/adynkra_11d_gauge_fixed_invariant_supercurvature_operator_v4_col3_20260824.json.columns-v3/column_309.bin",
      "shard_sha256": "be0ff9b7901696a0ff3972c075971d65c131771172ee50454813288f5bbc7c2c",
      "shard_byte_count": 7290900,
      "shard_reused": true
    },
    {
      "ordinal": 310,
      "source_coordinate": "h_spatial_v10_spinor22",
      "nonzero_terms": 108818,
      "raw_w_bianchi_residual_terms": 326547,
      "raw_w_candidate_residual_terms": 47291,
      "sha256": "ecd69c116471a036cbabbb69f58cad61b317e0131392291ae29186457d33d030",
      "shard_path": "results/adynkra_11d_gauge_fixed_invariant_supercurvature_operator_v4_col3_20260824.json.columns-v3/column_310.bin",
      "shard_sha256": "13ffa229a862e8abadb878bd7dfc5126c447e8134c20b735e3c71c097a6ac055",
      "shard_byte_count": 7290900,
      "shard_reused": true
    },
    {
      "ordinal": 311,
      "source_coordinate": "h_spatial_v10_spinor23",
      "nonzero_terms": 108818,
      "raw_w_bianchi_residual_terms": 326527,
      "raw_w_candidate_residual_terms": 47291,
      "sha256": "b463b9f5c138b9600c20be6f3160bf1cf681191510d95169055d324c473269d3",
      "shard_path": "results/adynkra_11d_gauge_fixed_invariant_supercurvature_operator_v4_col3_20260824.json.columns-v3/column_311.bin",
      "shard_sha256": "c712255adaad9e4dc9f8a51efd2875889b22750e93215733a2aeddf0bf287063",
      "shard_byte_count": 7290900,
      "shard_reused": true
    },
    {
      "ordinal": 312,
      "source_coordinate": "h_spatial_v10_spinor24",
      "nonzero_terms": 108818,
      "raw_w_bianchi_residual_terms": 326552,
      "raw_w_candidate_residual_terms": 47291,
      "sha256": "e229114ef856389dea3d9dd68c6be7c2e1f0e94db1c181061866178e74fcb375",
      "shard_path": "results/adynkra_11d_gauge_fixed_invariant_supercurvature_operator_v4_col3_20260824.json.columns-v3/column_312.bin",
      "shard_sha256": "c1c48dd91d2460acee95f985ba4b7eeee83bfad6cd145d0175a62e944982eda9",
      "shard_byte_count": 7290900,
      "shard_reused": true
    },
    {
      "ordinal": 313,
      "source_coordinate": "h_spatial_v10_spinor25",
      "nonzero_terms": 108818,
      "raw_w_bianchi_residual_terms": 326542,
      "raw_w_candidate_residual_terms": 47291,
      "sha256": "f90d766677a4571e696686e1fa4e1e8e31daa598c53744403e40d3e401a8ee27",
      "shard_path": "results/adynkra_11d_gauge_fixed_invariant_supercurvature_operator_v4_col3_20260824.json.columns-v3/column_313.bin",
      "shard_sha256": "fe7d2dcdb3269fe28562aaa287ecfaf67b17b15b17018a23dd4bebfcf5c19366",
      "shard_byte_count": 7290900,
      "shard_reused": true
    },
    {
      "ordinal": 314,
      "source_coordinate": "h_spatial_v10_spinor26",
      "nonzero_terms": 108818,
      "raw_w_bianchi_residual_terms": 326546,
      "raw_w_candidate_residual_terms": 47291,
      "sha256": "29cd6d067429c586e93e3b0aaa718f4f4e8f8b22e737f008d1b534f7697a8f7a",
      "shard_path": "results/adynkra_11d_gauge_fixed_invariant_supercurvature_operator_v4_col3_20260824.json.columns-v3/column_314.bin",
      "shard_sha256": "5017ca4d93d11de39ae40b5b638856557d75ad74ad9d539611ba716da537ac00",
      "shard_byte_count": 7290900,
      "shard_reused": true
    },
    {
      "ordinal": 315,
      "source_coordinate": "h_spatial_v10_spinor27",
      "nonzero_terms": 108818,
      "raw_w_bianchi_residual_terms": 326542,
      "raw_w_candidate_residual_terms": 47291,
      "sha256": "ab1d11373abc537abaac5c2696683e04ced93d3e5e092b8206025cad162357b4",
      "shard_path": "results/adynkra_11d_gauge_fixed_invariant_supercurvature_operator_v4_col3_20260824.json.columns-v3/column_315.bin",
      "shard_sha256": "77f0076aed95a9f1e90fd776f0a349d3f5b166256370a81de0707bb68e6ad07a",
      "shard_byte_count": 7290900,
      "shard_reused": true
    },
    {
      "ordinal": 316,
      "source_coordinate": "h_spatial_v10_spinor28",
      "nonzero_terms": 108818,
      "raw_w_bianchi_residual_terms": 326546,
      "raw_w_candidate_residual_terms": 47291,
      "sha256": "31f135d8223da2341f25d9020383977aa833ce1fb08a46068ff75db5ce1914d5",
      "shard_path": "results/adynkra_11d_gauge_fixed_invariant_supercurvature_operator_v4_col3_20260824.json.columns-v3/column_316.bin",
      "shard_sha256": "c6ba382fbdfe9de000973af4ce3bfdefdc60591d3699777785dc3d0ec0c97415",
      "shard_byte_count": 7290900,
      "shard_reused": true
    },
    {
      "ordinal": 317,
      "source_coordinate": "h_spatial_v10_spinor29",
      "nonzero_terms": 108818,
      "raw_w_bianchi_residual_terms": 326534,
      "raw_w_candidate_residual_terms": 47291,
      "sha256": "c35e6a9291de37c037fcee837f5aeafb8f10e6a80ba367f40639b20cd7a5d6b1",
      "shard_path": "results/adynkra_11d_gauge_fixed_invariant_supercurvature_operator_v4_col3_20260824.json.columns-v3/column_317.bin",
      "shard_sha256": "679b3ac29f19437eb3cdc0b57f950992c41da29049cd62913953987a92ecff2e",
      "shard_byte_count": 7290900,
      "shard_reused": true
    },
    {
      "ordinal": 318,
      "source_coordinate": "h_spatial_v10_spinor30",
      "nonzero_terms": 108818,
      "raw_w_bianchi_residual_terms": 326526,
      "raw_w_candidate_residual_terms": 47291,
      "sha256": "ca0eb458fc3a14ecf4d8b65c2bb35c3389f78a43250901557881354bc943467f",
      "shard_path": "results/adynkra_11d_gauge_fixed_invariant_supercurvature_operator_v4_col3_20260824.json.columns-v3/column_318.bin",
      "shard_sha256": "59fa89f15d20773d1b405b725fe83b6918fd549bcfaea6890b2edd3e6e4838eb",
      "shard_byte_count": 7290900,
      "shard_reused": true
    },
    {
      "ordinal": 319,
      "source_coordinate": "h_spatial_v10_spinor31",
      "nonzero_terms": 108818,
      "raw_w_bianchi_residual_terms": 326544,
      "raw_w_candidate_residual_terms": 47291,
      "sha256": "aef0ef399f133c8a417cdea2946373b06820b6ec55131d1d99f3f0cfe9faf6e9",
      "shard_path": "results/adynkra_11d_gauge_fixed_invariant_supercurvature_operator_v4_col3_20260824.json.columns-v3/column_319.bin",
      "shard_sha256": "3c543c9d087627730ab8c8dff0d39f10bab939f8d7a956f658b6fade95873edf",
      "shard_byte_count": 7290900,
      "shard_reused": true
    },
    {
      "ordinal": 320,
      "source_coordinate": "scale",
      "nonzero_terms": 9932,
      "raw_w_bianchi_residual_terms": 36960,
      "raw_w_candidate_residual_terms": 5280,
      "sha256": "edb2843183a0a393bfc5b14c45a74f865c6e3f3b4962bc754292cbd8cc7b4a71",
      "shard_path": "results/adynkra_11d_gauge_fixed_invariant_supercurvature_operator_v4_col3_20260824.json.columns-v3/column_320.bin",
      "shard_sha256": "7367fb64f97a2b5d0c41a1977923a76c60e8bbd4a5ee3e6f0b0151b35110ae6b",
      "shard_byte_count": 665521,
      "shard_reused": true
    }
  ],
  "total_nonzero_terms": 35611900,
  "operator_sha256": "1f6d7148fa03c33f4fb7d35b278de1815a112c78d48ce2db8747d53518de8e71",
  "direct_riemann_integrated": true,
  "direct_gravitino_curl_integrated": true,
  "direct_candidate_four_form_integrated": true,
  "raw_w2021_two_d_terms_are_not_gravity": true,
  "physical_target_component_adapter_complete": false,
  "exact_polynomial_kernel_derived": false
}
