{
  "n": 512,
  "labels": {
    "0-255": "catalog 75 = E16/E8xE8",
    "256-511": "catalog 76 = D16"
  },
  "offdiag": {
    "min": -0.013541666666666667,
    "max": 0.7265625,
    "distinct_rounded_12": 336
  },
  "blocks": {
    "E16_E16": {
      "min": 0.04375,
      "max": 0.525,
      "mean": 0.17647058823529413
    },
    "D16_D16": {
      "min": 0.1,
      "max": 0.7265625,
      "mean": 0.19111111111111112
    },
    "E16_D16": {
      "min": -0.013541666666666667,
      "max": 0.046614583333333334,
      "mean": 0.009505208333333334
    }
  },
  "strong_edge_threshold_99_5pct": 0.5338541666666666,
  "strong_edges_drawn": 700
}